{
  "coordinate_units": "metres",
  "crs": {
    "properties": {
      "name": "urn:ogc:def:crs:EPSG::32652"
    },
    "type": "name"
  },
  "demand_provenance": "synthetic demand on real topology",
  "features": [
    {
      "geometry": {
        "coordinates": [
          [
            325366.56,
            4152033.21
          ],
          [
            325430.07,
            4152055.17
          ]
        ],
        "type": "LineString"
      },
      "properties": {
        "adaptive_flow": 0.0,
        "adaptive_speed": 13.890000000000002,
        "baseline_flow": 0.0,
        "baseline_speed": 13.890000000000002,
        "bottleneck_score": 0.0,
        "delta_flow": 0.0,
        "edge_id": "-1011529829#0",
        "phantom_risk": 0.0,
        "recommendation_load": 0.0,
        "safety_risk": 0.0
      },
      "type": "Feature"
    },
    {
      "geometry": {
        "coordinates": [
          [
            325283.8,
            4152006.9
          ],
          [
            325286.76,
            4152007.12
          ],
          [
            325297.68,
            4152010.67
          ],
          [
            325357.67,
            4152030.22
          ]
        ],
        "type": "LineString"
      },
      "properties": {
        "adaptive_flow": 0.0,
        "adaptive_speed": 13.890000000000002,
        "baseline_flow": 0.0,
        "baseline_speed": 13.890000000000002,
        "bottleneck_score": 0.0,
        "delta_flow": 0.0,
        "edge_id": "-1011529829#3",
        "phantom_risk": 0.0,
        "recommendation_load": 0.0,
        "safety_risk": 0.0
      },
      "type": "Feature"
    },
    {
      "geometry": {
        "coordinates": [
          [
            325779.2,
            4152281.64
          ],
          [
            325769.5,
            4152262.42
          ]
        ],
        "type": "LineString"
      },
      "properties": {
        "adaptive_flow": 36.26224592622654,
        "adaptive_speed": 13.803536152532446,
        "baseline_flow": 22.586404052393686,
        "baseline_speed": 13.812233530822843,
        "bottleneck_score": 0.026370591206978825,
        "delta_flow": 13.675841873832855,
        "edge_id": "-117790031#0",
        "phantom_risk": 0.010072846090618481,
        "recommendation_load": 0.675,
        "safety_risk": 0.0
      },
      "type": "Feature"
    },
    {
      "geometry": {
        "coordinates": [
          [
            325820.75,
            4152368.5
          ],
          [
            325818.53,
            4152360.3400000003
          ],
          [
            325805.55,
            4152331.72
          ],
          [
            325786.97000000003,
            4152296.45
          ]
        ],
        "type": "LineString"
      },
      "properties": {
        "adaptive_flow": 27.324143452902646,
        "adaptive_speed": 13.827413471405954,
        "baseline_flow": 19.529706305938905,
        "baseline_speed": 13.872305833867484,
        "bottleneck_score": 0.019685949285261205,
        "delta_flow": 7.794437146963741,
        "edge_id": "-117790031#2",
        "phantom_risk": 0.0077534840694203685,
        "recommendation_load": 0.675,
        "safety_risk": 0.0003382678329112665
      },
      "type": "Feature"
    },
    {
      "geometry": {
        "coordinates": [
          [
            325802.45,
            4152451.37
          ],
          [
            325815.48000000004,
            4152415.15
          ],
          [
            325824.39,
            4152384.39
          ],
          [
            325824.34,
            4152384.06
          ]
        ],
        "type": "LineString"
      },
      "properties": {
        "adaptive_flow": 49.74451514223538,
        "adaptive_speed": 13.374090992082348,
        "baseline_flow": 44.91111666858333,
        "baseline_speed": 13.429847608875592,
        "bottleneck_score": 0.06477831891758355,
        "delta_flow": 4.833398473652046,
        "edge_id": "-117790031#3",
        "phantom_risk": 0.031068028292548136,
        "recommendation_load": 1.1916666666666667,
        "safety_risk": 0.042887671375915766
      },
      "type": "Feature"
    },
    {
      "geometry": {
        "coordinates": [
          [
            325657.67,
            4152324.3800000004
          ],
          [
            325647.79000000004,
            4152355.64
          ],
          [
            325705.68,
            4152436.2600000002
          ],
          [
            325759.64,
            4152511.4
          ],
          [
            325761.96,
            4152514.71
          ],
          [
            325788.84,
            4152551.33
          ],
          [
            325801.34,
            4152569.33
          ],
          [
            325856.8,
            4152649.8400000003
          ],
          [
            325892.42,
            4152699.04
          ],
          [
            325915.0,
            4152730.23
          ],
          [
            325940.37,
            4152770.06
          ]
        ],
        "type": "LineString"
      },
      "properties": {
        "adaptive_flow": 0.0,
        "adaptive_speed": 13.890000000000002,
        "baseline_flow": 0.0,
        "baseline_speed": 13.890000000000002,
        "bottleneck_score": 0.0,
        "delta_flow": 0.0,
        "edge_id": "-117790062#0",
        "phantom_risk": 0.0,
        "recommendation_load": 0.0,
        "safety_risk": 0.0
      },
      "type": "Feature"
    },
    {
      "geometry": {
        "coordinates": [
          [
            325665.78,
            4152298.8400000003
          ],
          [
            325662.03,
            4152310.65
          ]
        ],
        "type": "LineString"
      },
      "properties": {
        "adaptive_flow": 26.77252391638225,
        "adaptive_speed": 13.8828517525665,
        "baseline_flow": 38.014533084252015,
        "baseline_speed": 13.879034259559148,
        "bottleneck_score": 0.015388257042590638,
        "delta_flow": -11.242009167869764,
        "edge_id": "-117790062#1",
        "phantom_risk": 0.007032322684850127,
        "recommendation_load": 0.6583333333333333,
        "safety_risk": 0.0
      },
      "type": "Feature"
    },
    {
      "geometry": {
        "coordinates": [
          [
            325679.02,
            4152262.62
          ],
          [
            325671.34,
            4152284.98
          ]
        ],
        "type": "LineString"
      },
      "properties": {
        "adaptive_flow": 32.923821334518976,
        "adaptive_speed": 13.747350365320763,
        "baseline_flow": 57.74557604372301,
        "baseline_speed": 13.646187191502877,
        "bottleneck_score": 0.02856096395324754,
        "delta_flow": -24.821754709204036,
        "edge_id": "-117790062#3",
        "phantom_risk": 0.009176876090425801,
        "recommendation_load": 0.6583333333333333,
        "safety_risk": 0.00018638672586553576
      },
      "type": "Feature"
    },
    {
      "geometry": {
        "coordinates": [
          [
            325491.28,
            4151901.3200000003
          ],
          [
            325491.44,
            4151900.91
          ]
        ],
        "type": "LineString"
      },
      "properties": {
        "adaptive_flow": 0.0,
        "adaptive_speed": 13.890000000000002,
        "baseline_flow": 0.0,
        "baseline_speed": 13.890000000000002,
        "bottleneck_score": 0.0,
        "delta_flow": 0.0,
        "edge_id": "-129731721#0",
        "phantom_risk": 0.0,
        "recommendation_load": 0.0,
        "safety_risk": 0.0
      },
      "type": "Feature"
    },
    {
      "geometry": {
        "coordinates": [
          [
            325439.59,
            4152045.29
          ],
          [
            325476.84,
            4151941.3200000003
          ],
          [
            325488.83,
            4151907.81
          ],
          [
            325489.52,
            4151906.0
          ]
        ],
        "type": "LineString"
      },
      "properties": {
        "adaptive_flow": 0.0,
        "adaptive_speed": 13.890000000000002,
        "baseline_flow": 0.0,
        "baseline_speed": 13.890000000000002,
        "bottleneck_score": 0.0,
        "delta_flow": 0.0,
        "edge_id": "-129731721#1",
        "phantom_risk": 0.0,
        "recommendation_load": 0.0,
        "safety_risk": 0.0
      },
      "type": "Feature"
    },
    {
      "geometry": {
        "coordinates": [
          [
            325768.31,
            4152156.5300000003
          ],
          [
            325670.25,
            4152120.92
          ]
        ],
        "type": "LineString"
      },
      "properties": {
        "adaptive_flow": 4.578630973269131,
        "adaptive_speed": 13.877520640692955,
        "baseline_flow": 3.735140286258608,
        "baseline_speed": 13.879059868373984,
        "bottleneck_score": 0.0034421258687860512,
        "delta_flow": 0.8434906870105228,
        "edge_id": "-129731852",
        "phantom_risk": 0.0012972899756628438,
        "recommendation_load": 0.18333333333333332,
        "safety_risk": 0.0005223681571627954
      },
      "type": "Feature"
    },
    {
      "geometry": {
        "coordinates": [
          [
            325686.93,
            4152030.44
          ],
          [
            325662.84,
            4152021.6
          ]
        ],
        "type": "LineString"
      },
      "properties": {
        "adaptive_flow": 0.0,
        "adaptive_speed": 13.890000000000002,
        "baseline_flow": 0.0,
        "baseline_speed": 13.890000000000002,
        "bottleneck_score": 0.0,
        "delta_flow": 0.0,
        "edge_id": "-129731857#0",
        "phantom_risk": 0.0,
        "recommendation_load": 0.0,
        "safety_risk": 0.0
      },
      "type": "Feature"
    },
    {
      "geometry": {
        "coordinates": [
          [
            325819.85000000003,
            4152076.1
          ],
          [
            325700.60000000003,
            4152035.29
          ]
        ],
        "type": "LineString"
      },
      "properties": {
        "adaptive_flow": 22.217610989347822,
        "adaptive_speed": 13.803694481195755,
        "baseline_flow": 40.290657459813204,
        "baseline_speed": 13.768552749350517,
        "bottleneck_score": 0.01855661749018813,
        "delta_flow": -18.073046470465382,
        "edge_id": "-129731857#1",
        "phantom_risk": 0.007454197175421436,
        "recommendation_load": 0.3333333333333333,
        "safety_risk": 0.012460536032740525
      },
      "type": "Feature"
    },
    {
      "geometry": {
        "coordinates": [
          [
            325929.31,
            4152114.0900000003
          ],
          [
            325833.73000000004,
            4152080.8800000004
          ]
        ],
        "type": "LineString"
      },
      "properties": {
        "adaptive_flow": 0.0,
        "adaptive_speed": 13.890000000000002,
        "baseline_flow": 0.0,
        "baseline_speed": 13.890000000000002,
        "bottleneck_score": 0.0,
        "delta_flow": 0.0,
        "edge_id": "-129731857#2",
        "phantom_risk": 0.0,
        "recommendation_load": 0.0,
        "safety_risk": 0.0
      },
      "type": "Feature"
    },
    {
      "geometry": {
        "coordinates": [
          [
            325827.95,
            4152069.54
          ],
          [
            325839.74,
            4152033.22
          ]
        ],
        "type": "LineString"
      },
      "properties": {
        "adaptive_flow": 184.91707827211988,
        "adaptive_speed": 13.000950913661063,
        "baseline_flow": 160.22166379214067,
        "baseline_speed": 13.119246841092494,
        "bottleneck_score": 0.166738123854485,
        "delta_flow": 24.695414479979206,
        "edge_id": "-129731858#1",
        "phantom_risk": 0.05419707510508893,
        "recommendation_load": 2.8333333333333335,
        "safety_risk": 0.13383771369688915
      },
      "type": "Feature"
    },
    {
      "geometry": {
        "coordinates": [
          [
            325819.14,
            4152100.93
          ],
          [
            325823.76,
            4152083.7
          ]
        ],
        "type": "LineString"
      },
      "properties": {
        "adaptive_flow": 161.8378522167268,
        "adaptive_speed": 12.73419111316115,
        "baseline_flow": 139.93277256115567,
        "baseline_speed": 12.909802229650682,
        "bottleneck_score": 0.17312150082394467,
        "delta_flow": 21.905079655571114,
        "edge_id": "-129731858#2",
        "phantom_risk": 0.04813194701331227,
        "recommendation_load": 2.091666666666667,
        "safety_risk": 0.013121821253382975
      },
      "type": "Feature"
    },
    {
      "geometry": {
        "coordinates": [
          [
            325808.8,
            4152129.47
          ],
          [
            325816.39,
            4152109.42
          ]
        ],
        "type": "LineString"
      },
      "properties": {
        "adaptive_flow": 94.35866625978721,
        "adaptive_speed": 13.150558202652643,
        "baseline_flow": 79.95633666088861,
        "baseline_speed": 13.132054137923404,
        "bottleneck_score": 0.10565703182040188,
        "delta_flow": 14.402329598898604,
        "edge_id": "-129731858#3",
        "phantom_risk": 0.026603462610767254,
        "recommendation_load": 1.7333333333333334,
        "safety_risk": 0.003495626536948072
      },
      "type": "Feature"
    },
    {
      "geometry": {
        "coordinates": [
          [
            325602.99,
            4152124.15
          ],
          [
            325602.63,
            4152124.02
          ]
        ],
        "type": "LineString"
      },
      "properties": {
        "adaptive_flow": 0.0,
        "adaptive_speed": 8.329999999999998,
        "baseline_flow": 0.0,
        "baseline_speed": 8.329999999999998,
        "bottleneck_score": 2.220446049250313e-16,
        "delta_flow": 0.0,
        "edge_id": "-129733412#0",
        "phantom_risk": 0.0,
        "recommendation_load": 0.0,
        "safety_risk": 0.0
      },
      "type": "Feature"
    },
    {
      "geometry": {
        "coordinates": [
          [
            325650.94,
            4152141.72
          ],
          [
            325608.03,
            4152126.0300000003
          ]
        ],
        "type": "LineString"
      },
      "properties": {
        "adaptive_flow": 0.0,
        "adaptive_speed": 8.329999999999998,
        "baseline_flow": 0.0,
        "baseline_speed": 8.329999999999998,
        "bottleneck_score": 2.220446049250313e-16,
        "delta_flow": 0.0,
        "edge_id": "-129733412#1",
        "phantom_risk": 0.0,
        "recommendation_load": 0.0,
        "safety_risk": 0.0
      },
      "type": "Feature"
    },
    {
      "geometry": {
        "coordinates": [
          [
            325685.73000000004,
            4152154.3400000003
          ],
          [
            325659.92,
            4152144.99
          ]
        ],
        "type": "LineString"
      },
      "properties": {
        "adaptive_flow": 0.0,
        "adaptive_speed": 8.329999999999998,
        "baseline_flow": 0.0,
        "baseline_speed": 8.329999999999998,
        "bottleneck_score": 2.220446049250313e-16,
        "delta_flow": 0.0,
        "edge_id": "-129733412#2",
        "phantom_risk": 0.0,
        "recommendation_load": 0.0,
        "safety_risk": 0.0
      },
      "type": "Feature"
    },
    {
      "geometry": {
        "coordinates": [
          [
            325759.96,
            4152177.91
          ],
          [
            325732.44,
            4152169.74
          ],
          [
            325694.57,
            4152157.3800000004
          ]
        ],
        "type": "LineString"
      },
      "properties": {
        "adaptive_flow": 0.0,
        "adaptive_speed": 8.329999999999998,
        "baseline_flow": 0.0,
        "baseline_speed": 8.329999999999998,
        "bottleneck_score": 2.220446049250313e-16,
        "delta_flow": 0.0,
        "edge_id": "-129733412#3",
        "phantom_risk": 0.0,
        "recommendation_load": 0.0,
        "safety_risk": 0.0
      },
      "type": "Feature"
    },
    {
      "geometry": {
        "coordinates": [
          [
            325675.19,
            4152196.16
          ],
          [
            325687.62,
            4152158.3600000003
          ]
        ],
        "type": "LineString"
      },
      "properties": {
        "adaptive_flow": 0.0,
        "adaptive_speed": 5.560000000000001,
        "baseline_flow": 0.0,
        "baseline_speed": 5.560000000000001,
        "bottleneck_score": 0.0,
        "delta_flow": 0.0,
        "edge_id": "-129733422",
        "phantom_risk": 0.0,
        "recommendation_load": 0.0,
        "safety_risk": 0.0
      },
      "type": "Feature"
    },
    {
      "geometry": {
        "coordinates": [
          [
            325419.08,
            4151881.0500000003
          ],
          [
            325402.79000000004,
            4151926.0
          ],
          [
            325366.15,
            4152025.25
          ],
          [
            325364.68,
            4152029.24
          ]
        ],
        "type": "LineString"
      },
      "properties": {
        "adaptive_flow": 0.0,
        "adaptive_speed": 5.560000000000001,
        "baseline_flow": 0.0,
        "baseline_speed": 5.560000000000001,
        "bottleneck_score": 0.0,
        "delta_flow": 0.0,
        "edge_id": "-180238308#0",
        "phantom_risk": 0.0,
        "recommendation_load": 0.0,
        "safety_risk": 0.0
      },
      "type": "Feature"
    },
    {
      "geometry": {
        "coordinates": [
          [
            325421.73000000004,
            4151873.77
          ],
          [
            325420.8,
            4151876.3000000003
          ]
        ],
        "type": "LineString"
      },
      "properties": {
        "adaptive_flow": 0.0,
        "adaptive_speed": 5.560000000000001,
        "baseline_flow": 0.0,
        "baseline_speed": 5.560000000000001,
        "bottleneck_score": 0.0,
        "delta_flow": 0.0,
        "edge_id": "-180238308#1",
        "phantom_risk": 0.0,
        "recommendation_load": 0.0,
        "safety_risk": 0.0
      },
      "type": "Feature"
    },
    {
      "geometry": {
        "coordinates": [
          [
            325826.96,
            4152162.14
          ],
          [
            325802.48000000004,
            4152152.58
          ]
        ],
        "type": "LineString"
      },
      "properties": {
        "adaptive_flow": 0.0,
        "adaptive_speed": 5.560000000000001,
        "baseline_flow": 0.0,
        "baseline_speed": 5.560000000000001,
        "bottleneck_score": 0.0,
        "delta_flow": 0.0,
        "edge_id": "-239954004",
        "phantom_risk": 0.0,
        "recommendation_load": 0.0,
        "safety_risk": 0.0
      },
      "type": "Feature"
    },
    {
      "geometry": {
        "coordinates": [
          [
            325670.11,
            4152201.06
          ],
          [
            325643.32,
            4152191.0300000003
          ]
        ],
        "type": "LineString"
      },
      "properties": {
        "adaptive_flow": 0.0,
        "adaptive_speed": 5.560000000000001,
        "baseline_flow": 0.0,
        "baseline_speed": 5.560000000000001,
        "bottleneck_score": 0.0,
        "delta_flow": 0.0,
        "edge_id": "-239954006#0",
        "phantom_risk": 0.0,
        "recommendation_load": 0.0,
        "safety_risk": 0.0
      },
      "type": "Feature"
    },
    {
      "geometry": {
        "coordinates": [
          [
            325767.05,
            4152237.0300000003
          ],
          [
            325686.61,
            4152206.99
          ]
        ],
        "type": "LineString"
      },
      "properties": {
        "adaptive_flow": 0.0,
        "adaptive_speed": 5.560000000000001,
        "baseline_flow": 0.0,
        "baseline_speed": 5.560000000000001,
        "bottleneck_score": 0.0,
        "delta_flow": 0.0,
        "edge_id": "-239954006#2",
        "phantom_risk": 0.0,
        "recommendation_load": 0.0,
        "safety_risk": 0.0
      },
      "type": "Feature"
    },
    {
      "geometry": {
        "coordinates": [
          [
            325764.3,
            4152324.12
          ],
          [
            325672.19,
            4152291.95
          ]
        ],
        "type": "LineString"
      },
      "properties": {
        "adaptive_flow": 0.0,
        "adaptive_speed": 5.560000000000001,
        "baseline_flow": 0.0,
        "baseline_speed": 5.560000000000001,
        "bottleneck_score": 0.0,
        "delta_flow": 0.0,
        "edge_id": "-239954008",
        "phantom_risk": 0.0,
        "recommendation_load": 0.0,
        "safety_risk": 0.0
      },
      "type": "Feature"
    },
    {
      "geometry": {
        "coordinates": [
          [
            325764.54000000004,
            4152353.1300000004
          ],
          [
            325815.95,
            4152372.8400000003
          ]
        ],
        "type": "LineString"
      },
      "properties": {
        "adaptive_flow": 9.250339416766916,
        "adaptive_speed": 13.859181803105063,
        "baseline_flow": 0.0,
        "baseline_speed": 13.890000000000002,
        "bottleneck_score": 0.007357810131580642,
        "delta_flow": 9.250339416766916,
        "edge_id": "-239954009#0",
        "phantom_risk": 0.002569538726879699,
        "recommendation_load": 0.0,
        "safety_risk": 0.0
      },
      "type": "Feature"
    },
    {
      "geometry": {
        "coordinates": [
          [
            325665.78,
            4152317.87
          ],
          [
            325755.75,
            4152349.8800000004
          ]
        ],
        "type": "LineString"
      },
      "properties": {
        "adaptive_flow": 7.384741817922388,
        "adaptive_speed": 13.775748042359066,
        "baseline_flow": 0.0,
        "baseline_speed": 13.890000000000002,
        "bottleneck_score": 0.012328117254804587,
        "delta_flow": 7.384741817922388,
        "edge_id": "-239954009#1",
        "phantom_risk": 0.0023934968526240275,
        "recommendation_load": 0.0,
        "safety_risk": 0.0022174988161913797
      },
      "type": "Feature"
    },
    {
      "geometry": {
        "coordinates": [
          [
            325607.93,
            4152281.5
          ],
          [
            325582.57,
            4152352.5900000003
          ]
        ],
        "type": "LineString"
      },
      "properties": {
        "adaptive_flow": 2.261549414720923,
        "adaptive_speed": 8.326909889522819,
        "baseline_flow": 0.3447285231586123,
        "baseline_speed": 8.3301081499159,
        "bottleneck_score": 0.0016273779834301452,
        "delta_flow": 1.9168208915623106,
        "edge_id": "-256787796#0",
        "phantom_risk": 0.000628208170755812,
        "recommendation_load": 0.008333333333333333,
        "safety_risk": 0.0
      },
      "type": "Feature"
    },
    {
      "geometry": {
        "coordinates": [
          [
            325621.71,
            4152243.3200000003
          ],
          [
            325611.11,
            4152272.64
          ]
        ],
        "type": "LineString"
      },
      "properties": {
        "adaptive_flow": 2.4429458937928983,
        "adaptive_speed": 8.327045669554101,
        "baseline_flow": 0.4269898850115574,
        "baseline_speed": 8.33013719169456,
        "bottleneck_score": 0.0017118536813334171,
        "delta_flow": 2.015956008781341,
        "edge_id": "-256787796#1",
        "phantom_risk": 0.0006785960816091385,
        "recommendation_load": 0.008333333333333333,
        "safety_risk": 0.0
      },
      "type": "Feature"
    },
    {
      "geometry": {
        "coordinates": [
          [
            325639.35000000003,
            4152192.89
          ],
          [
            325625.47000000003,
            4152232.73
          ]
        ],
        "type": "LineString"
      },
      "properties": {
        "adaptive_flow": 0.0,
        "adaptive_speed": 8.329999999999998,
        "baseline_flow": 0.0,
        "baseline_speed": 8.329999999999998,
        "bottleneck_score": 2.220446049250313e-16,
        "delta_flow": 0.0,
        "edge_id": "-256787796#2",
        "phantom_risk": 0.0,
        "recommendation_load": 0.0,
        "safety_risk": 0.0
      },
      "type": "Feature"
    },
    {
      "geometry": {
        "coordinates": [
          [
            325655.95,
            4152146.8400000003
          ],
          [
            325642.5,
            4152184.02
          ]
        ],
        "type": "LineString"
      },
      "properties": {
        "adaptive_flow": 0.0,
        "adaptive_speed": 8.329999999999998,
        "baseline_flow": 0.0,
        "baseline_speed": 8.329999999999998,
        "bottleneck_score": 2.220446049250313e-16,
        "delta_flow": 0.0,
        "edge_id": "-256787796#3",
        "phantom_risk": 0.0,
        "recommendation_load": 0.0,
        "safety_risk": 0.0
      },
      "type": "Feature"
    },
    {
      "geometry": {
        "coordinates": [
          [
            325663.22000000003,
            4152124.4
          ],
          [
            325659.03,
            4152137.73
          ]
        ],
        "type": "LineString"
      },
      "properties": {
        "adaptive_flow": 0.0,
        "adaptive_speed": 8.329999999999998,
        "baseline_flow": 0.0,
        "baseline_speed": 8.329999999999998,
        "bottleneck_score": 2.220446049250313e-16,
        "delta_flow": 0.0,
        "edge_id": "-256787796#4",
        "phantom_risk": 0.0,
        "recommendation_load": 0.0,
        "safety_risk": 0.0
      },
      "type": "Feature"
    },
    {
      "geometry": {
        "coordinates": [
          [
            325674.17,
            4152094.1100000003
          ],
          [
            325667.93,
            4152110.7
          ]
        ],
        "type": "LineString"
      },
      "properties": {
        "adaptive_flow": 0.0,
        "adaptive_speed": 8.329999999999998,
        "baseline_flow": 0.0,
        "baseline_speed": 8.329999999999998,
        "bottleneck_score": 2.220446049250313e-16,
        "delta_flow": 0.0,
        "edge_id": "-256787796#5",
        "phantom_risk": 0.0,
        "recommendation_load": 0.0,
        "safety_risk": 0.0
      },
      "type": "Feature"
    },
    {
      "geometry": {
        "coordinates": [
          [
            325679.32,
            4152080.3200000003
          ],
          [
            325678.09,
            4152083.62
          ]
        ],
        "type": "LineString"
      },
      "properties": {
        "adaptive_flow": 13.498683898561627,
        "adaptive_speed": 8.328488064430923,
        "baseline_flow": 9.467397944985954,
        "baseline_speed": 8.328844511323984,
        "bottleneck_score": 0.007680773702771618,
        "delta_flow": 4.031285953575672,
        "edge_id": "-256787796#6",
        "phantom_risk": 0.001765984239416104,
        "recommendation_load": 0.35833333333333334,
        "safety_risk": 0.0
      },
      "type": "Feature"
    },
    {
      "geometry": {
        "coordinates": [
          [
            325693.44,
            4152038.77
          ],
          [
            325681.05,
            4152075.47
          ]
        ],
        "type": "LineString"
      },
      "properties": {
        "adaptive_flow": 7.442880728728983,
        "adaptive_speed": 8.279450634628038,
        "baseline_flow": 6.815051246998708,
        "baseline_speed": 8.2818583570302,
        "bottleneck_score": 0.01020328492329228,
        "delta_flow": 0.6278294817302745,
        "edge_id": "-256787796#7",
        "phantom_risk": 0.002146083221292642,
        "recommendation_load": 0.35833333333333334,
        "safety_risk": 2.672908245233049e-05
      },
      "type": "Feature"
    },
    {
      "geometry": {
        "coordinates": [
          [
            325709.24,
            4151995.47
          ],
          [
            325698.26,
            4152025.15
          ]
        ],
        "type": "LineString"
      },
      "properties": {
        "adaptive_flow": 0.0,
        "adaptive_speed": 8.329999999999998,
        "baseline_flow": 0.0,
        "baseline_speed": 8.329999999999998,
        "bottleneck_score": 2.220446049250313e-16,
        "delta_flow": 0.0,
        "edge_id": "-256787796#8",
        "phantom_risk": 0.0,
        "recommendation_load": 0.0,
        "safety_risk": 0.0
      },
      "type": "Feature"
    },
    {
      "geometry": {
        "coordinates": [
          [
            325648.2,
            4151746.0100000002
          ],
          [
            325606.66000000003,
            4151855.72
          ]
        ],
        "type": "LineString"
      },
      "properties": {
        "adaptive_flow": 0.0,
        "adaptive_speed": 5.560000000000001,
        "baseline_flow": 0.0,
        "baseline_speed": 5.560000000000001,
        "bottleneck_score": 0.0,
        "delta_flow": 0.0,
        "edge_id": "-263441174#0",
        "phantom_risk": 0.0,
        "recommendation_load": 0.0,
        "safety_risk": 0.0
      },
      "type": "Feature"
    },
    {
      "geometry": {
        "coordinates": [
          [
            325651.78,
            4151736.5500000003
          ],
          [
            325649.97000000003,
            4151741.3400000003
          ]
        ],
        "type": "LineString"
      },
      "properties": {
        "adaptive_flow": 0.0,
        "adaptive_speed": 5.560000000000001,
        "baseline_flow": 0.0,
        "baseline_speed": 5.560000000000001,
        "bottleneck_score": 0.0,
        "delta_flow": 0.0,
        "edge_id": "-263441174#1",
        "phantom_risk": 0.0,
        "recommendation_load": 0.0,
        "safety_risk": 0.0
      },
      "type": "Feature"
    },
    {
      "geometry": {
        "coordinates": [
          [
            325490.65,
            4151680.0500000003
          ],
          [
            325487.91000000003,
            4151687.95
          ],
          [
            325473.10000000003,
            4151730.44
          ],
          [
            325470.7,
            4151737.3400000003
          ],
          [
            325459.47000000003,
            4151769.58
          ],
          [
            325434.8,
            4151840.4
          ]
        ],
        "type": "LineString"
      },
      "properties": {
        "adaptive_flow": 0.0,
        "adaptive_speed": 5.560000000000001,
        "baseline_flow": 0.0,
        "baseline_speed": 5.560000000000001,
        "bottleneck_score": 0.0,
        "delta_flow": 0.0,
        "edge_id": "-263441175#1",
        "phantom_risk": 0.0,
        "recommendation_load": 0.0,
        "safety_risk": 0.0
      },
      "type": "Feature"
    },
    {
      "geometry": {
        "coordinates": [
          [
            325919.44,
            4152142.5500000003
          ],
          [
            325871.05,
            4152126.0300000003
          ],
          [
            325823.37,
            4152108.72
          ]
        ],
        "type": "LineString"
      },
      "properties": {
        "adaptive_flow": 0.0,
        "adaptive_speed": 5.560000000000001,
        "baseline_flow": 0.0,
        "baseline_speed": 5.560000000000001,
        "bottleneck_score": 0.0,
        "delta_flow": 0.0,
        "edge_id": "-305654271",
        "phantom_risk": 0.0,
        "recommendation_load": 0.0,
        "safety_risk": 0.0
      },
      "type": "Feature"
    },
    {
      "geometry": {
        "coordinates": [
          [
            325514.31,
            4152082.75
          ],
          [
            325515.71,
            4152079.14
          ],
          [
            325518.84,
            4152076.67
          ],
          [
            325520.96,
            4152074.71
          ],
          [
            325523.28,
            4152070.95
          ],
          [
            325525.74,
            4152066.9
          ],
          [
            325528.0,
            4152062.95
          ],
          [
            325529.89,
            4152059.37
          ],
          [
            325531.35000000003,
            4152055.44
          ],
          [
            325566.33,
            4151957.42
          ]
        ],
        "type": "LineString"
      },
      "properties": {
        "adaptive_flow": 0.0,
        "adaptive_speed": 5.560000000000001,
        "baseline_flow": 0.0,
        "baseline_speed": 5.560000000000001,
        "bottleneck_score": 0.0,
        "delta_flow": 0.0,
        "edge_id": "-305662503",
        "phantom_risk": 0.0,
        "recommendation_load": 0.0,
        "safety_risk": 0.0
      },
      "type": "Feature"
    },
    {
      "geometry": {
        "coordinates": [
          [
            325682.63,
            4152208.9
          ],
          [
            325668.57,
            4152249.9
          ]
        ],
        "type": "LineString"
      },
      "properties": {
        "adaptive_flow": 0.0,
        "adaptive_speed": 5.560000000000001,
        "baseline_flow": 0.0,
        "baseline_speed": 5.560000000000001,
        "bottleneck_score": 0.0,
        "delta_flow": 0.0,
        "edge_id": "-379463131",
        "phantom_risk": 0.0,
        "recommendation_load": 0.0,
        "safety_risk": 0.0
      },
      "type": "Feature"
    },
    {
      "geometry": {
        "coordinates": [
          [
            325621.54000000004,
            4152360.15
          ],
          [
            325620.7,
            4152353.33
          ],
          [
            325641.03,
            4152291.71
          ]
        ],
        "type": "LineString"
      },
      "properties": {
        "adaptive_flow": 0.0,
        "adaptive_speed": 5.560000000000001,
        "baseline_flow": 0.0,
        "baseline_speed": 5.560000000000001,
        "bottleneck_score": 0.0,
        "delta_flow": 0.0,
        "edge_id": "-379463132",
        "phantom_risk": 0.0,
        "recommendation_load": 0.0,
        "safety_risk": 0.0
      },
      "type": "Feature"
    },
    {
      "geometry": {
        "coordinates": [
          [
            325582.25,
            4152364.97
          ],
          [
            325602.60000000003,
            4152395.46
          ],
          [
            325616.04000000004,
            4152414.6300000004
          ],
          [
            325657.65,
            4152472.0
          ],
          [
            325713.32,
            4152548.5100000002
          ],
          [
            325751.64,
            4152605.91
          ]
        ],
        "type": "LineString"
      },
      "properties": {
        "adaptive_flow": 0.0,
        "adaptive_speed": 13.890000000000002,
        "baseline_flow": 0.0,
        "baseline_speed": 13.890000000000002,
        "bottleneck_score": 0.0,
        "delta_flow": 0.0,
        "edge_id": "-417750337#0",
        "phantom_risk": 0.0,
        "recommendation_load": 0.0,
        "safety_risk": 0.0
      },
      "type": "Feature"
    },
    {
      "geometry": {
        "coordinates": [
          [
            325544.81,
            4152317.92
          ],
          [
            325572.95,
            4152352.65
          ]
        ],
        "type": "LineString"
      },
      "properties": {
        "adaptive_flow": 71.72404327795867,
        "adaptive_speed": 13.532393109817326,
        "baseline_flow": 68.07061967322758,
        "baseline_speed": 13.551225187437701,
        "bottleneck_score": 0.06559232715221419,
        "delta_flow": 3.6534236047310884,
        "edge_id": "-417750337#1",
        "phantom_risk": 0.021538733702044916,
        "recommendation_load": 1.1583333333333334,
        "safety_risk": 0.04809185550293803
      },
      "type": "Feature"
    },
    {
      "geometry": {
        "coordinates": [
          [
            325769.33,
            4152329.08
          ],
          [
            325762.73000000004,
            4152348.97
          ]
        ],
        "type": "LineString"
      },
      "properties": {
        "adaptive_flow": 0.0,
        "adaptive_speed": 5.560000000000001,
        "baseline_flow": 0.0,
        "baseline_speed": 5.560000000000001,
        "bottleneck_score": 0.0,
        "delta_flow": 0.0,
        "edge_id": "-417750368#0",
        "phantom_risk": 0.0,
        "recommendation_load": 0.0,
        "safety_risk": 0.0
      },
      "type": "Feature"
    },
    {
      "geometry": {
        "coordinates": [
          [
            325781.38,
            4152293.97
          ],
          [
            325772.33,
            4152320.23
          ]
        ],
        "type": "LineString"
      },
      "properties": {
        "adaptive_flow": 0.0,
        "adaptive_speed": 5.560000000000001,
        "baseline_flow": 0.0,
        "baseline_speed": 5.560000000000001,
        "bottleneck_score": 0.0,
        "delta_flow": 0.0,
        "edge_id": "-417750368#1",
        "phantom_risk": 0.0,
        "recommendation_load": 0.0,
        "safety_risk": 0.0
      },
      "type": "Feature"
    },
    {
      "geometry": {
        "coordinates": [
          [
            325750.28,
            4151948.8400000003
          ],
          [
            325756.28,
            4151930.91
          ],
          [
            325752.13,
            4151923.5100000002
          ],
          [
            325800.17,
            4151789.29
          ],
          [
            325835.85000000003,
            4151688.8000000003
          ],
          [
            325865.49,
            4151606.48
          ]
        ],
        "type": "LineString"
      },
      "properties": {
        "adaptive_flow": 0.0,
        "adaptive_speed": 13.890000000000002,
        "baseline_flow": 0.0,
        "baseline_speed": 13.890000000000002,
        "bottleneck_score": 0.0,
        "delta_flow": 0.0,
        "edge_id": "-417933645",
        "phantom_risk": 0.0,
        "recommendation_load": 0.0,
        "safety_risk": 0.0
      },
      "type": "Feature"
    },
    {
      "geometry": {
        "coordinates": [
          [
            325826.41000000003,
            4151936.87
          ],
          [
            325872.89,
            4151815.35
          ],
          [
            325907.33,
            4151714.8600000003
          ],
          [
            325936.59,
            4151631.17
          ]
        ],
        "type": "LineString"
      },
      "properties": {
        "adaptive_flow": 0.0,
        "adaptive_speed": 13.890000000000002,
        "baseline_flow": 0.0,
        "baseline_speed": 13.890000000000002,
        "bottleneck_score": 0.0,
        "delta_flow": 0.0,
        "edge_id": "-417933646#0",
        "phantom_risk": 0.0,
        "recommendation_load": 0.0,
        "safety_risk": 0.0
      },
      "type": "Feature"
    },
    {
      "geometry": {
        "coordinates": [
          [
            325810.34,
            4151979.2
          ],
          [
            325811.09,
            4151977.16
          ],
          [
            325823.06,
            4151945.66
          ]
        ],
        "type": "LineString"
      },
      "properties": {
        "adaptive_flow": 0.0,
        "adaptive_speed": 13.890000000000002,
        "baseline_flow": 0.0,
        "baseline_speed": 13.890000000000002,
        "bottleneck_score": 0.0,
        "delta_flow": 0.0,
        "edge_id": "-417933646#1",
        "phantom_risk": 0.0,
        "recommendation_load": 0.0,
        "safety_risk": 0.0
      },
      "type": "Feature"
    },
    {
      "geometry": {
        "coordinates": [
          [
            325501.77,
            4151861.2800000003
          ],
          [
            325520.10500000004,
            4151812.44
          ],
          [
            325528.025,
            4151790.2150000003
          ],
          [
            325539.515,
            4151759.875
          ],
          [
            325540.765,
            4151756.24
          ],
          [
            325557.86,
            4151704.055
          ]
        ],
        "type": "LineString"
      },
      "properties": {
        "adaptive_flow": 0.0,
        "adaptive_speed": 13.890000000000002,
        "baseline_flow": 0.0,
        "baseline_speed": 13.890000000000002,
        "bottleneck_score": 0.0,
        "delta_flow": 0.0,
        "edge_id": "-504227066#0",
        "phantom_risk": 0.0,
        "recommendation_load": 0.0,
        "safety_risk": 0.0
      },
      "type": "Feature"
    },
    {
      "geometry": {
        "coordinates": [
          [
            325519.08,
            4152087.91
          ],
          [
            325560.95,
            4152103.87
          ]
        ],
        "type": "LineString"
      },
      "properties": {
        "adaptive_flow": 48.01253225315395,
        "adaptive_speed": 13.73514905087008,
        "baseline_flow": 49.365444095724534,
        "baseline_speed": 13.7283785173278,
        "bottleneck_score": 0.03782200549676696,
        "delta_flow": -1.3529118425705846,
        "edge_id": "-504509918#0",
        "phantom_risk": 0.01432256377376041,
        "recommendation_load": 0.6833333333333333,
        "safety_risk": 0.014076143663132017
      },
      "type": "Feature"
    },
    {
      "geometry": {
        "coordinates": [
          [
            325484.58,
            4152075.14
          ],
          [
            325510.29000000004,
            4152084.62
          ]
        ],
        "type": "LineString"
      },
      "properties": {
        "adaptive_flow": 40.65722834665319,
        "adaptive_speed": 13.875252656089271,
        "baseline_flow": 42.576599683628515,
        "baseline_speed": 13.875450416387912,
        "bottleneck_score": 0.023649072905140643,
        "delta_flow": -1.919371336975324,
        "edge_id": "-504509918#1",
        "phantom_risk": 0.011297954799209376,
        "recommendation_load": 0.6833333333333333,
        "safety_risk": 0.00012080380856958953
      },
      "type": "Feature"
    },
    {
      "geometry": {
        "coordinates": [
          [
            325443.71,
            4152060.0500000003
          ],
          [
            325478.56,
            4152072.91
          ]
        ],
        "type": "LineString"
      },
      "properties": {
        "adaptive_flow": 38.775180440235005,
        "adaptive_speed": 13.7552421129308,
        "baseline_flow": 39.57982848676976,
        "baseline_speed": 13.752034089293705,
        "bottleneck_score": 0.031243558636886118,
        "delta_flow": -0.8046480465347585,
        "edge_id": "-504509918#2",
        "phantom_risk": 0.010811904129084816,
        "recommendation_load": 0.6833333333333333,
        "safety_risk": 0.00012823188135976853
      },
      "type": "Feature"
    },
    {
      "geometry": {
        "coordinates": [
          [
            325832.12,
            4152157.35
          ],
          [
            325835.45,
            4152148.1300000004
          ]
        ],
        "type": "LineString"
      },
      "properties": {
        "adaptive_flow": 14.30965221466899,
        "adaptive_speed": 13.889182494641696,
        "baseline_flow": 0.0,
        "baseline_speed": 13.890000000000002,
        "bottleneck_score": 0.008008662463270977,
        "delta_flow": 14.30965221466899,
        "edge_id": "-557469300#0",
        "phantom_risk": 0.0028633231540208287,
        "recommendation_load": 0.0,
        "safety_risk": 0.0
      },
      "type": "Feature"
    },
    {
      "geometry": {
        "coordinates": [
          [
            325788.14,
            4152279.8200000003
          ],
          [
            325828.94,
            4152166.19
          ]
        ],
        "type": "LineString"
      },
      "properties": {
        "adaptive_flow": 14.487577651024237,
        "adaptive_speed": 13.796829880439448,
        "baseline_flow": 0.0,
        "baseline_speed": 13.890000000000002,
        "bottleneck_score": 0.014756366241969432,
        "delta_flow": 14.487577651024237,
        "edge_id": "-557469300#1",
        "phantom_risk": 0.00477258415426459,
        "recommendation_load": 0.0,
        "safety_risk": 0.005450274199989742
      },
      "type": "Feature"
    },
    {
      "geometry": {
        "coordinates": [
          [
            325639.01,
            4152287.8200000003
          ],
          [
            325612.14,
            4152279.62
          ]
        ],
        "type": "LineString"
      },
      "properties": {
        "adaptive_flow": 0.0,
        "adaptive_speed": 8.329999999999998,
        "baseline_flow": 0.0,
        "baseline_speed": 8.329999999999998,
        "bottleneck_score": 2.220446049250313e-16,
        "delta_flow": 0.0,
        "edge_id": "-557469346#0",
        "phantom_risk": 0.0,
        "recommendation_load": 0.0,
        "safety_risk": 0.0
      },
      "type": "Feature"
    },
    {
      "geometry": {
        "coordinates": [
          [
            325660.65,
            4152294.0100000002
          ],
          [
            325648.0,
            4152290.45
          ]
        ],
        "type": "LineString"
      },
      "properties": {
        "adaptive_flow": 0.0,
        "adaptive_speed": 8.329999999999998,
        "baseline_flow": 0.0,
        "baseline_speed": 8.329999999999998,
        "bottleneck_score": 2.220446049250313e-16,
        "delta_flow": 0.0,
        "edge_id": "-557469346#1",
        "phantom_risk": 0.0,
        "recommendation_load": 0.0,
        "safety_risk": 0.0
      },
      "type": "Feature"
    },
    {
      "geometry": {
        "coordinates": [
          [
            325434.13,
            4152069.93
          ],
          [
            325404.17,
            4152153.24
          ],
          [
            325393.85000000003,
            4152180.96
          ],
          [
            325388.07,
            4152197.6100000003
          ]
        ],
        "type": "LineString"
      },
      "properties": {
        "adaptive_flow": 26.700924457306964,
        "adaptive_speed": 13.863584405541802,
        "baseline_flow": 30.829593480923403,
        "baseline_speed": 13.860907247682487,
        "bottleneck_score": 0.01673561758006359,
        "delta_flow": -4.128669023616439,
        "edge_id": "-913950883#0",
        "phantom_risk": 0.008055335147397234,
        "recommendation_load": 0.43333333333333335,
        "safety_risk": 0.008383424284525058
      },
      "type": "Feature"
    },
    {
      "geometry": {
        "coordinates": [
          [
            325899.47000000003,
            4151969.15
          ],
          [
            325830.19,
            4151945.0100000002
          ]
        ],
        "type": "LineString"
      },
      "properties": {
        "adaptive_flow": 0.0,
        "adaptive_speed": 5.560000000000001,
        "baseline_flow": 0.0,
        "baseline_speed": 5.560000000000001,
        "bottleneck_score": 0.0,
        "delta_flow": 0.0,
        "edge_id": "-914413362",
        "phantom_risk": 0.0,
        "recommendation_load": 0.0,
        "safety_risk": 0.0
      },
      "type": "Feature"
    },
    {
      "geometry": {
        "coordinates": [
          [
            325428.45,
            4152059.6950000003
          ],
          [
            325364.985,
            4152037.74
          ]
        ],
        "type": "LineString"
      },
      "properties": {
        "adaptive_flow": 0.0,
        "adaptive_speed": 13.890000000000002,
        "baseline_flow": 0.0,
        "baseline_speed": 13.890000000000002,
        "bottleneck_score": 0.0,
        "delta_flow": 0.0,
        "edge_id": "1011529829#0",
        "phantom_risk": 0.0,
        "recommendation_load": 0.0,
        "safety_risk": 0.0
      },
      "type": "Feature"
    },
    {
      "geometry": {
        "coordinates": [
          [
            325356.185,
            4152034.7800000003
          ],
          [
            325296.185,
            4152015.23
          ],
          [
            325285.83,
            4152011.865
          ],
          [
            325283.445,
            4152011.6950000003
          ]
        ],
        "type": "LineString"
      },
      "properties": {
        "adaptive_flow": 0.0,
        "adaptive_speed": 13.890000000000002,
        "baseline_flow": 0.0,
        "baseline_speed": 13.890000000000002,
        "bottleneck_score": 0.0,
        "delta_flow": 0.0,
        "edge_id": "1011529829#1",
        "phantom_risk": 0.0,
        "recommendation_load": 0.0,
        "safety_risk": 0.0
      },
      "type": "Feature"
    },
    {
      "geometry": {
        "coordinates": [
          [
            325425.61,
            4151840.0900000003
          ],
          [
            325451.2,
            4151767.8200000003
          ],
          [
            325453.59,
            4151761.5700000003
          ],
          [
            325471.73000000004,
            4151714.3200000003
          ],
          [
            325481.01,
            4151688.54
          ],
          [
            325480.14,
            4151685.2800000003
          ],
          [
            325478.52,
            4151682.42
          ],
          [
            325452.84,
            4151672.8400000003
          ],
          [
            325450.79000000004,
            4151671.54
          ],
          [
            325449.42,
            4151670.0100000002
          ],
          [
            325447.59,
            4151668.71
          ],
          [
            325444.73000000004,
            4151667.3600000003
          ],
          [
            325420.81,
            4151659.6
          ],
          [
            325418.64,
            4151659.79
          ],
          [
            325417.39,
            4151660.7800000003
          ],
          [
            325416.25,
            4151663.3400000003
          ],
          [
            325403.0,
            4151700.81
          ],
          [
            325396.64,
            4151718.81
          ],
          [
            325393.72000000003,
            4151725.5700000003
          ],
          [
            325391.84,
            4151728.73
          ],
          [
            325389.8,
            4151731.16
          ],
          [
            325388.23000000004,
            4151734.54
          ],
          [
            325384.15,
            4151746.5300000003
          ],
          [
            325383.29000000004,
            4151748.94
          ],
          [
            325370.81,
            4151783.87
          ],
          [
            325361.71,
            4151814.14
          ]
        ],
        "type": "LineString"
      },
      "properties": {
        "adaptive_flow": 0.0,
        "adaptive_speed": 2.7800000000000007,
        "baseline_flow": 0.0,
        "baseline_speed": 2.7800000000000007,
        "bottleneck_score": 0.0,
        "delta_flow": 0.0,
        "edge_id": "1046181891#0",
        "phantom_risk": 0.0,
        "recommendation_load": 0.0,
        "safety_risk": 0.0
      },
      "type": "Feature"
    },
    {
      "geometry": {
        "coordinates": [
          [
            325361.71,
            4151814.14
          ],
          [
            325361.47000000003,
            4151816.3600000003
          ],
          [
            325362.05,
            4151819.15
          ],
          [
            325363.18,
            4151821.31
          ],
          [
            325365.56,
            4151822.5900000003
          ],
          [
            325367.36,
            4151823.52
          ],
          [
            325387.59,
            4151830.58
          ],
          [
            325422.31,
            4151842.0
          ]
        ],
        "type": "LineString"
      },
      "properties": {
        "adaptive_flow": 0.0,
        "adaptive_speed": 2.7800000000000007,
        "baseline_flow": 0.0,
        "baseline_speed": 2.7800000000000007,
        "bottleneck_score": 0.0,
        "delta_flow": 0.0,
        "edge_id": "1046181891#1",
        "phantom_risk": 0.0,
        "recommendation_load": 0.0,
        "safety_risk": 0.0
      },
      "type": "Feature"
    },
    {
      "geometry": {
        "coordinates": [
          [
            325423.93,
            4151842.73
          ],
          [
            325424.13,
            4151842.74
          ]
        ],
        "type": "LineString"
      },
      "properties": {
        "adaptive_flow": 0.0,
        "adaptive_speed": 2.7800000000000007,
        "baseline_flow": 0.0,
        "baseline_speed": 2.7800000000000007,
        "bottleneck_score": 0.0,
        "delta_flow": 0.0,
        "edge_id": "1046181892#0",
        "phantom_risk": 0.0,
        "recommendation_load": 0.0,
        "safety_risk": 0.0
      },
      "type": "Feature"
    },
    {
      "geometry": {
        "coordinates": [
          [
            325437.27,
            4151843.43
          ],
          [
            325493.45,
            4151863.1100000003
          ]
        ],
        "type": "LineString"
      },
      "properties": {
        "adaptive_flow": 0.0,
        "adaptive_speed": 2.7800000000000007,
        "baseline_flow": 0.0,
        "baseline_speed": 2.7800000000000007,
        "bottleneck_score": 0.0,
        "delta_flow": 0.0,
        "edge_id": "1046181892#1",
        "phantom_risk": 0.0,
        "recommendation_load": 0.0,
        "safety_risk": 0.0
      },
      "type": "Feature"
    },
    {
      "geometry": {
        "coordinates": [
          [
            325511.33,
            4151873.5900000003
          ],
          [
            325516.77,
            4151874.95
          ],
          [
            325523.46,
            4151875.19
          ],
          [
            325530.73000000004,
            4151875.7800000003
          ],
          [
            325535.92,
            4151876.89
          ],
          [
            325542.94,
            4151878.9
          ],
          [
            325550.46,
            4151881.69
          ]
        ],
        "type": "LineString"
      },
      "properties": {
        "adaptive_flow": 0.0,
        "adaptive_speed": 2.7800000000000007,
        "baseline_flow": 0.0,
        "baseline_speed": 2.7800000000000007,
        "bottleneck_score": 0.0,
        "delta_flow": 0.0,
        "edge_id": "1046181894#1",
        "phantom_risk": 0.0,
        "recommendation_load": 0.0,
        "safety_risk": 0.0
      },
      "type": "Feature"
    },
    {
      "geometry": {
        "coordinates": [
          [
            325555.15,
            4151883.43
          ],
          [
            325586.29000000004,
            4151894.96
          ],
          [
            325586.69,
            4151895.12
          ]
        ],
        "type": "LineString"
      },
      "properties": {
        "adaptive_flow": 0.0,
        "adaptive_speed": 2.7800000000000007,
        "baseline_flow": 0.0,
        "baseline_speed": 2.7800000000000007,
        "bottleneck_score": 0.0,
        "delta_flow": 0.0,
        "edge_id": "1046181895#1",
        "phantom_risk": 0.0,
        "recommendation_load": 0.0,
        "safety_risk": 0.0
      },
      "type": "Feature"
    },
    {
      "geometry": {
        "coordinates": [
          [
            325592.19,
            4151897.29
          ],
          [
            325592.38,
            4151897.3600000003
          ]
        ],
        "type": "LineString"
      },
      "properties": {
        "adaptive_flow": 0.0,
        "adaptive_speed": 2.7800000000000007,
        "baseline_flow": 0.0,
        "baseline_speed": 2.7800000000000007,
        "bottleneck_score": 0.0,
        "delta_flow": 0.0,
        "edge_id": "1046181896#1",
        "phantom_risk": 0.0,
        "recommendation_load": 0.0,
        "safety_risk": 0.0
      },
      "type": "Feature"
    },
    {
      "geometry": {
        "coordinates": [
          [
            325709.02,
            4151991.24
          ],
          [
            325709.09,
            4151991.06
          ]
        ],
        "type": "LineString"
      },
      "properties": {
        "adaptive_flow": 0.0,
        "adaptive_speed": 8.329999999999998,
        "baseline_flow": 0.0,
        "baseline_speed": 8.329999999999998,
        "bottleneck_score": 2.220446049250313e-16,
        "delta_flow": 0.0,
        "edge_id": "1047544523",
        "phantom_risk": 0.0,
        "recommendation_load": 0.0,
        "safety_risk": 0.0
      },
      "type": "Feature"
    },
    {
      "geometry": {
        "coordinates": [
          [
            325630.37,
            4152028.1300000004
          ],
          [
            325629.29000000004,
            4152031.8400000003
          ],
          [
            325629.69,
            4152037.2800000003
          ],
          [
            325630.5,
            4152040.3400000003
          ],
          [
            325631.57,
            4152042.1100000003
          ],
          [
            325631.67,
            4152042.19
          ]
        ],
        "type": "LineString"
      },
      "properties": {
        "adaptive_flow": 0.0,
        "adaptive_speed": 2.7800000000000007,
        "baseline_flow": 0.0,
        "baseline_speed": 2.7800000000000007,
        "bottleneck_score": 0.0,
        "delta_flow": 0.0,
        "edge_id": "1047544524",
        "phantom_risk": 0.0,
        "recommendation_load": 0.0,
        "safety_risk": 0.0
      },
      "type": "Feature"
    },
    {
      "geometry": {
        "coordinates": [
          [
            325604.63,
            4152128.14
          ],
          [
            325587.67,
            4152175.6100000003
          ],
          [
            325580.71,
            4152195.67
          ],
          [
            325574.0,
            4152215.0300000003
          ],
          [
            325573.60000000003,
            4152216.23
          ]
        ],
        "type": "LineString"
      },
      "properties": {
        "adaptive_flow": 0.0,
        "adaptive_speed": 2.7800000000000007,
        "baseline_flow": 0.0,
        "baseline_speed": 2.7800000000000007,
        "bottleneck_score": 0.0,
        "delta_flow": 0.0,
        "edge_id": "1047544525#1",
        "phantom_risk": 0.0,
        "recommendation_load": 0.0,
        "safety_risk": 0.0
      },
      "type": "Feature"
    },
    {
      "geometry": {
        "coordinates": [
          [
            325570.65,
            4152224.81
          ],
          [
            325550.86,
            4152279.56
          ],
          [
            325547.04000000004,
            4152290.14
          ]
        ],
        "type": "LineString"
      },
      "properties": {
        "adaptive_flow": 0.0,
        "adaptive_speed": 2.7800000000000007,
        "baseline_flow": 0.0,
        "baseline_speed": 2.7800000000000007,
        "bottleneck_score": 0.0,
        "delta_flow": 0.0,
        "edge_id": "1047544527#1",
        "phantom_risk": 0.0,
        "recommendation_load": 0.0,
        "safety_risk": 0.0
      },
      "type": "Feature"
    },
    {
      "geometry": {
        "coordinates": [
          [
            325546.02,
            4152292.96
          ],
          [
            325541.77,
            4152304.75
          ]
        ],
        "type": "LineString"
      },
      "properties": {
        "adaptive_flow": 0.0,
        "adaptive_speed": 2.7800000000000007,
        "baseline_flow": 0.0,
        "baseline_speed": 2.7800000000000007,
        "bottleneck_score": 0.0,
        "delta_flow": 0.0,
        "edge_id": "1047544528#1",
        "phantom_risk": 0.0,
        "recommendation_load": 0.0,
        "safety_risk": 0.0
      },
      "type": "Feature"
    },
    {
      "geometry": {
        "coordinates": [
          [
            325536.3,
            4152321.3000000003
          ],
          [
            325523.68,
            4152356.06
          ],
          [
            325484.12,
            4152465.1300000004
          ]
        ],
        "type": "LineString"
      },
      "properties": {
        "adaptive_flow": 0.0,
        "adaptive_speed": 2.7800000000000007,
        "baseline_flow": 0.0,
        "baseline_speed": 2.7800000000000007,
        "bottleneck_score": 0.0,
        "delta_flow": 0.0,
        "edge_id": "1047544529#1",
        "phantom_risk": 0.0,
        "recommendation_load": 0.0,
        "safety_risk": 0.0
      },
      "type": "Feature"
    },
    {
      "geometry": {
        "coordinates": [
          [
            325660.65,
            4152019.0300000003
          ],
          [
            325658.37,
            4152018.1
          ],
          [
            325656.58,
            4152016.71
          ],
          [
            325655.10000000003,
            4152015.2
          ],
          [
            325654.43,
            4152013.1300000004
          ]
        ],
        "type": "LineString"
      },
      "properties": {
        "adaptive_flow": 0.0,
        "adaptive_speed": 2.7800000000000007,
        "baseline_flow": 0.0,
        "baseline_speed": 2.7800000000000007,
        "bottleneck_score": 0.0,
        "delta_flow": 0.0,
        "edge_id": "1047544535",
        "phantom_risk": 0.0,
        "recommendation_load": 0.0,
        "safety_risk": 0.0
      },
      "type": "Feature"
    },
    {
      "geometry": {
        "coordinates": [
          [
            325583.51,
            4151947.35
          ],
          [
            325582.43,
            4151944.7800000003
          ]
        ],
        "type": "LineString"
      },
      "properties": {
        "adaptive_flow": 0.0,
        "adaptive_speed": 2.7800000000000007,
        "baseline_flow": 0.0,
        "baseline_speed": 2.7800000000000007,
        "bottleneck_score": 0.0,
        "delta_flow": 0.0,
        "edge_id": "1047544536",
        "phantom_risk": 0.0,
        "recommendation_load": 0.0,
        "safety_risk": 0.0
      },
      "type": "Feature"
    },
    {
      "geometry": {
        "coordinates": [
          [
            325596.4,
            4152018.1300000004
          ],
          [
            325595.36,
            4152023.7
          ]
        ],
        "type": "LineString"
      },
      "properties": {
        "adaptive_flow": 0.0,
        "adaptive_speed": 2.7800000000000007,
        "baseline_flow": 0.0,
        "baseline_speed": 2.7800000000000007,
        "bottleneck_score": 0.0,
        "delta_flow": 0.0,
        "edge_id": "1047544537",
        "phantom_risk": 0.0,
        "recommendation_load": 0.0,
        "safety_risk": 0.0
      },
      "type": "Feature"
    },
    {
      "geometry": {
        "coordinates": [
          [
            325568.87,
            4151955.18
          ],
          [
            325574.12,
            4151941.58
          ]
        ],
        "type": "LineString"
      },
      "properties": {
        "adaptive_flow": 0.0,
        "adaptive_speed": 2.7800000000000007,
        "baseline_flow": 0.0,
        "baseline_speed": 2.7800000000000007,
        "bottleneck_score": 0.0,
        "delta_flow": 0.0,
        "edge_id": "1047544538",
        "phantom_risk": 0.0,
        "recommendation_load": 0.0,
        "safety_risk": 0.0
      },
      "type": "Feature"
    },
    {
      "geometry": {
        "coordinates": [
          [
            325596.67,
            4151897.49
          ],
          [
            325596.86,
            4151897.45
          ]
        ],
        "type": "LineString"
      },
      "properties": {
        "adaptive_flow": 0.0,
        "adaptive_speed": 2.7800000000000007,
        "baseline_flow": 0.0,
        "baseline_speed": 2.7800000000000007,
        "bottleneck_score": 0.0,
        "delta_flow": 0.0,
        "edge_id": "1047544539#1",
        "phantom_risk": 0.0,
        "recommendation_load": 0.0,
        "safety_risk": 0.0
      },
      "type": "Feature"
    },
    {
      "geometry": {
        "coordinates": [
          [
            325555.67,
            4151882.06
          ],
          [
            325585.08,
            4151893.02
          ],
          [
            325589.44,
            4151882.1
          ],
          [
            325575.47000000003,
            4151876.22
          ],
          [
            325580.44,
            4151862.58
          ],
          [
            325564.13,
            4151856.64
          ]
        ],
        "type": "LineString"
      },
      "properties": {
        "adaptive_flow": 0.0,
        "adaptive_speed": 2.7800000000000007,
        "baseline_flow": 0.0,
        "baseline_speed": 2.7800000000000007,
        "bottleneck_score": 0.0,
        "delta_flow": 0.0,
        "edge_id": "1056882896#1",
        "phantom_risk": 0.0,
        "recommendation_load": 0.0,
        "safety_risk": 0.0
      },
      "type": "Feature"
    },
    {
      "geometry": {
        "coordinates": [
          [
            325559.43,
            4151854.93
          ],
          [
            325537.2,
            4151846.85
          ],
          [
            325527.38,
            4151873.74
          ],
          [
            325532.91000000003,
            4151874.25
          ],
          [
            325540.96,
            4151876.58
          ],
          [
            325550.92,
            4151880.29
          ]
        ],
        "type": "LineString"
      },
      "properties": {
        "adaptive_flow": 0.0,
        "adaptive_speed": 2.7800000000000007,
        "baseline_flow": 0.0,
        "baseline_speed": 2.7800000000000007,
        "bottleneck_score": 0.0,
        "delta_flow": 0.0,
        "edge_id": "1056882896#2",
        "phantom_risk": 0.0,
        "recommendation_load": 0.0,
        "safety_risk": 0.0
      },
      "type": "Feature"
    },
    {
      "geometry": {
        "coordinates": [
          [
            325553.03,
            4151881.97
          ],
          [
            325553.10000000003,
            4151881.7800000003
          ]
        ],
        "type": "LineString"
      },
      "properties": {
        "adaptive_flow": 0.0,
        "adaptive_speed": 2.7800000000000007,
        "baseline_flow": 0.0,
        "baseline_speed": 2.7800000000000007,
        "bottleneck_score": 0.0,
        "delta_flow": 0.0,
        "edge_id": "1056882897#0",
        "phantom_risk": 0.0,
        "recommendation_load": 0.0,
        "safety_risk": 0.0
      },
      "type": "Feature"
    },
    {
      "geometry": {
        "coordinates": [
          [
            325554.10000000003,
            4151878.77
          ],
          [
            325560.95,
            4151858.18
          ]
        ],
        "type": "LineString"
      },
      "properties": {
        "adaptive_flow": 0.0,
        "adaptive_speed": 2.7800000000000007,
        "baseline_flow": 0.0,
        "baseline_speed": 2.7800000000000007,
        "bottleneck_score": 0.0,
        "delta_flow": 0.0,
        "edge_id": "1056882897#1",
        "phantom_risk": 0.0,
        "recommendation_load": 0.0,
        "safety_risk": 0.0
      },
      "type": "Feature"
    },
    {
      "geometry": {
        "coordinates": [
          [
            325652.06,
            4151744.72
          ],
          [
            325687.33,
            4151756.21
          ],
          [
            325688.53,
            4151757.0100000002
          ],
          [
            325689.17,
            4151758.14
          ],
          [
            325689.54000000004,
            4151760.0100000002
          ],
          [
            325689.47000000003,
            4151761.5300000003
          ],
          [
            325688.22000000003,
            4151765.44
          ],
          [
            325665.11,
            4151822.8000000003
          ],
          [
            325663.41000000003,
            4151825.31
          ],
          [
            325661.85000000003,
            4151827.14
          ],
          [
            325660.53,
            4151828.7
          ],
          [
            325657.93,
            4151831.35
          ],
          [
            325655.34,
            4151835.12
          ],
          [
            325653.56,
            4151839.0
          ],
          [
            325643.0,
            4151867.3000000003
          ],
          [
            325640.75,
            4151870.79
          ],
          [
            325634.84,
            4151875.14
          ],
          [
            325607.96,
            4151886.87
          ],
          [
            325602.23000000004,
            4151889.08
          ],
          [
            325599.43,
            4151890.44
          ],
          [
            325597.53,
            4151891.94
          ],
          [
            325596.09,
            4151893.71
          ],
          [
            325595.52,
            4151894.8800000004
          ]
        ],
        "type": "LineString"
      },
      "properties": {
        "adaptive_flow": 0.0,
        "adaptive_speed": 2.7800000000000007,
        "baseline_flow": 0.0,
        "baseline_speed": 2.7800000000000007,
        "bottleneck_score": 0.0,
        "delta_flow": 0.0,
        "edge_id": "1056882899",
        "phantom_risk": 0.0,
        "recommendation_load": 0.0,
        "safety_risk": 0.0
      },
      "type": "Feature"
    },
    {
      "geometry": {
        "coordinates": [
          [
            325587.57,
            4151902.0300000003
          ],
          [
            325588.74,
            4151898.68
          ]
        ],
        "type": "LineString"
      },
      "properties": {
        "adaptive_flow": 0.0,
        "adaptive_speed": 5.560000000000001,
        "baseline_flow": 0.0,
        "baseline_speed": 5.560000000000001,
        "bottleneck_score": 0.0,
        "delta_flow": 0.0,
        "edge_id": "1056882900#0",
        "phantom_risk": 0.0,
        "recommendation_load": 0.0,
        "safety_risk": 0.0
      },
      "type": "Feature"
    },
    {
      "geometry": {
        "coordinates": [
          [
            325590.48000000004,
            4151893.9
          ],
          [
            325604.10000000003,
            4151857.96
          ]
        ],
        "type": "LineString"
      },
      "properties": {
        "adaptive_flow": 0.0,
        "adaptive_speed": 5.560000000000001,
        "baseline_flow": 0.0,
        "baseline_speed": 5.560000000000001,
        "bottleneck_score": 0.0,
        "delta_flow": 0.0,
        "edge_id": "1056882900#1",
        "phantom_risk": 0.0,
        "recommendation_load": 0.0,
        "safety_risk": 0.0
      },
      "type": "Feature"
    },
    {
      "geometry": {
        "coordinates": [
          [
            325662.8,
            4151891.97
          ],
          [
            325660.73000000004,
            4151895.45
          ]
        ],
        "type": "LineString"
      },
      "properties": {
        "adaptive_flow": 0.0,
        "adaptive_speed": 44.44000000000001,
        "baseline_flow": 0.0,
        "baseline_speed": 44.44000000000001,
        "bottleneck_score": 0.0,
        "delta_flow": 0.0,
        "edge_id": "1063795999#0",
        "phantom_risk": 0.0,
        "recommendation_load": 0.0,
        "safety_risk": 0.0
      },
      "type": "Feature"
    },
    {
      "geometry": {
        "coordinates": [
          [
            325651.01,
            4151912.5
          ],
          [
            325648.7,
            4151916.7600000002
          ]
        ],
        "type": "LineString"
      },
      "properties": {
        "adaptive_flow": 0.0,
        "adaptive_speed": 44.44000000000001,
        "baseline_flow": 0.0,
        "baseline_speed": 44.44000000000001,
        "bottleneck_score": 0.0,
        "delta_flow": 0.0,
        "edge_id": "1063795999#1",
        "phantom_risk": 0.0,
        "recommendation_load": 0.0,
        "safety_risk": 0.0
      },
      "type": "Feature"
    },
    {
      "geometry": {
        "coordinates": [
          [
            325657.78,
            4151891.5
          ],
          [
            325657.29000000004,
            4151894.16
          ]
        ],
        "type": "LineString"
      },
      "properties": {
        "adaptive_flow": 0.0,
        "adaptive_speed": 44.44000000000001,
        "baseline_flow": 0.0,
        "baseline_speed": 44.44000000000001,
        "bottleneck_score": 0.0,
        "delta_flow": 0.0,
        "edge_id": "1063796000#0",
        "phantom_risk": 0.0,
        "recommendation_load": 0.0,
        "safety_risk": 0.0
      },
      "type": "Feature"
    },
    {
      "geometry": {
        "coordinates": [
          [
            325654.60000000003,
            4151913.58
          ],
          [
            325654.23000000004,
            4151917.7600000002
          ]
        ],
        "type": "LineString"
      },
      "properties": {
        "adaptive_flow": 0.0,
        "adaptive_speed": 44.44000000000001,
        "baseline_flow": 0.0,
        "baseline_speed": 44.44000000000001,
        "bottleneck_score": 0.0,
        "delta_flow": 0.0,
        "edge_id": "1063796000#1",
        "phantom_risk": 0.0,
        "recommendation_load": 0.0,
        "safety_risk": 0.0
      },
      "type": "Feature"
    },
    {
      "geometry": {
        "coordinates": [
          [
            325348.03,
            4151827.1300000004
          ],
          [
            325359.27,
            4151831.2
          ],
          [
            325363.84,
            4151832.85
          ],
          [
            325425.94333333336,
            4151855.2550000004
          ]
        ],
        "type": "LineString"
      },
      "properties": {
        "adaptive_flow": 0.0,
        "adaptive_speed": 27.780000000000005,
        "baseline_flow": 0.0,
        "baseline_speed": 27.780000000000005,
        "bottleneck_score": 0.0,
        "delta_flow": 0.0,
        "edge_id": "1117538957#0",
        "phantom_risk": 0.0,
        "recommendation_load": 0.0,
        "safety_risk": 0.0
      },
      "type": "Feature"
    },
    {
      "geometry": {
        "coordinates": [
          [
            325427.37,
            4151855.77
          ],
          [
            325487.8983333333,
            4151877.8400000003
          ]
        ],
        "type": "LineString"
      },
      "properties": {
        "adaptive_flow": 0.0,
        "adaptive_speed": 27.780000000000005,
        "baseline_flow": 0.0,
        "baseline_speed": 27.780000000000005,
        "bottleneck_score": 0.0,
        "delta_flow": 0.0,
        "edge_id": "1117538957#1",
        "phantom_risk": 0.0,
        "recommendation_load": 0.0,
        "safety_risk": 0.0
      },
      "type": "Feature"
    },
    {
      "geometry": {
        "coordinates": [
          [
            325504.12333333335,
            4151883.7333333334
          ],
          [
            325580.9,
            4151911.4450000003
          ]
        ],
        "type": "LineString"
      },
      "properties": {
        "adaptive_flow": 0.0,
        "adaptive_speed": 27.780000000000005,
        "baseline_flow": 0.0,
        "baseline_speed": 27.780000000000005,
        "bottleneck_score": 0.0,
        "delta_flow": 0.0,
        "edge_id": "1117538957#2",
        "phantom_risk": 0.0,
        "recommendation_load": 0.0,
        "safety_risk": 0.0
      },
      "type": "Feature"
    },
    {
      "geometry": {
        "coordinates": [
          [
            325586.7166666667,
            4151913.546666667
          ],
          [
            325601.905,
            4151919.046666667
          ]
        ],
        "type": "LineString"
      },
      "properties": {
        "adaptive_flow": 0.0,
        "adaptive_speed": 27.780000000000005,
        "baseline_flow": 0.0,
        "baseline_speed": 27.780000000000005,
        "bottleneck_score": 0.0,
        "delta_flow": 0.0,
        "edge_id": "1117538957#3",
        "phantom_risk": 0.0,
        "recommendation_load": 0.0,
        "safety_risk": 0.0
      },
      "type": "Feature"
    },
    {
      "geometry": {
        "coordinates": [
          [
            325772.36,
            4152260.98
          ],
          [
            325782.06,
            4152280.19
          ]
        ],
        "type": "LineString"
      },
      "properties": {
        "adaptive_flow": 64.5276949625481,
        "adaptive_speed": 13.83485709375584,
        "baseline_flow": 49.30936321271397,
        "baseline_speed": 13.872059548264868,
        "bottleneck_score": 0.03981869107548526,
        "delta_flow": 15.218331749834128,
        "edge_id": "117790031#0",
        "phantom_risk": 0.017981952852459064,
        "recommendation_load": 0.375,
        "safety_risk": 0.0004950673936731153
      },
      "type": "Feature"
    },
    {
      "geometry": {
        "coordinates": [
          [
            325789.8,
            4152294.96
          ],
          [
            325808.43,
            4152330.3200000003
          ],
          [
            325821.55,
            4152359.2600000002
          ],
          [
            325823.84,
            4152367.66
          ]
        ],
        "type": "LineString"
      },
      "properties": {
        "adaptive_flow": 23.56282325047073,
        "adaptive_speed": 13.842533295176407,
        "baseline_flow": 0.9355766630273218,
        "baseline_speed": 13.886471428483487,
        "bottleneck_score": 0.016507786722322476,
        "delta_flow": 22.627246587443405,
        "edge_id": "117790031#2",
        "phantom_risk": 0.0066735872720132036,
        "recommendation_load": 0.0,
        "safety_risk": 0.0024846132274719975
      },
      "type": "Feature"
    },
    {
      "geometry": {
        "coordinates": [
          [
            325827.5,
            4152383.56
          ],
          [
            325827.67,
            4152384.5900000003
          ],
          [
            325818.52,
            4152416.1300000004
          ],
          [
            325805.47000000003,
            4152452.45
          ]
        ],
        "type": "LineString"
      },
      "properties": {
        "adaptive_flow": 0.0,
        "adaptive_speed": 13.890000000000002,
        "baseline_flow": 0.0,
        "baseline_speed": 13.890000000000002,
        "bottleneck_score": 0.0,
        "delta_flow": 0.0,
        "edge_id": "117790031#3",
        "phantom_risk": 0.0,
        "recommendation_load": 0.0,
        "safety_risk": 0.0
      },
      "type": "Feature"
    },
    {
      "geometry": {
        "coordinates": [
          [
            325937.67,
            4152771.7800000003
          ],
          [
            325912.36,
            4152732.0300000003
          ],
          [
            325889.82,
            4152700.92
          ],
          [
            325854.18,
            4152651.68
          ],
          [
            325798.7,
            4152571.15
          ],
          [
            325786.24,
            4152553.19
          ],
          [
            325759.37,
            4152516.58
          ],
          [
            325757.04000000004,
            4152513.2600000002
          ],
          [
            325703.08,
            4152438.12
          ],
          [
            325644.25,
            4152356.2
          ],
          [
            325654.62,
            4152323.41
          ]
        ],
        "type": "LineString"
      },
      "properties": {
        "adaptive_flow": 0.0,
        "adaptive_speed": 13.890000000000002,
        "baseline_flow": 0.0,
        "baseline_speed": 13.890000000000002,
        "bottleneck_score": 0.0,
        "delta_flow": 0.0,
        "edge_id": "117790062#0",
        "phantom_risk": 0.0,
        "recommendation_load": 0.0,
        "safety_risk": 0.0
      },
      "type": "Feature"
    },
    {
      "geometry": {
        "coordinates": [
          [
            325658.98000000004,
            4152309.67
          ],
          [
            325662.74,
            4152297.87
          ]
        ],
        "type": "LineString"
      },
      "properties": {
        "adaptive_flow": 43.27872961034836,
        "adaptive_speed": 13.581100770335691,
        "baseline_flow": 50.15645289665513,
        "baseline_speed": 13.486817320645397,
        "bottleneck_score": 0.04628270409101258,
        "delta_flow": -6.877723286306775,
        "edge_id": "117790062#1",
        "phantom_risk": 0.012021869336207877,
        "recommendation_load": 1.1,
        "safety_risk": 0.0
      },
      "type": "Feature"
    },
    {
      "geometry": {
        "coordinates": [
          [
            325668.31,
            4152283.94
          ],
          [
            325676.0,
            4152261.58
          ]
        ],
        "type": "LineString"
      },
      "properties": {
        "adaptive_flow": 77.17641224706685,
        "adaptive_speed": 13.729867166822135,
        "baseline_flow": 77.84526779821906,
        "baseline_speed": 13.725526210644517,
        "bottleneck_score": 0.05440442627917428,
        "delta_flow": -0.6688555511522054,
        "edge_id": "117790062#3",
        "phantom_risk": 0.021484468337743555,
        "recommendation_load": 1.1,
        "safety_risk": 0.0012939047912139334
      },
      "type": "Feature"
    },
    {
      "geometry": {
        "coordinates": [
          [
            325835.63,
            4152031.2
          ],
          [
            325835.82,
            4152031.2600000002
          ]
        ],
        "type": "LineString"
      },
      "properties": {
        "adaptive_flow": 0.0,
        "adaptive_speed": 2.7800000000000007,
        "baseline_flow": 0.0,
        "baseline_speed": 2.7800000000000007,
        "bottleneck_score": 0.0,
        "delta_flow": 0.0,
        "edge_id": "1206937175#0",
        "phantom_risk": 0.0,
        "recommendation_load": 0.0,
        "safety_risk": 0.0
      },
      "type": "Feature"
    },
    {
      "geometry": {
        "coordinates": [
          [
            325846.52,
            4152035.02
          ],
          [
            325846.71,
            4152035.08
          ]
        ],
        "type": "LineString"
      },
      "properties": {
        "adaptive_flow": 0.0,
        "adaptive_speed": 2.7800000000000007,
        "baseline_flow": 0.0,
        "baseline_speed": 2.7800000000000007,
        "bottleneck_score": 0.0,
        "delta_flow": 0.0,
        "edge_id": "1206937175#1",
        "phantom_risk": 0.0,
        "recommendation_load": 0.0,
        "safety_risk": 0.0
      },
      "type": "Feature"
    },
    {
      "geometry": {
        "coordinates": [
          [
            325935.58,
            4152071.16
          ],
          [
            325929.24,
            4152065.65
          ],
          [
            325847.9,
            4152035.5300000003
          ]
        ],
        "type": "LineString"
      },
      "properties": {
        "adaptive_flow": 0.0,
        "adaptive_speed": 2.7800000000000007,
        "baseline_flow": 0.0,
        "baseline_speed": 2.7800000000000007,
        "bottleneck_score": 0.0,
        "delta_flow": 0.0,
        "edge_id": "1206937177",
        "phantom_risk": 0.0,
        "recommendation_load": 0.0,
        "safety_risk": 0.0
      },
      "type": "Feature"
    },
    {
      "geometry": {
        "coordinates": [
          [
            325834.14,
            4152030.67
          ],
          [
            325734.48000000004,
            4151995.4
          ]
        ],
        "type": "LineString"
      },
      "properties": {
        "adaptive_flow": 0.0,
        "adaptive_speed": 2.7800000000000007,
        "baseline_flow": 0.0,
        "baseline_speed": 2.7800000000000007,
        "bottleneck_score": 0.0,
        "delta_flow": 0.0,
        "edge_id": "1206937178#0",
        "phantom_risk": 0.0,
        "recommendation_load": 0.0,
        "safety_risk": 0.0
      },
      "type": "Feature"
    },
    {
      "geometry": {
        "coordinates": [
          [
            325730.59,
            4151995.74
          ],
          [
            325712.23000000004,
            4151989.5700000003
          ]
        ],
        "type": "LineString"
      },
      "properties": {
        "adaptive_flow": 0.0,
        "adaptive_speed": 2.7800000000000007,
        "baseline_flow": 0.0,
        "baseline_speed": 2.7800000000000007,
        "bottleneck_score": 0.0,
        "delta_flow": 0.0,
        "edge_id": "1206937178#1",
        "phantom_risk": 0.0,
        "recommendation_load": 0.0,
        "safety_risk": 0.0
      },
      "type": "Feature"
    },
    {
      "geometry": {
        "coordinates": [
          [
            325732.83,
            4151992.5300000003
          ],
          [
            325732.92,
            4151992.27
          ],
          [
            325731.60000000003,
            4151991.77
          ]
        ],
        "type": "LineString"
      },
      "properties": {
        "adaptive_flow": 0.0,
        "adaptive_speed": 2.7800000000000007,
        "baseline_flow": 0.0,
        "baseline_speed": 2.7800000000000007,
        "bottleneck_score": 0.0,
        "delta_flow": 0.0,
        "edge_id": "1206937179",
        "phantom_risk": 0.0,
        "recommendation_load": 0.0,
        "safety_risk": 0.0
      },
      "type": "Feature"
    },
    {
      "geometry": {
        "coordinates": [
          [
            325655.885,
            4151884.41
          ],
          [
            325677.445,
            4151826.025
          ]
        ],
        "type": "LineString"
      },
      "properties": {
        "adaptive_flow": 0.0,
        "adaptive_speed": 27.780000000000005,
        "baseline_flow": 0.0,
        "baseline_speed": 27.780000000000005,
        "bottleneck_score": 0.0,
        "delta_flow": 0.0,
        "edge_id": "1229817205#0",
        "phantom_risk": 0.0,
        "recommendation_load": 0.0,
        "safety_risk": 0.0
      },
      "type": "Feature"
    },
    {
      "geometry": {
        "coordinates": [
          [
            325686.91000000003,
            4151800.41
          ],
          [
            325686.98000000004,
            4151800.225
          ]
        ],
        "type": "LineString"
      },
      "properties": {
        "adaptive_flow": 0.0,
        "adaptive_speed": 27.780000000000005,
        "baseline_flow": 0.0,
        "baseline_speed": 27.780000000000005,
        "bottleneck_score": 0.0,
        "delta_flow": 0.0,
        "edge_id": "1229817205#1",
        "phantom_risk": 0.0,
        "recommendation_load": 0.0,
        "safety_risk": 0.0
      },
      "type": "Feature"
    },
    {
      "geometry": {
        "coordinates": [
          [
            325536.69,
            4151918.27
          ],
          [
            325482.60000000003,
            4152071.08
          ]
        ],
        "type": "LineString"
      },
      "properties": {
        "adaptive_flow": 0.0,
        "adaptive_speed": 5.560000000000001,
        "baseline_flow": 0.0,
        "baseline_speed": 5.560000000000001,
        "bottleneck_score": 0.0,
        "delta_flow": 0.0,
        "edge_id": "129731711",
        "phantom_risk": 0.0,
        "recommendation_load": 0.0,
        "safety_risk": 0.0
      },
      "type": "Feature"
    },
    {
      "geometry": {
        "coordinates": [
          [
            325494.43,
            4151902.04
          ],
          [
            325494.28,
            4151902.45
          ]
        ],
        "type": "LineString"
      },
      "properties": {
        "adaptive_flow": 37.700493444901355,
        "adaptive_speed": 13.79796841943258,
        "baseline_flow": 27.38721884890199,
        "baseline_speed": 13.797335740743248,
        "bottleneck_score": 0.027570462321855692,
        "delta_flow": 10.313274595999363,
        "edge_id": "129731721#0",
        "phantom_risk": 0.0007635219517215786,
        "recommendation_load": 0.7583333333333333,
        "safety_risk": 0.0
      },
      "type": "Feature"
    },
    {
      "geometry": {
        "coordinates": [
          [
            325492.51,
            4151907.12
          ],
          [
            325491.84,
            4151908.9
          ],
          [
            325479.86,
            4151942.4
          ],
          [
            325442.60000000003,
            4152046.37
          ]
        ],
        "type": "LineString"
      },
      "properties": {
        "adaptive_flow": 47.96115901218924,
        "adaptive_speed": 13.71875952817829,
        "baseline_flow": 52.51746081718208,
        "baseline_speed": 13.705694417820697,
        "bottleneck_score": 0.038973416045051876,
        "delta_flow": -4.5563018049928345,
        "edge_id": "129731721#1",
        "phantom_risk": 0.019217850187161496,
        "recommendation_load": 0.7583333333333333,
        "safety_risk": 0.14394029071913803
      },
      "type": "Feature"
    },
    {
      "geometry": {
        "coordinates": [
          [
            325671.34,
            4152117.91
          ],
          [
            325769.41000000003,
            4152153.52
          ]
        ],
        "type": "LineString"
      },
      "properties": {
        "adaptive_flow": 69.2256228429868,
        "adaptive_speed": 13.591143411888009,
        "baseline_flow": 78.54721568898564,
        "baseline_speed": 13.558656713330825,
        "bottleneck_score": 0.059974632425032835,
        "delta_flow": -9.32159284599885,
        "edge_id": "129731852",
        "phantom_risk": 0.024927283132572663,
        "recommendation_load": 0.9,
        "safety_risk": 0.1608705854977003
      },
      "type": "Feature"
    },
    {
      "geometry": {
        "coordinates": [
          [
            325663.94,
            4152018.5900000003
          ],
          [
            325688.03,
            4152027.44
          ]
        ],
        "type": "LineString"
      },
      "properties": {
        "adaptive_flow": 0.0,
        "adaptive_speed": 13.890000000000002,
        "baseline_flow": 0.0,
        "baseline_speed": 13.890000000000002,
        "bottleneck_score": 0.0,
        "delta_flow": 0.0,
        "edge_id": "129731857#0",
        "phantom_risk": 0.0,
        "recommendation_load": 0.0,
        "safety_risk": 0.0
      },
      "type": "Feature"
    },
    {
      "geometry": {
        "coordinates": [
          [
            325701.64,
            4152032.2600000002
          ],
          [
            325820.89,
            4152073.0700000003
          ]
        ],
        "type": "LineString"
      },
      "properties": {
        "adaptive_flow": 110.07536011932467,
        "adaptive_speed": 13.225176347314141,
        "baseline_flow": 91.55652797990543,
        "baseline_speed": 13.313186877539419,
        "bottleneck_score": 0.10901645175953789,
        "delta_flow": 18.518832139419246,
        "edge_id": "129731857#1",
        "phantom_risk": 0.04786419224695718,
        "recommendation_load": 1.2666666666666666,
        "safety_risk": 0.18255004733765082
      },
      "type": "Feature"
    },
    {
      "geometry": {
        "coordinates": [
          [
            325834.78,
            4152077.8600000003
          ],
          [
            325930.37,
            4152111.0700000003
          ]
        ],
        "type": "LineString"
      },
      "properties": {
        "adaptive_flow": 0.0,
        "adaptive_speed": 13.890000000000002,
        "baseline_flow": 0.0,
        "baseline_speed": 13.890000000000002,
        "bottleneck_score": 0.0,
        "delta_flow": 0.0,
        "edge_id": "129731857#2",
        "phantom_risk": 0.0,
        "recommendation_load": 0.0,
        "safety_risk": 0.0
      },
      "type": "Feature"
    },
    {
      "geometry": {
        "coordinates": [
          [
            325842.78,
            4152034.21
          ],
          [
            325830.99,
            4152070.5300000003
          ]
        ],
        "type": "LineString"
      },
      "properties": {
        "adaptive_flow": 0.0,
        "adaptive_speed": 13.890000000000002,
        "baseline_flow": 0.0,
        "baseline_speed": 13.890000000000002,
        "bottleneck_score": 0.0,
        "delta_flow": 0.0,
        "edge_id": "129731858#1",
        "phantom_risk": 0.0,
        "recommendation_load": 0.0,
        "safety_risk": 0.0
      },
      "type": "Feature"
    },
    {
      "geometry": {
        "coordinates": [
          [
            325826.85000000003,
            4152084.5300000003
          ],
          [
            325822.23000000004,
            4152101.7600000002
          ]
        ],
        "type": "LineString"
      },
      "properties": {
        "adaptive_flow": 53.950495789454905,
        "adaptive_speed": 13.742144170066586,
        "baseline_flow": 40.04305610379135,
        "baseline_speed": 13.778393174812347,
        "bottleneck_score": 0.04061726583456021,
        "delta_flow": 13.907439685663554,
        "edge_id": "129731858#2",
        "phantom_risk": 0.01498624883040414,
        "recommendation_load": 0.19166666666666668,
        "safety_risk": 0.0
      },
      "type": "Feature"
    },
    {
      "geometry": {
        "coordinates": [
          [
            325819.39,
            4152110.5500000003
          ],
          [
            325811.79000000004,
            4152130.6
          ]
        ],
        "type": "LineString"
      },
      "properties": {
        "adaptive_flow": 58.917006264279024,
        "adaptive_speed": 13.719371019698539,
        "baseline_flow": 33.54189389384598,
        "baseline_speed": 13.829323112523351,
        "bottleneck_score": 0.04501597398421999,
        "delta_flow": 25.375112370433044,
        "edge_id": "129731858#3",
        "phantom_risk": 0.01636583507341084,
        "recommendation_load": 0.26666666666666666,
        "safety_risk": 0.0
      },
      "type": "Feature"
    },
    {
      "geometry": {
        "coordinates": [
          [
            325681.44,
            4152090.77
          ],
          [
            325801.52,
            4152132.97
          ]
        ],
        "type": "LineString"
      },
      "properties": {
        "adaptive_flow": 138.7223640471507,
        "adaptive_speed": 13.044559030926893,
        "baseline_flow": 109.56667275285895,
        "baseline_speed": 13.12040792833446,
        "bottleneck_score": 0.13793486044902478,
        "delta_flow": 29.155691294291756,
        "edge_id": "129731859#0",
        "phantom_risk": 0.04732929966933124,
        "recommendation_load": 2.6083333333333334,
        "safety_risk": 0.18426451411870132
      },
      "type": "Feature"
    },
    {
      "geometry": {
        "coordinates": [
          [
            325815.12,
            4152137.73
          ],
          [
            325833.57,
            4152144.17
          ]
        ],
        "type": "LineString"
      },
      "properties": {
        "adaptive_flow": 33.89226943746339,
        "adaptive_speed": 13.785043921866126,
        "baseline_flow": 39.29390906685887,
        "baseline_speed": 13.73855695668771,
        "bottleneck_score": 0.02638527170335727,
        "delta_flow": -5.401639629395483,
        "edge_id": "129731859#1",
        "phantom_risk": 0.009414519288184275,
        "recommendation_load": 0.5416666666666666,
        "safety_risk": 0.0
      },
      "type": "Feature"
    },
    {
      "geometry": {
        "coordinates": [
          [
            325842.44,
            4152147.2600000002
          ],
          [
            325911.61,
            4152171.37
          ],
          [
            325988.61,
            4152199.5
          ],
          [
            326017.87,
            4152210.41
          ],
          [
            326025.12,
            4152213.1100000003
          ],
          [
            326065.18,
            4152227.35
          ],
          [
            326107.68,
            4152244.81
          ],
          [
            326114.16000000003,
            4152246.41
          ],
          [
            326136.05,
            4152239.5100000002
          ],
          [
            326161.62,
            4152232.3400000003
          ],
          [
            326175.59,
            4152228.83
          ],
          [
            326184.42,
            4152227.5900000003
          ]
        ],
        "type": "LineString"
      },
      "properties": {
        "adaptive_flow": 0.0,
        "adaptive_speed": 13.890000000000002,
        "baseline_flow": 0.0,
        "baseline_speed": 13.890000000000002,
        "bottleneck_score": 0.0,
        "delta_flow": 0.0,
        "edge_id": "129731859#2",
        "phantom_risk": 0.0,
        "recommendation_load": 0.0,
        "safety_risk": 0.0
      },
      "type": "Feature"
    },
    {
      "geometry": {
        "coordinates": [
          [
            325603.76,
            4152121.02
          ],
          [
            325604.12,
            4152121.16
          ]
        ],
        "type": "LineString"
      },
      "properties": {
        "adaptive_flow": 0.0,
        "adaptive_speed": 8.329999999999998,
        "baseline_flow": 0.0,
        "baseline_speed": 8.329999999999998,
        "bottleneck_score": 2.220446049250313e-16,
        "delta_flow": 0.0,
        "edge_id": "129733412#0",
        "phantom_risk": 0.0,
        "recommendation_load": 0.0,
        "safety_risk": 0.0
      },
      "type": "Feature"
    },
    {
      "geometry": {
        "coordinates": [
          [
            325609.13,
            4152123.02
          ],
          [
            325652.04000000004,
            4152138.71
          ]
        ],
        "type": "LineString"
      },
      "properties": {
        "adaptive_flow": 0.0,
        "adaptive_speed": 8.329999999999998,
        "baseline_flow": 0.0,
        "baseline_speed": 8.329999999999998,
        "bottleneck_score": 2.220446049250313e-16,
        "delta_flow": 0.0,
        "edge_id": "129733412#1",
        "phantom_risk": 0.0,
        "recommendation_load": 0.0,
        "safety_risk": 0.0
      },
      "type": "Feature"
    },
    {
      "geometry": {
        "coordinates": [
          [
            325661.01,
            4152141.98
          ],
          [
            325686.82,
            4152151.33
          ]
        ],
        "type": "LineString"
      },
      "properties": {
        "adaptive_flow": 0.0,
        "adaptive_speed": 8.329999999999998,
        "baseline_flow": 0.0,
        "baseline_speed": 8.329999999999998,
        "bottleneck_score": 2.220446049250313e-16,
        "delta_flow": 0.0,
        "edge_id": "129733412#2",
        "phantom_risk": 0.0,
        "recommendation_load": 0.0,
        "safety_risk": 0.0
      },
      "type": "Feature"
    },
    {
      "geometry": {
        "coordinates": [
          [
            325695.57,
            4152154.3400000003
          ],
          [
            325733.4,
            4152166.68
          ],
          [
            325760.87,
            4152174.85
          ]
        ],
        "type": "LineString"
      },
      "properties": {
        "adaptive_flow": 0.0,
        "adaptive_speed": 8.329999999999998,
        "baseline_flow": 0.0,
        "baseline_speed": 8.329999999999998,
        "bottleneck_score": 2.220446049250313e-16,
        "delta_flow": 0.0,
        "edge_id": "129733412#3",
        "phantom_risk": 0.0,
        "recommendation_load": 0.0,
        "safety_risk": 0.0
      },
      "type": "Feature"
    },
    {
      "geometry": {
        "coordinates": [
          [
            325690.66000000003,
            4152159.3600000003
          ],
          [
            325678.23000000004,
            4152197.16
          ]
        ],
        "type": "LineString"
      },
      "properties": {
        "adaptive_flow": 0.0,
        "adaptive_speed": 5.560000000000001,
        "baseline_flow": 0.0,
        "baseline_speed": 5.560000000000001,
        "bottleneck_score": 0.0,
        "delta_flow": 0.0,
        "edge_id": "129733422",
        "phantom_risk": 0.0,
        "recommendation_load": 0.0,
        "safety_risk": 0.0
      },
      "type": "Feature"
    },
    {
      "geometry": {
        "coordinates": [
          [
            325762.95,
            4152262.31
          ],
          [
            325760.2,
            4152267.35
          ],
          [
            325757.01,
            4152272.54
          ],
          [
            325752.25,
            4152275.7800000003
          ],
          [
            325740.8,
            4152276.8600000003
          ],
          [
            325722.12,
            4152272.3200000003
          ],
          [
            325686.14,
            4152259.22
          ]
        ],
        "type": "LineString"
      },
      "properties": {
        "adaptive_flow": 126.93103043080868,
        "adaptive_speed": 13.00180980146018,
        "baseline_flow": 108.50386778283006,
        "baseline_speed": 13.337541739465136,
        "bottleneck_score": 0.1344618178567959,
        "delta_flow": 18.42716264797862,
        "edge_id": "129733424#0",
        "phantom_risk": 0.04421027132121201,
        "recommendation_load": 1.7583333333333333,
        "safety_risk": 0.11186226604737094
      },
      "type": "Feature"
    },
    {
      "geometry": {
        "coordinates": [
          [
            325672.5,
            4152254.48
          ],
          [
            325670.52,
            4152253.8200000003
          ]
        ],
        "type": "LineString"
      },
      "properties": {
        "adaptive_flow": 183.57127999702763,
        "adaptive_speed": 13.815441963556506,
        "baseline_flow": 166.373874929167,
        "baseline_speed": 13.80214908059798,
        "bottleneck_score": 0.10735179364678843,
        "delta_flow": 17.197405067860643,
        "edge_id": "129733424#1",
        "phantom_risk": 0.013040414894615748,
        "recommendation_load": 2.2,
        "safety_risk": 0.0
      },
      "type": "Feature"
    },
    {
      "geometry": {
        "coordinates": [
          [
            325661.59,
            4152250.8400000003
          ],
          [
            325628.93,
            4152239.8200000003
          ]
        ],
        "type": "LineString"
      },
      "properties": {
        "adaptive_flow": 188.38436177608872,
        "adaptive_speed": 13.157422151527282,
        "baseline_flow": 154.9724238634787,
        "baseline_speed": 13.057149934436877,
        "bottleneck_score": 0.15739936454366715,
        "delta_flow": 33.41193791261003,
        "edge_id": "129733424#2",
        "phantom_risk": 0.054331568635653034,
        "recommendation_load": 2.5833333333333335,
        "safety_risk": 0.040591293059223744
      },
      "type": "Feature"
    },
    {
      "geometry": {
        "coordinates": [
          [
            325615.32,
            4152235.06
          ],
          [
            325577.23000000004,
            4152221.22
          ]
        ],
        "type": "LineString"
      },
      "properties": {
        "adaptive_flow": 36.45846451040024,
        "adaptive_speed": 13.549867504453449,
        "baseline_flow": 86.89852304567745,
        "baseline_speed": 13.220579409547708,
        "bottleneck_score": 0.044742283178675825,
        "delta_flow": -50.44005853527721,
        "edge_id": "129733424#3",
        "phantom_risk": 0.011550328537693838,
        "recommendation_load": 0.75,
        "safety_risk": 0.017495450328328964
      },
      "type": "Feature"
    },
    {
      "geometry": {
        "coordinates": [
          [
            325295.22000000003,
            4152018.22
          ],
          [
            325425.36,
            4152061.48
          ],
          [
            325427.54000000004,
            4152062.2600000002
          ]
        ],
        "type": "LineString"
      },
      "properties": {
        "adaptive_flow": 0.0,
        "adaptive_speed": 2.7800000000000007,
        "baseline_flow": 0.0,
        "baseline_speed": 2.7800000000000007,
        "bottleneck_score": 0.0,
        "delta_flow": 0.0,
        "edge_id": "1302325271",
        "phantom_risk": 0.0,
        "recommendation_load": 0.0,
        "safety_risk": 0.0
      },
      "type": "Feature"
    },
    {
      "geometry": {
        "coordinates": [
          [
            325367.64,
            4152025.49
          ],
          [
            325428.87,
            4152046.87
          ],
          [
            325432.57,
            4152048.17
          ]
        ],
        "type": "LineString"
      },
      "properties": {
        "adaptive_flow": 0.0,
        "adaptive_speed": 2.7800000000000007,
        "baseline_flow": 0.0,
        "baseline_speed": 2.7800000000000007,
        "bottleneck_score": 0.0,
        "delta_flow": 0.0,
        "edge_id": "1302325273",
        "phantom_risk": 0.0,
        "recommendation_load": 0.0,
        "safety_risk": 0.0
      },
      "type": "Feature"
    },
    {
      "geometry": {
        "coordinates": [
          [
            325441.22000000003,
            4152067.14
          ],
          [
            325441.44,
            4152067.22
          ],
          [
            325476.3,
            4152078.2600000002
          ]
        ],
        "type": "LineString"
      },
      "properties": {
        "adaptive_flow": 0.0,
        "adaptive_speed": 2.7800000000000007,
        "baseline_flow": 0.0,
        "baseline_speed": 2.7800000000000007,
        "bottleneck_score": 0.0,
        "delta_flow": 0.0,
        "edge_id": "1302325278#1",
        "phantom_risk": 0.0,
        "recommendation_load": 0.0,
        "safety_risk": 0.0
      },
      "type": "Feature"
    },
    {
      "geometry": {
        "coordinates": [
          [
            325446.2,
            4152052.95
          ],
          [
            325446.5,
            4152053.0500000003
          ],
          [
            325526.47000000003,
            4152085.04
          ],
          [
            325561.48000000004,
            4152098.04
          ],
          [
            325563.31,
            4152098.27
          ],
          [
            325564.53,
            4152097.91
          ],
          [
            325566.06,
            4152096.52
          ],
          [
            325567.67,
            4152092.47
          ],
          [
            325593.64,
            4152026.4
          ]
        ],
        "type": "LineString"
      },
      "properties": {
        "adaptive_flow": 0.0,
        "adaptive_speed": 2.7800000000000007,
        "baseline_flow": 0.0,
        "baseline_speed": 2.7800000000000007,
        "bottleneck_score": 0.0,
        "delta_flow": 0.0,
        "edge_id": "1302325279#1",
        "phantom_risk": 0.0,
        "recommendation_load": 0.0,
        "safety_risk": 0.0
      },
      "type": "Feature"
    },
    {
      "geometry": {
        "coordinates": [
          [
            325482.51,
            4152080.75
          ],
          [
            325509.03,
            4152090.2800000003
          ],
          [
            325517.48000000004,
            4152093.2600000002
          ],
          [
            325565.33,
            4152111.94
          ],
          [
            325551.78,
            4152147.17
          ],
          [
            325540.26,
            4152177.15
          ],
          [
            325519.2,
            4152236.94
          ]
        ],
        "type": "LineString"
      },
      "properties": {
        "adaptive_flow": 0.0,
        "adaptive_speed": 2.7800000000000007,
        "baseline_flow": 0.0,
        "baseline_speed": 2.7800000000000007,
        "bottleneck_score": 0.0,
        "delta_flow": 0.0,
        "edge_id": "1302325283#1",
        "phantom_risk": 0.0,
        "recommendation_load": 0.0,
        "safety_risk": 0.0
      },
      "type": "Feature"
    },
    {
      "geometry": {
        "coordinates": [
          [
            325516.21,
            4152250.47
          ],
          [
            325503.8,
            4152274.46
          ]
        ],
        "type": "LineString"
      },
      "properties": {
        "adaptive_flow": 0.0,
        "adaptive_speed": 2.7800000000000007,
        "baseline_flow": 0.0,
        "baseline_speed": 2.7800000000000007,
        "bottleneck_score": 0.0,
        "delta_flow": 0.0,
        "edge_id": "1302325286#1",
        "phantom_risk": 0.0,
        "recommendation_load": 0.0,
        "safety_risk": 0.0
      },
      "type": "Feature"
    },
    {
      "geometry": {
        "coordinates": [
          [
            325502.55,
            4152277.3200000003
          ],
          [
            325500.55,
            4152282.89
          ],
          [
            325494.97000000003,
            4152298.43
          ],
          [
            325480.13,
            4152339.77
          ],
          [
            325476.03,
            4152351.95
          ],
          [
            325469.24,
            4152372.1100000003
          ],
          [
            325464.42,
            4152386.39
          ],
          [
            325461.31,
            4152395.6300000004
          ],
          [
            325455.47000000003,
            4152412.98
          ],
          [
            325442.79000000004,
            4152450.56
          ]
        ],
        "type": "LineString"
      },
      "properties": {
        "adaptive_flow": 0.0,
        "adaptive_speed": 2.7800000000000007,
        "baseline_flow": 0.0,
        "baseline_speed": 2.7800000000000007,
        "bottleneck_score": 0.0,
        "delta_flow": 0.0,
        "edge_id": "1302325286#2",
        "phantom_risk": 0.0,
        "recommendation_load": 0.0,
        "safety_risk": 0.0
      },
      "type": "Feature"
    },
    {
      "geometry": {
        "coordinates": [
          [
            325355.57,
            4151855.8400000003
          ],
          [
            325414.0,
            4151876.56
          ]
        ],
        "type": "LineString"
      },
      "properties": {
        "adaptive_flow": 0.0,
        "adaptive_speed": 2.7800000000000007,
        "baseline_flow": 0.0,
        "baseline_speed": 2.7800000000000007,
        "bottleneck_score": 0.0,
        "delta_flow": 0.0,
        "edge_id": "1302326403#0",
        "phantom_risk": 0.0,
        "recommendation_load": 0.0,
        "safety_risk": 0.0
      },
      "type": "Feature"
    },
    {
      "geometry": {
        "coordinates": [
          [
            325422.88,
            4151879.7
          ],
          [
            325487.47000000003,
            4151902.58
          ]
        ],
        "type": "LineString"
      },
      "properties": {
        "adaptive_flow": 0.0,
        "adaptive_speed": 2.7800000000000007,
        "baseline_flow": 0.0,
        "baseline_speed": 2.7800000000000007,
        "bottleneck_score": 0.0,
        "delta_flow": 0.0,
        "edge_id": "1302326403#1",
        "phantom_risk": 0.0,
        "recommendation_load": 0.0,
        "safety_risk": 0.0
      },
      "type": "Feature"
    },
    {
      "geometry": {
        "coordinates": [
          [
            325657.52,
            4151891.46
          ],
          [
            325655.02,
            4151898.41
          ],
          [
            325648.44,
            4151916.67
          ]
        ],
        "type": "LineString"
      },
      "properties": {
        "adaptive_flow": 0.0,
        "adaptive_speed": 25.0,
        "baseline_flow": 0.0,
        "baseline_speed": 25.0,
        "bottleneck_score": 0.0,
        "delta_flow": 0.0,
        "edge_id": "1304859288#1",
        "phantom_risk": 0.0,
        "recommendation_load": 0.0,
        "safety_risk": 0.0
      },
      "type": "Feature"
    },
    {
      "geometry": {
        "coordinates": [
          [
            325647.43,
            4151919.48
          ],
          [
            325576.33,
            4152116.8200000003
          ],
          [
            325571.47000000003,
            4152130.33
          ],
          [
            325564.63,
            4152149.58
          ],
          [
            325541.26,
            4152215.31
          ],
          [
            325419.17,
            4152569.02
          ],
          [
            325358.31,
            4152730.66
          ],
          [
            325187.91000000003,
            4153208.68
          ],
          [
            325162.15,
            4153280.91
          ],
          [
            325037.08,
            4153642.02
          ],
          [
            325003.65,
            4153802.95
          ],
          [
            324983.57,
            4153905.04
          ],
          [
            324978.92,
            4153928.68
          ]
        ],
        "type": "LineString"
      },
      "properties": {
        "adaptive_flow": 0.0,
        "adaptive_speed": 25.0,
        "baseline_flow": 0.0,
        "baseline_speed": 25.0,
        "bottleneck_score": 0.0,
        "delta_flow": 0.0,
        "edge_id": "1304859288#2",
        "phantom_risk": 0.0,
        "recommendation_load": 0.0,
        "safety_risk": 0.0
      },
      "type": "Feature"
    },
    {
      "geometry": {
        "coordinates": [
          [
            325432.16000000003,
            4152536.12
          ],
          [
            325448.98000000004,
            4152503.02
          ],
          [
            325461.58,
            4152469.6
          ],
          [
            325475.34,
            4152428.83
          ],
          [
            325504.66000000003,
            4152349.67
          ]
        ],
        "type": "LineString"
      },
      "properties": {
        "adaptive_flow": 0.0,
        "adaptive_speed": 27.780000000000005,
        "baseline_flow": 0.0,
        "baseline_speed": 27.780000000000005,
        "bottleneck_score": 0.0,
        "delta_flow": 0.0,
        "edge_id": "1376141182#0",
        "phantom_risk": 0.0,
        "recommendation_load": 0.0,
        "safety_risk": 0.0
      },
      "type": "Feature"
    },
    {
      "geometry": {
        "coordinates": [
          [
            325504.66000000003,
            4152349.67
          ],
          [
            325513.78,
            4152319.3800000004
          ],
          [
            325521.88,
            4152285.35
          ]
        ],
        "type": "LineString"
      },
      "properties": {
        "adaptive_flow": 0.0,
        "adaptive_speed": 27.780000000000005,
        "baseline_flow": 0.0,
        "baseline_speed": 27.780000000000005,
        "bottleneck_score": 0.0,
        "delta_flow": 0.0,
        "edge_id": "1376141182#1",
        "phantom_risk": 0.0,
        "recommendation_load": 0.0,
        "safety_risk": 0.0
      },
      "type": "Feature"
    },
    {
      "geometry": {
        "coordinates": [
          [
            325523.9,
            4152277.3200000003
          ],
          [
            325526.13,
            4152268.66
          ],
          [
            325530.71,
            4152249.8200000003
          ],
          [
            325536.61,
            4152219.93
          ]
        ],
        "type": "LineString"
      },
      "properties": {
        "adaptive_flow": 0.0,
        "adaptive_speed": 27.780000000000005,
        "baseline_flow": 0.0,
        "baseline_speed": 27.780000000000005,
        "bottleneck_score": 0.0,
        "delta_flow": 0.0,
        "edge_id": "1376141182#2",
        "phantom_risk": 0.0,
        "recommendation_load": 0.0,
        "safety_risk": 0.0
      },
      "type": "Feature"
    },
    {
      "geometry": {
        "coordinates": [
          [
            325591.43,
            4152129.48
          ],
          [
            325580.89,
            4152147.8600000003
          ],
          [
            325563.68,
            4152181.69
          ],
          [
            325553.60000000003,
            4152211.0300000003
          ],
          [
            325545.44,
            4152234.7
          ],
          [
            325527.84,
            4152283.0100000002
          ]
        ],
        "type": "LineString"
      },
      "properties": {
        "adaptive_flow": 0.0,
        "adaptive_speed": 27.780000000000005,
        "baseline_flow": 0.0,
        "baseline_speed": 27.780000000000005,
        "bottleneck_score": 0.0,
        "delta_flow": 0.0,
        "edge_id": "1376141183#0",
        "phantom_risk": 0.0,
        "recommendation_load": 0.0,
        "safety_risk": 0.0
      },
      "type": "Feature"
    },
    {
      "geometry": {
        "coordinates": [
          [
            325526.69,
            4152286.77
          ],
          [
            325515.5,
            4152328.8400000003
          ],
          [
            325509.2,
            4152351.0
          ]
        ],
        "type": "LineString"
      },
      "properties": {
        "adaptive_flow": 0.0,
        "adaptive_speed": 27.780000000000005,
        "baseline_flow": 0.0,
        "baseline_speed": 27.780000000000005,
        "bottleneck_score": 0.0,
        "delta_flow": 0.0,
        "edge_id": "1376141183#1",
        "phantom_risk": 0.0,
        "recommendation_load": 0.0,
        "safety_risk": 0.0
      },
      "type": "Feature"
    },
    {
      "geometry": {
        "coordinates": [
          [
            325509.2,
            4152351.0
          ],
          [
            325500.24,
            4152391.1100000003
          ]
        ],
        "type": "LineString"
      },
      "properties": {
        "adaptive_flow": 0.0,
        "adaptive_speed": 27.780000000000005,
        "baseline_flow": 0.0,
        "baseline_speed": 27.780000000000005,
        "bottleneck_score": 0.0,
        "delta_flow": 0.0,
        "edge_id": "1376141183#2",
        "phantom_risk": 0.0,
        "recommendation_load": 0.0,
        "safety_risk": 0.0
      },
      "type": "Feature"
    },
    {
      "geometry": {
        "coordinates": [
          [
            325694.85000000003,
            4151803.41
          ],
          [
            325707.33,
            4151779.6100000003
          ],
          [
            325724.41000000003,
            4151735.73
          ],
          [
            325744.38,
            4151679.2800000003
          ]
        ],
        "type": "LineString"
      },
      "properties": {
        "adaptive_flow": 0.0,
        "adaptive_speed": 27.780000000000005,
        "baseline_flow": 0.0,
        "baseline_speed": 27.780000000000005,
        "bottleneck_score": 0.0,
        "delta_flow": 0.0,
        "edge_id": "1376141184#0",
        "phantom_risk": 0.0,
        "recommendation_load": 0.0,
        "safety_risk": 0.0
      },
      "type": "Feature"
    },
    {
      "geometry": {
        "coordinates": [
          [
            325744.38,
            4151679.2800000003
          ],
          [
            325756.33,
            4151629.94
          ]
        ],
        "type": "LineString"
      },
      "properties": {
        "adaptive_flow": 0.0,
        "adaptive_speed": 27.780000000000005,
        "baseline_flow": 0.0,
        "baseline_speed": 27.780000000000005,
        "bottleneck_score": 0.0,
        "delta_flow": 0.0,
        "edge_id": "1376141184#1",
        "phantom_risk": 0.0,
        "recommendation_load": 0.0,
        "safety_risk": 0.0
      },
      "type": "Feature"
    },
    {
      "geometry": {
        "coordinates": [
          [
            325756.37,
            4151629.7
          ],
          [
            325757.59,
            4151615.14
          ],
          [
            325757.82,
            4151605.02
          ]
        ],
        "type": "LineString"
      },
      "properties": {
        "adaptive_flow": 0.0,
        "adaptive_speed": 27.780000000000005,
        "baseline_flow": 0.0,
        "baseline_speed": 27.780000000000005,
        "bottleneck_score": 0.0,
        "delta_flow": 0.0,
        "edge_id": "1376141184#2",
        "phantom_risk": 0.0,
        "recommendation_load": 0.0,
        "safety_risk": 0.0
      },
      "type": "Feature"
    },
    {
      "geometry": {
        "coordinates": [
          [
            325675.79000000004,
            4151948.79
          ],
          [
            325676.27,
            4151948.43
          ],
          [
            325678.09,
            4151947.85
          ],
          [
            325674.86,
            4151949.49
          ]
        ],
        "type": "LineString"
      },
      "properties": {
        "adaptive_flow": 90.14390020191162,
        "adaptive_speed": 21.57348680113897,
        "baseline_flow": 89.06806188718433,
        "baseline_speed": 21.574039722623663,
        "bottleneck_score": 0.07917594810571882,
        "delta_flow": 1.0758383147272923,
        "edge_id": "1472718291",
        "phantom_risk": 0.025039972278308783,
        "recommendation_load": 1.4666666666666666,
        "safety_risk": 0.0
      },
      "type": "Feature"
    },
    {
      "geometry": {
        "coordinates": [
          [
            325706.47000000003,
            4151990.08
          ],
          [
            325675.01,
            4152002.2600000002
          ],
          [
            325655.88,
            4152009.66
          ]
        ],
        "type": "LineString"
      },
      "properties": {
        "adaptive_flow": 0.0,
        "adaptive_speed": 2.7800000000000007,
        "baseline_flow": 0.0,
        "baseline_speed": 2.7800000000000007,
        "bottleneck_score": 0.0,
        "delta_flow": 0.0,
        "edge_id": "1528035967",
        "phantom_risk": 0.0,
        "recommendation_load": 0.0,
        "safety_risk": 0.0
      },
      "type": "Feature"
    },
    {
      "geometry": {
        "coordinates": [
          [
            325691.61,
            4151916.3800000004
          ],
          [
            325709.75,
            4151949.8400000003
          ],
          [
            325711.92,
            4151950.5900000003
          ]
        ],
        "type": "LineString"
      },
      "properties": {
        "adaptive_flow": 0.0,
        "adaptive_speed": 2.7800000000000007,
        "baseline_flow": 0.0,
        "baseline_speed": 2.7800000000000007,
        "bottleneck_score": 0.0,
        "delta_flow": 0.0,
        "edge_id": "1528035971#0",
        "phantom_risk": 0.0,
        "recommendation_load": 0.0,
        "safety_risk": 0.0
      },
      "type": "Feature"
    },
    {
      "geometry": {
        "coordinates": [
          [
            325721.46,
            4151953.8800000004
          ],
          [
            325746.02,
            4151962.37
          ]
        ],
        "type": "LineString"
      },
      "properties": {
        "adaptive_flow": 0.0,
        "adaptive_speed": 2.7800000000000007,
        "baseline_flow": 0.0,
        "baseline_speed": 2.7800000000000007,
        "bottleneck_score": 0.0,
        "delta_flow": 0.0,
        "edge_id": "1528035971#1",
        "phantom_risk": 0.0,
        "recommendation_load": 0.0,
        "safety_risk": 0.0
      },
      "type": "Feature"
    },
    {
      "geometry": {
        "coordinates": [
          [
            325749.78,
            4151963.67
          ],
          [
            325803.29000000004,
            4151982.16
          ]
        ],
        "type": "LineString"
      },
      "properties": {
        "adaptive_flow": 0.0,
        "adaptive_speed": 2.7800000000000007,
        "baseline_flow": 0.0,
        "baseline_speed": 2.7800000000000007,
        "bottleneck_score": 0.0,
        "delta_flow": 0.0,
        "edge_id": "1528035971#2",
        "phantom_risk": 0.0,
        "recommendation_load": 0.0,
        "safety_risk": 0.0
      },
      "type": "Feature"
    },
    {
      "geometry": {
        "coordinates": [
          [
            325816.91000000003,
            4151986.87
          ],
          [
            325884.48000000004,
            4152010.21
          ],
          [
            325942.33,
            4152030.21
          ],
          [
            325957.98000000004,
            4152035.77
          ],
          [
            325977.9,
            4152042.87
          ],
          [
            326040.75,
            4152064.37
          ],
          [
            326114.76,
            4152089.7
          ],
          [
            326219.43,
            4152125.5100000002
          ],
          [
            326372.02,
            4152177.72
          ],
          [
            326428.95,
            4152200.08
          ],
          [
            326463.79000000004,
            4152211.04
          ],
          [
            326479.42,
            4152202.46
          ]
        ],
        "type": "LineString"
      },
      "properties": {
        "adaptive_flow": 0.0,
        "adaptive_speed": 2.7800000000000007,
        "baseline_flow": 0.0,
        "baseline_speed": 2.7800000000000007,
        "bottleneck_score": 0.0,
        "delta_flow": 0.0,
        "edge_id": "1528035971#3",
        "phantom_risk": 0.0,
        "recommendation_load": 0.0,
        "safety_risk": 0.0
      },
      "type": "Feature"
    },
    {
      "geometry": {
        "coordinates": [
          [
            325418.44,
            4152370.58
          ],
          [
            325469.55,
            4152233.2600000002
          ]
        ],
        "type": "LineString"
      },
      "properties": {
        "adaptive_flow": 0.0,
        "adaptive_speed": 5.560000000000001,
        "baseline_flow": 0.0,
        "baseline_speed": 5.560000000000001,
        "bottleneck_score": 0.0,
        "delta_flow": 0.0,
        "edge_id": "1536794881",
        "phantom_risk": 0.0,
        "recommendation_load": 0.0,
        "safety_risk": 0.0
      },
      "type": "Feature"
    },
    {
      "geometry": {
        "coordinates": [
          [
            325361.68,
            4152028.14
          ],
          [
            325363.15,
            4152024.15
          ],
          [
            325399.79000000004,
            4151924.9
          ],
          [
            325416.08,
            4151879.96
          ]
        ],
        "type": "LineString"
      },
      "properties": {
        "adaptive_flow": 0.0,
        "adaptive_speed": 5.560000000000001,
        "baseline_flow": 0.0,
        "baseline_speed": 5.560000000000001,
        "bottleneck_score": 0.0,
        "delta_flow": 0.0,
        "edge_id": "180238308#0",
        "phantom_risk": 0.0,
        "recommendation_load": 0.0,
        "safety_risk": 0.0
      },
      "type": "Feature"
    },
    {
      "geometry": {
        "coordinates": [
          [
            325417.8,
            4151875.22
          ],
          [
            325418.73000000004,
            4151872.67
          ]
        ],
        "type": "LineString"
      },
      "properties": {
        "adaptive_flow": 0.0,
        "adaptive_speed": 5.560000000000001,
        "baseline_flow": 0.0,
        "baseline_speed": 5.560000000000001,
        "bottleneck_score": 0.0,
        "delta_flow": 0.0,
        "edge_id": "180238308#1",
        "phantom_risk": 0.0,
        "recommendation_load": 0.0,
        "safety_risk": 0.0
      },
      "type": "Feature"
    },
    {
      "geometry": {
        "coordinates": [
          [
            325650.07,
            4151964.0500000003
          ],
          [
            325649.74,
            4151965.43
          ],
          [
            325643.35000000003,
            4151984.0700000003
          ]
        ],
        "type": "LineString"
      },
      "properties": {
        "adaptive_flow": 18.842997551586766,
        "adaptive_speed": 26.946643079312004,
        "baseline_flow": 13.823343521520876,
        "baseline_speed": 27.123410160143568,
        "bottleneck_score": 0.040466781241930205,
        "delta_flow": 5.01965403006589,
        "edge_id": "218864485",
        "phantom_risk": 0.005442591465667357,
        "recommendation_load": 0.6833333333333333,
        "safety_risk": 0.0007802641390765766
      },
      "type": "Feature"
    },
    {
      "geometry": {
        "coordinates": [
          [
            325814.36,
            4151994.2600000002
          ],
          [
            325881.62,
            4152018.0500000003
          ],
          [
            325939.10500000004,
            4152038.52
          ]
        ],
        "type": "LineString"
      },
      "properties": {
        "adaptive_flow": 36.46810759945114,
        "adaptive_speed": 27.501980761643303,
        "baseline_flow": 31.386168610348978,
        "baseline_speed": 27.604008655705282,
        "bottleneck_score": 0.030267951726958002,
        "delta_flow": 5.081938989102159,
        "edge_id": "218864491#0",
        "phantom_risk": 0.013940111719711915,
        "recommendation_load": 1.35,
        "safety_risk": 0.06550725671352013
      },
      "type": "Feature"
    },
    {
      "geometry": {
        "coordinates": [
          [
            325939.375,
            4152038.615
          ],
          [
            325955.0,
            4152043.89
          ],
          [
            325974.69,
            4152051.1100000003
          ]
        ],
        "type": "LineString"
      },
      "properties": {
        "adaptive_flow": 39.102087951609676,
        "adaptive_speed": 27.64261101487876,
        "baseline_flow": 26.20658382181571,
        "baseline_speed": 27.68859608025881,
        "bottleneck_score": 0.026668990011078093,
        "delta_flow": 12.895504129793967,
        "edge_id": "218864491#1",
        "phantom_risk": 0.011043645716820568,
        "recommendation_load": 1.35,
        "safety_risk": 0.0022143134101566845
      },
      "type": "Feature"
    },
    {
      "geometry": {
        "coordinates": [
          [
            325974.95,
            4152051.205
          ],
          [
            326037.71,
            4152072.72
          ],
          [
            326111.29000000004,
            4152099.64
          ],
          [
            326137.77,
            4152109.18
          ]
        ],
        "type": "LineString"
      },
      "properties": {
        "adaptive_flow": 12.220115502953197,
        "adaptive_speed": 27.661678774380796,
        "baseline_flow": 9.743406511657678,
        "baseline_speed": 27.704472661809184,
        "bottleneck_score": 0.011048176441616861,
        "delta_flow": 2.476708991295519,
        "edge_id": "218864491#2",
        "phantom_risk": 0.0045469683849060135,
        "recommendation_load": 0.475,
        "safety_risk": 0.006452042604974744
      },
      "type": "Feature"
    },
    {
      "geometry": {
        "coordinates": [
          [
            326138.05,
            4152109.2800000003
          ],
          [
            326215.63,
            4152136.52
          ],
          [
            326352.26,
            4152184.5500000003
          ],
          [
            326367.12,
            4152189.77
          ],
          [
            326388.34,
            4152197.45
          ],
          [
            326424.15,
            4152209.79
          ],
          [
            326459.61,
            4152222.24
          ],
          [
            326482.49,
            4152230.2800000003
          ]
        ],
        "type": "LineString"
      },
      "properties": {
        "adaptive_flow": 12.495778492145478,
        "adaptive_speed": 27.70717705658889,
        "baseline_flow": 9.956130991425589,
        "baseline_speed": 27.72506920173738,
        "bottleneck_score": 0.009563515411803118,
        "delta_flow": 2.539647500719889,
        "edge_id": "218864491#3",
        "phantom_risk": 0.004297462177941782,
        "recommendation_load": 0.475,
        "safety_risk": 0.003439297463640101
      },
      "type": "Feature"
    },
    {
      "geometry": {
        "coordinates": [
          [
            325515.8,
            4152276.48375
          ],
          [
            325522.0775,
            4152251.98875
          ]
        ],
        "type": "LineString"
      },
      "properties": {
        "adaptive_flow": 0.0,
        "adaptive_speed": 13.890000000000002,
        "baseline_flow": 0.0,
        "baseline_speed": 13.890000000000002,
        "bottleneck_score": 0.0,
        "delta_flow": 0.0,
        "edge_id": "218877837#0",
        "phantom_risk": 0.0,
        "recommendation_load": 0.0,
        "safety_risk": 0.0
      },
      "type": "Feature"
    },
    {
      "geometry": {
        "coordinates": [
          [
            325525.63125000003,
            4152239.24
          ],
          [
            325535.45625,
            4152219.6862500003
          ]
        ],
        "type": "LineString"
      },
      "properties": {
        "adaptive_flow": 0.0,
        "adaptive_speed": 13.890000000000002,
        "baseline_flow": 0.0,
        "baseline_speed": 13.890000000000002,
        "bottleneck_score": 0.0,
        "delta_flow": 0.0,
        "edge_id": "218877837#1",
        "phantom_risk": 0.0,
        "recommendation_load": 0.0,
        "safety_risk": 0.0
      },
      "type": "Feature"
    },
    {
      "geometry": {
        "coordinates": [
          [
            325538.5025,
            4152212.86125
          ],
          [
            325567.89,
            4152133.22
          ],
          [
            325572.45125,
            4152120.9962500003
          ]
        ],
        "type": "LineString"
      },
      "properties": {
        "adaptive_flow": 0.0,
        "adaptive_speed": 13.890000000000002,
        "baseline_flow": 0.0,
        "baseline_speed": 13.890000000000002,
        "bottleneck_score": 0.0,
        "delta_flow": 0.0,
        "edge_id": "218877837#2",
        "phantom_risk": 0.0,
        "recommendation_load": 0.0,
        "safety_risk": 0.0
      },
      "type": "Feature"
    },
    {
      "geometry": {
        "coordinates": [
          [
            325803.65,
            4152149.6
          ],
          [
            325828.13,
            4152159.16
          ]
        ],
        "type": "LineString"
      },
      "properties": {
        "adaptive_flow": 0.0,
        "adaptive_speed": 5.560000000000001,
        "baseline_flow": 0.0,
        "baseline_speed": 5.560000000000001,
        "bottleneck_score": 0.0,
        "delta_flow": 0.0,
        "edge_id": "239954004",
        "phantom_risk": 0.0,
        "recommendation_load": 0.0,
        "safety_risk": 0.0
      },
      "type": "Feature"
    },
    {
      "geometry": {
        "coordinates": [
          [
            325644.44,
            4152188.0300000003
          ],
          [
            325671.24,
            4152198.06
          ]
        ],
        "type": "LineString"
      },
      "properties": {
        "adaptive_flow": 0.0,
        "adaptive_speed": 5.560000000000001,
        "baseline_flow": 0.0,
        "baseline_speed": 5.560000000000001,
        "bottleneck_score": 0.0,
        "delta_flow": 0.0,
        "edge_id": "239954006#0",
        "phantom_risk": 0.0,
        "recommendation_load": 0.0,
        "safety_risk": 0.0
      },
      "type": "Feature"
    },
    {
      "geometry": {
        "coordinates": [
          [
            325687.72000000003,
            4152204.0
          ],
          [
            325768.17,
            4152234.0300000003
          ]
        ],
        "type": "LineString"
      },
      "properties": {
        "adaptive_flow": 0.0,
        "adaptive_speed": 5.560000000000001,
        "baseline_flow": 0.0,
        "baseline_speed": 5.560000000000001,
        "bottleneck_score": 0.0,
        "delta_flow": 0.0,
        "edge_id": "239954006#2",
        "phantom_risk": 0.0,
        "recommendation_load": 0.0,
        "safety_risk": 0.0
      },
      "type": "Feature"
    },
    {
      "geometry": {
        "coordinates": [
          [
            325673.25,
            4152288.92
          ],
          [
            325765.36,
            4152321.1
          ]
        ],
        "type": "LineString"
      },
      "properties": {
        "adaptive_flow": 0.0,
        "adaptive_speed": 5.560000000000001,
        "baseline_flow": 0.0,
        "baseline_speed": 5.560000000000001,
        "bottleneck_score": 0.0,
        "delta_flow": 0.0,
        "edge_id": "239954008",
        "phantom_risk": 0.0,
        "recommendation_load": 0.0,
        "safety_risk": 0.0
      },
      "type": "Feature"
    },
    {
      "geometry": {
        "coordinates": [
          [
            325814.81,
            4152375.83
          ],
          [
            325763.39,
            4152356.12
          ]
        ],
        "type": "LineString"
      },
      "properties": {
        "adaptive_flow": 59.686622192996616,
        "adaptive_speed": 13.712866499057702,
        "baseline_flow": 33.7708157193115,
        "baseline_speed": 13.813456047234164,
        "bottleneck_score": 0.045911826412161495,
        "delta_flow": 25.915806473685116,
        "edge_id": "239954009#0",
        "phantom_risk": 0.016750671969995645,
        "recommendation_load": 0.5166666666666667,
        "safety_risk": 0.0012957464992644874
      },
      "type": "Feature"
    },
    {
      "geometry": {
        "coordinates": [
          [
            325754.68,
            4152352.9
          ],
          [
            325664.71,
            4152320.8800000004
          ]
        ],
        "type": "LineString"
      },
      "properties": {
        "adaptive_flow": 63.16688390088263,
        "adaptive_speed": 13.745589208369903,
        "baseline_flow": 36.43409472234136,
        "baseline_speed": 13.794414991301277,
        "bottleneck_score": 0.04548945853601449,
        "delta_flow": 26.732789178541275,
        "edge_id": "239954009#1",
        "phantom_risk": 0.01980837620091633,
        "recommendation_load": 0.5166666666666667,
        "safety_risk": 0.038022576174032346
      },
      "type": "Feature"
    },
    {
      "geometry": {
        "coordinates": [
          [
            325722.29000000004,
            4151977.42
          ],
          [
            325700.8,
            4151974.8200000003
          ],
          [
            325688.91000000003,
            4151974.16
          ],
          [
            325679.05,
            4151974.44
          ],
          [
            325674.77,
            4151974.85
          ],
          [
            325670.02,
            4151976.1
          ],
          [
            325662.0,
            4151979.25
          ],
          [
            325654.73000000004,
            4151983.42
          ],
          [
            325649.87,
            4151987.2
          ]
        ],
        "type": "LineString"
      },
      "properties": {
        "adaptive_flow": 0.0,
        "adaptive_speed": 22.220000000000006,
        "baseline_flow": 0.0,
        "baseline_speed": 22.220000000000006,
        "bottleneck_score": 0.0,
        "delta_flow": 0.0,
        "edge_id": "239954010",
        "phantom_risk": 0.0,
        "recommendation_load": 0.0,
        "safety_risk": 0.0
      },
      "type": "Feature"
    },
    {
      "geometry": {
        "coordinates": [
          [
            325651.22000000003,
            4152011.8600000003
          ],
          [
            325646.87,
            4152014.27
          ],
          [
            325643.41000000003,
            4152018.33
          ],
          [
            325641.59,
            4152021.5500000003
          ],
          [
            325634.9,
            4152041.2
          ]
        ],
        "type": "LineString"
      },
      "properties": {
        "adaptive_flow": 0.0,
        "adaptive_speed": 2.7800000000000007,
        "baseline_flow": 0.0,
        "baseline_speed": 2.7800000000000007,
        "bottleneck_score": 0.0,
        "delta_flow": 0.0,
        "edge_id": "239954011#1",
        "phantom_risk": 0.0,
        "recommendation_load": 0.0,
        "safety_risk": 0.0
      },
      "type": "Feature"
    },
    {
      "geometry": {
        "coordinates": [
          [
            325633.24,
            4152046.04
          ],
          [
            325629.2,
            4152057.72
          ]
        ],
        "type": "LineString"
      },
      "properties": {
        "adaptive_flow": 0.0,
        "adaptive_speed": 2.7800000000000007,
        "baseline_flow": 0.0,
        "baseline_speed": 2.7800000000000007,
        "bottleneck_score": 0.0,
        "delta_flow": 0.0,
        "edge_id": "239954011#2",
        "phantom_risk": 0.0,
        "recommendation_load": 0.0,
        "safety_risk": 0.0
      },
      "type": "Feature"
    },
    {
      "geometry": {
        "coordinates": [
          [
            325627.54000000004,
            4152062.42
          ],
          [
            325624.62,
            4152070.42
          ],
          [
            325610.66000000003,
            4152108.8200000003
          ],
          [
            325607.49,
            4152119.06
          ]
        ],
        "type": "LineString"
      },
      "properties": {
        "adaptive_flow": 0.0,
        "adaptive_speed": 2.7800000000000007,
        "baseline_flow": 0.0,
        "baseline_speed": 2.7800000000000007,
        "bottleneck_score": 0.0,
        "delta_flow": 0.0,
        "edge_id": "239954011#3",
        "phantom_risk": 0.0,
        "recommendation_load": 0.0,
        "safety_risk": 0.0
      },
      "type": "Feature"
    },
    {
      "geometry": {
        "coordinates": [
          [
            325579.56,
            4152351.52
          ],
          [
            325604.91000000003,
            4152280.42
          ]
        ],
        "type": "LineString"
      },
      "properties": {
        "adaptive_flow": 68.7441367033853,
        "adaptive_speed": 8.242027403124409,
        "baseline_flow": 64.93748129259676,
        "baseline_speed": 8.245719553522415,
        "bottleneck_score": 0.048752123056906994,
        "delta_flow": 3.8066554107885366,
        "edge_id": "256787796#0",
        "phantom_risk": 0.02205942685833072,
        "recommendation_load": 1.1583333333333334,
        "safety_risk": 0.025095811879018923
      },
      "type": "Feature"
    },
    {
      "geometry": {
        "coordinates": [
          [
            325608.10000000003,
            4152271.5500000003
          ],
          [
            325618.7,
            4152242.23
          ]
        ],
        "type": "LineString"
      },
      "properties": {
        "adaptive_flow": 71.79188162808988,
        "adaptive_speed": 8.239556058909782,
        "baseline_flow": 70.12139872342813,
        "baseline_speed": 8.247493573038204,
        "bottleneck_score": 0.05074199465948917,
        "delta_flow": 1.6704829046617533,
        "edge_id": "256787796#1",
        "phantom_risk": 0.020997686878944804,
        "recommendation_load": 1.1583333333333334,
        "safety_risk": 0.018815066951655135
      },
      "type": "Feature"
    },
    {
      "geometry": {
        "coordinates": [
          [
            325622.44,
            4152231.67
          ],
          [
            325636.33,
            4152191.8400000003
          ]
        ],
        "type": "LineString"
      },
      "properties": {
        "adaptive_flow": 263.8686868318719,
        "adaptive_speed": 7.851680347603275,
        "baseline_flow": 209.64977441300684,
        "baseline_speed": 7.96633499200753,
        "bottleneck_score": 0.20401504172492985,
        "delta_flow": 54.218912418865074,
        "edge_id": "256787796#2",
        "phantom_risk": 0.08432078870442514,
        "recommendation_load": 3.691666666666667,
        "safety_risk": 0.04751233740993936
      },
      "type": "Feature"
    },
    {
      "geometry": {
        "coordinates": [
          [
            325639.49,
            4152182.93
          ],
          [
            325652.95,
            4152145.7600000002
          ]
        ],
        "type": "LineString"
      },
      "properties": {
        "adaptive_flow": 282.89520334514714,
        "adaptive_speed": 7.22762478154367,
        "baseline_flow": 224.32048809838196,
        "baseline_speed": 7.335650551268791,
        "bottleneck_score": 0.28950196325773436,
        "delta_flow": 58.57471524676518,
        "edge_id": "256787796#3",
        "phantom_risk": 0.12751941796776606,
        "recommendation_load": 3.691666666666667,
        "safety_risk": 0.3457068865299883
      },
      "type": "Feature"
    },
    {
      "geometry": {
        "coordinates": [
          [
            325655.98000000004,
            4152136.77
          ],
          [
            325660.16000000003,
            4152123.44
          ]
        ],
        "type": "LineString"
      },
      "properties": {
        "adaptive_flow": 280.99597410014866,
        "adaptive_speed": 8.08540953045325,
        "baseline_flow": 214.8928702639861,
        "baseline_speed": 8.143357519232408,
        "bottleneck_score": 0.18547147588624713,
        "delta_flow": 66.10310383616255,
        "edge_id": "256787796#4",
        "phantom_risk": 0.07828121016087776,
        "recommendation_load": 3.691666666666667,
        "safety_risk": 0.0002784739910299682
      },
      "type": "Feature"
    },
    {
      "geometry": {
        "coordinates": [
          [
            325664.94,
            4152109.5700000003
          ],
          [
            325671.18,
            4152092.98
          ]
        ],
        "type": "LineString"
      },
      "properties": {
        "adaptive_flow": 191.73080644262876,
        "adaptive_speed": 8.192036719858088,
        "baseline_flow": 137.79393049147086,
        "baseline_speed": 8.225780120812159,
        "bottleneck_score": 0.12307933319478061,
        "delta_flow": 53.9368759511579,
        "edge_id": "256787796#5",
        "phantom_risk": 0.053361084144691116,
        "recommendation_load": 2.975,
        "safety_risk": 0.001313918840371744
      },
      "type": "Feature"
    },
    {
      "geometry": {
        "coordinates": [
          [
            325675.09,
            4152082.5100000002
          ],
          [
            325676.32,
            4152079.21
          ]
        ],
        "type": "LineString"
      },
      "properties": {
        "adaptive_flow": 113.52464208014159,
        "adaptive_speed": 8.321928810719404,
        "baseline_flow": 42.10737950936497,
        "baseline_speed": 8.327661091087863,
        "bottleneck_score": 0.06403817588586448,
        "delta_flow": 71.41726257077661,
        "edge_id": "256787796#6",
        "phantom_risk": 0.014294485178479522,
        "recommendation_load": 0.725,
        "safety_risk": 0.0
      },
      "type": "Feature"
    },
    {
      "geometry": {
        "coordinates": [
          [
            325678.01,
            4152074.45
          ],
          [
            325690.41000000003,
            4152037.74
          ]
        ],
        "type": "LineString"
      },
      "properties": {
        "adaptive_flow": 80.61070637821491,
        "adaptive_speed": 8.235586936522758,
        "baseline_flow": 41.49978094597665,
        "baseline_speed": 8.288353748484365,
        "bottleneck_score": 0.056117827023447184,
        "delta_flow": 39.11092543223826,
        "edge_id": "256787796#7",
        "phantom_risk": 0.022808531893698046,
        "recommendation_load": 0.725,
        "safety_risk": 0.004635477134954659
      },
      "type": "Feature"
    },
    {
      "geometry": {
        "coordinates": [
          [
            325695.26,
            4152024.04
          ],
          [
            325706.24,
            4151994.3600000003
          ]
        ],
        "type": "LineString"
      },
      "properties": {
        "adaptive_flow": 0.0,
        "adaptive_speed": 8.329999999999998,
        "baseline_flow": 0.0,
        "baseline_speed": 8.329999999999998,
        "bottleneck_score": 2.220446049250313e-16,
        "delta_flow": 0.0,
        "edge_id": "256787796#8",
        "phantom_risk": 0.0,
        "recommendation_load": 0.0,
        "safety_risk": 0.0
      },
      "type": "Feature"
    },
    {
      "geometry": {
        "coordinates": [
          [
            325603.66000000003,
            4151854.5900000003
          ],
          [
            325645.21,
            4151744.8800000004
          ]
        ],
        "type": "LineString"
      },
      "properties": {
        "adaptive_flow": 0.0,
        "adaptive_speed": 5.560000000000001,
        "baseline_flow": 0.0,
        "baseline_speed": 5.560000000000001,
        "bottleneck_score": 0.0,
        "delta_flow": 0.0,
        "edge_id": "263441174#0",
        "phantom_risk": 0.0,
        "recommendation_load": 0.0,
        "safety_risk": 0.0
      },
      "type": "Feature"
    },
    {
      "geometry": {
        "coordinates": [
          [
            325646.98000000004,
            4151740.21
          ],
          [
            325648.78,
            4151735.43
          ]
        ],
        "type": "LineString"
      },
      "properties": {
        "adaptive_flow": 0.0,
        "adaptive_speed": 5.560000000000001,
        "baseline_flow": 0.0,
        "baseline_speed": 5.560000000000001,
        "bottleneck_score": 0.0,
        "delta_flow": 0.0,
        "edge_id": "263441174#1",
        "phantom_risk": 0.0,
        "recommendation_load": 0.0,
        "safety_risk": 0.0
      },
      "type": "Feature"
    },
    {
      "geometry": {
        "coordinates": [
          [
            325431.78,
            4151839.35
          ],
          [
            325456.45,
            4151768.52
          ],
          [
            325467.68,
            4151736.2800000003
          ],
          [
            325470.08,
            4151729.3800000004
          ],
          [
            325484.89,
            4151686.89
          ],
          [
            325487.63,
            4151679.0100000002
          ]
        ],
        "type": "LineString"
      },
      "properties": {
        "adaptive_flow": 0.0,
        "adaptive_speed": 5.560000000000001,
        "baseline_flow": 0.0,
        "baseline_speed": 5.560000000000001,
        "bottleneck_score": 0.0,
        "delta_flow": 0.0,
        "edge_id": "263441175#1",
        "phantom_risk": 0.0,
        "recommendation_load": 0.0,
        "safety_risk": 0.0
      },
      "type": "Feature"
    },
    {
      "geometry": {
        "coordinates": [
          [
            325630.74,
            4152060.91
          ],
          [
            325655.86,
            4152069.8000000003
          ]
        ],
        "type": "LineString"
      },
      "properties": {
        "adaptive_flow": 0.0,
        "adaptive_speed": 2.7800000000000007,
        "baseline_flow": 0.0,
        "baseline_speed": 2.7800000000000007,
        "bottleneck_score": 0.0,
        "delta_flow": 0.0,
        "edge_id": "301737870",
        "phantom_risk": 0.0,
        "recommendation_load": 0.0,
        "safety_risk": 0.0
      },
      "type": "Feature"
    },
    {
      "geometry": {
        "coordinates": [
          [
            325656.12,
            4152069.89
          ],
          [
            325674.23000000004,
            4152075.8200000003
          ]
        ],
        "type": "LineString"
      },
      "properties": {
        "adaptive_flow": 0.0,
        "adaptive_speed": 1.3900000000000003,
        "baseline_flow": 0.0,
        "baseline_speed": 1.3900000000000003,
        "bottleneck_score": 0.0,
        "delta_flow": 0.0,
        "edge_id": "301737871",
        "phantom_risk": 0.0,
        "recommendation_load": 0.0,
        "safety_risk": 0.0
      },
      "type": "Feature"
    },
    {
      "geometry": {
        "coordinates": [
          [
            324985.28,
            4153931.27
          ],
          [
            324992.85000000003,
            4153898.1
          ],
          [
            325013.33,
            4153804.3400000003
          ],
          [
            325049.02,
            4153622.87
          ],
          [
            325169.36,
            4153282.93
          ],
          [
            325275.27,
            4152980.16
          ],
          [
            325334.52,
            4152806.74
          ],
          [
            325367.28,
            4152724.92
          ],
          [
            325421.44,
            4152569.8600000003
          ],
          [
            325523.9,
            4152286.27
          ],
          [
            325578.17,
            4152130.2800000003
          ],
          [
            325624.26,
            4152002.3200000003
          ],
          [
            325653.86,
            4151920.14
          ]
        ],
        "type": "LineString"
      },
      "properties": {
        "adaptive_flow": 0.0,
        "adaptive_speed": 25.0,
        "baseline_flow": 0.0,
        "baseline_speed": 25.0,
        "bottleneck_score": 0.0,
        "delta_flow": 0.0,
        "edge_id": "304232223",
        "phantom_risk": 0.0,
        "recommendation_load": 0.0,
        "safety_risk": 0.0
      },
      "type": "Feature"
    },
    {
      "geometry": {
        "coordinates": [
          [
            325623.3,
            4151941.0900000003
          ],
          [
            325605.33,
            4151934.45
          ]
        ],
        "type": "LineString"
      },
      "properties": {
        "adaptive_flow": 8.634397173289383,
        "adaptive_speed": 27.694305781083152,
        "baseline_flow": 9.793342057145772,
        "baseline_speed": 27.63562704923199,
        "bottleneck_score": 0.007881632419892547,
        "delta_flow": -1.158944883856389,
        "edge_id": "304445274",
        "phantom_risk": 0.002398443659247051,
        "recommendation_load": 0.43333333333333335,
        "safety_risk": 0.0
      },
      "type": "Feature"
    },
    {
      "geometry": {
        "coordinates": [
          [
            325608.55,
            4151990.64
          ],
          [
            325615.81,
            4151978.24
          ],
          [
            325615.39,
            4151968.87
          ],
          [
            325614.9,
            4151962.79
          ],
          [
            325613.34,
            4151956.6300000004
          ],
          [
            325610.66000000003,
            4151950.39
          ],
          [
            325606.57,
            4151944.17
          ],
          [
            325602.45,
            4151940.69
          ]
        ],
        "type": "LineString"
      },
      "properties": {
        "adaptive_flow": 0.0,
        "adaptive_speed": 22.220000000000006,
        "baseline_flow": 0.0,
        "baseline_speed": 22.220000000000006,
        "bottleneck_score": 0.0,
        "delta_flow": 0.0,
        "edge_id": "305539406",
        "phantom_risk": 0.0,
        "recommendation_load": 0.0,
        "safety_risk": 0.0
      },
      "type": "Feature"
    },
    {
      "geometry": {
        "coordinates": [
          [
            325824.46,
            4152105.71
          ],
          [
            325872.11,
            4152123.0100000002
          ],
          [
            325920.48000000004,
            4152139.5300000003
          ]
        ],
        "type": "LineString"
      },
      "properties": {
        "adaptive_flow": 0.0,
        "adaptive_speed": 5.560000000000001,
        "baseline_flow": 0.0,
        "baseline_speed": 5.560000000000001,
        "bottleneck_score": 0.0,
        "delta_flow": 0.0,
        "edge_id": "305654271",
        "phantom_risk": 0.0,
        "recommendation_load": 0.0,
        "safety_risk": 0.0
      },
      "type": "Feature"
    },
    {
      "geometry": {
        "coordinates": [
          [
            325594.23000000004,
            4152023.1
          ],
          [
            325593.69,
            4152021.12
          ],
          [
            325593.24,
            4152018.41
          ],
          [
            325593.18,
            4152015.7
          ],
          [
            325599.23000000004,
            4151997.04
          ],
          [
            325599.74,
            4151993.48
          ],
          [
            325598.63,
            4151989.22
          ],
          [
            325581.26,
            4151946.5700000003
          ]
        ],
        "type": "LineString"
      },
      "properties": {
        "adaptive_flow": 0.0,
        "adaptive_speed": 2.7800000000000007,
        "baseline_flow": 0.0,
        "baseline_speed": 2.7800000000000007,
        "bottleneck_score": 0.0,
        "delta_flow": 0.0,
        "edge_id": "305662439#1",
        "phantom_risk": 0.0,
        "recommendation_load": 0.0,
        "safety_risk": 0.0
      },
      "type": "Feature"
    },
    {
      "geometry": {
        "coordinates": [
          [
            325579.32,
            4151942.8600000003
          ],
          [
            325577.36,
            4151940.9
          ]
        ],
        "type": "LineString"
      },
      "properties": {
        "adaptive_flow": 0.0,
        "adaptive_speed": 2.7800000000000007,
        "baseline_flow": 0.0,
        "baseline_speed": 2.7800000000000007,
        "bottleneck_score": 0.0,
        "delta_flow": 0.0,
        "edge_id": "305662439#2",
        "phantom_risk": 0.0,
        "recommendation_load": 0.0,
        "safety_risk": 0.0
      },
      "type": "Feature"
    },
    {
      "geometry": {
        "coordinates": [
          [
            325573.05,
            4151937.67
          ],
          [
            325570.22000000003,
            4151936.2600000002
          ],
          [
            325540.56,
            4151925.0500000003
          ]
        ],
        "type": "LineString"
      },
      "properties": {
        "adaptive_flow": 0.0,
        "adaptive_speed": 2.7800000000000007,
        "baseline_flow": 0.0,
        "baseline_speed": 2.7800000000000007,
        "bottleneck_score": 0.0,
        "delta_flow": 0.0,
        "edge_id": "305662439#3",
        "phantom_risk": 0.0,
        "recommendation_load": 0.0,
        "safety_risk": 0.0
      },
      "type": "Feature"
    },
    {
      "geometry": {
        "coordinates": [
          [
            325569.35000000003,
            4151958.5
          ],
          [
            325534.36,
            4152056.5300000003
          ],
          [
            325532.81,
            4152060.67
          ],
          [
            325530.8,
            4152064.49
          ],
          [
            325528.5,
            4152068.52
          ],
          [
            325526.02,
            4152072.6100000003
          ],
          [
            325523.46,
            4152076.77
          ],
          [
            325520.92,
            4152079.1100000003
          ],
          [
            325518.37,
            4152081.12
          ],
          [
            325517.29000000004,
            4152083.91
          ]
        ],
        "type": "LineString"
      },
      "properties": {
        "adaptive_flow": 0.0,
        "adaptive_speed": 5.560000000000001,
        "baseline_flow": 0.0,
        "baseline_speed": 5.560000000000001,
        "bottleneck_score": 0.0,
        "delta_flow": 0.0,
        "edge_id": "305662503",
        "phantom_risk": 0.0,
        "recommendation_load": 0.0,
        "safety_risk": 0.0
      },
      "type": "Feature"
    },
    {
      "geometry": {
        "coordinates": [
          [
            325633.31,
            4152019.56
          ],
          [
            325630.37,
            4152028.1300000004
          ]
        ],
        "type": "LineString"
      },
      "properties": {
        "adaptive_flow": 0.0,
        "adaptive_speed": 1.3900000000000003,
        "baseline_flow": 0.0,
        "baseline_speed": 1.3900000000000003,
        "bottleneck_score": 0.0,
        "delta_flow": 0.0,
        "edge_id": "305806950",
        "phantom_risk": 0.0,
        "recommendation_load": 0.0,
        "safety_risk": 0.0
      },
      "type": "Feature"
    },
    {
      "geometry": {
        "coordinates": [
          [
            325599.48000000004,
            4152009.62
          ],
          [
            325596.4,
            4152018.1300000004
          ]
        ],
        "type": "LineString"
      },
      "properties": {
        "adaptive_flow": 0.0,
        "adaptive_speed": 1.3900000000000003,
        "baseline_flow": 0.0,
        "baseline_speed": 1.3900000000000003,
        "bottleneck_score": 0.0,
        "delta_flow": 0.0,
        "edge_id": "305806951",
        "phantom_risk": 0.0,
        "recommendation_load": 0.0,
        "safety_risk": 0.0
      },
      "type": "Feature"
    },
    {
      "geometry": {
        "coordinates": [
          [
            325631.75,
            4152016.4
          ],
          [
            325617.93,
            4152011.7
          ],
          [
            325614.25,
            4152010.45
          ]
        ],
        "type": "LineString"
      },
      "properties": {
        "adaptive_flow": 0.0,
        "adaptive_speed": 2.7800000000000007,
        "baseline_flow": 0.0,
        "baseline_speed": 2.7800000000000007,
        "bottleneck_score": 0.0,
        "delta_flow": 0.0,
        "edge_id": "305806952#0",
        "phantom_risk": 0.0,
        "recommendation_load": 0.0,
        "safety_risk": 0.0
      },
      "type": "Feature"
    },
    {
      "geometry": {
        "coordinates": [
          [
            325609.28,
            4152009.14
          ],
          [
            325602.85000000003,
            4152007.9
          ]
        ],
        "type": "LineString"
      },
      "properties": {
        "adaptive_flow": 0.0,
        "adaptive_speed": 2.7800000000000007,
        "baseline_flow": 0.0,
        "baseline_speed": 2.7800000000000007,
        "bottleneck_score": 0.0,
        "delta_flow": 0.0,
        "edge_id": "305806952#1",
        "phantom_risk": 0.0,
        "recommendation_load": 0.0,
        "safety_risk": 0.0
      },
      "type": "Feature"
    },
    {
      "geometry": {
        "coordinates": [
          [
            325611.02,
            4152012.15
          ],
          [
            325610.56,
            4152013.5
          ]
        ],
        "type": "LineString"
      },
      "properties": {
        "adaptive_flow": 0.0,
        "adaptive_speed": 2.7800000000000007,
        "baseline_flow": 0.0,
        "baseline_speed": 2.7800000000000007,
        "bottleneck_score": 0.0,
        "delta_flow": 0.0,
        "edge_id": "305806953",
        "phantom_risk": 0.0,
        "recommendation_load": 0.0,
        "safety_risk": 0.0
      },
      "type": "Feature"
    },
    {
      "geometry": {
        "coordinates": [
          [
            325724.29000000004,
            4151946.14
          ],
          [
            325736.72000000003,
            4151950.3600000003
          ]
        ],
        "type": "LineString"
      },
      "properties": {
        "adaptive_flow": 0.0,
        "adaptive_speed": 1.3900000000000003,
        "baseline_flow": 0.0,
        "baseline_speed": 1.3900000000000003,
        "bottleneck_score": 0.0,
        "delta_flow": 0.0,
        "edge_id": "305806954",
        "phantom_risk": 0.0,
        "recommendation_load": 0.0,
        "safety_risk": 0.0
      },
      "type": "Feature"
    },
    {
      "geometry": {
        "coordinates": [
          [
            325711.29000000004,
            4151984.5900000003
          ],
          [
            325728.79000000004,
            4151990.75
          ]
        ],
        "type": "LineString"
      },
      "properties": {
        "adaptive_flow": 0.0,
        "adaptive_speed": 1.3900000000000003,
        "baseline_flow": 0.0,
        "baseline_speed": 1.3900000000000003,
        "bottleneck_score": 0.0,
        "delta_flow": 0.0,
        "edge_id": "305806955",
        "phantom_risk": 0.0,
        "recommendation_load": 0.0,
        "safety_risk": 0.0
      },
      "type": "Feature"
    },
    {
      "geometry": {
        "coordinates": [
          [
            325709.75,
            4151981.37
          ],
          [
            325717.63,
            4151957.85
          ],
          [
            325721.12,
            4151947.71
          ]
        ],
        "type": "LineString"
      },
      "properties": {
        "adaptive_flow": 0.0,
        "adaptive_speed": 2.7800000000000007,
        "baseline_flow": 0.0,
        "baseline_speed": 2.7800000000000007,
        "bottleneck_score": 0.0,
        "delta_flow": 0.0,
        "edge_id": "305806956",
        "phantom_risk": 0.0,
        "recommendation_load": 0.0,
        "safety_risk": 0.0
      },
      "type": "Feature"
    },
    {
      "geometry": {
        "coordinates": [
          [
            325651.72000000003,
            4151852.68
          ],
          [
            325653.96,
            4151846.1300000004
          ]
        ],
        "type": "LineString"
      },
      "properties": {
        "adaptive_flow": 0.0,
        "adaptive_speed": 1.3900000000000003,
        "baseline_flow": 0.0,
        "baseline_speed": 1.3900000000000003,
        "bottleneck_score": 0.0,
        "delta_flow": 0.0,
        "edge_id": "305923837",
        "phantom_risk": 0.0,
        "recommendation_load": 0.0,
        "safety_risk": 0.0
      },
      "type": "Feature"
    },
    {
      "geometry": {
        "coordinates": [
          [
            325686.45,
            4151864.49
          ],
          [
            325689.28,
            4151856.2
          ]
        ],
        "type": "LineString"
      },
      "properties": {
        "adaptive_flow": 0.0,
        "adaptive_speed": 1.3900000000000003,
        "baseline_flow": 0.0,
        "baseline_speed": 1.3900000000000003,
        "bottleneck_score": 0.0,
        "delta_flow": 0.0,
        "edge_id": "305923838",
        "phantom_risk": 0.0,
        "recommendation_load": 0.0,
        "safety_risk": 0.0
      },
      "type": "Feature"
    },
    {
      "geometry": {
        "coordinates": [
          [
            325598.28,
            4151946.94
          ],
          [
            325586.3,
            4151953.7
          ],
          [
            325583.62,
            4151947.6100000003
          ]
        ],
        "type": "LineString"
      },
      "properties": {
        "adaptive_flow": 0.0,
        "adaptive_speed": 1.3900000000000003,
        "baseline_flow": 0.0,
        "baseline_speed": 1.3900000000000003,
        "bottleneck_score": 0.0,
        "delta_flow": 0.0,
        "edge_id": "305923841",
        "phantom_risk": 0.0,
        "recommendation_load": 0.0,
        "safety_risk": 0.0
      },
      "type": "Feature"
    },
    {
      "geometry": {
        "coordinates": [
          [
            325612.17,
            4151906.48
          ],
          [
            325607.56,
            4151895.0700000003
          ],
          [
            325599.28,
            4151896.91
          ]
        ],
        "type": "LineString"
      },
      "properties": {
        "adaptive_flow": 0.0,
        "adaptive_speed": 1.3900000000000003,
        "baseline_flow": 0.0,
        "baseline_speed": 1.3900000000000003,
        "bottleneck_score": 0.0,
        "delta_flow": 0.0,
        "edge_id": "305923843",
        "phantom_risk": 0.0,
        "recommendation_load": 0.0,
        "safety_risk": 0.0
      },
      "type": "Feature"
    },
    {
      "geometry": {
        "coordinates": [
          [
            325612.09,
            4151910.66
          ],
          [
            325607.82,
            4151923.14
          ],
          [
            325604.08,
            4151934.0
          ],
          [
            325602.62,
            4151938.3000000003
          ],
          [
            325600.79000000004,
            4151943.6100000003
          ]
        ],
        "type": "LineString"
      },
      "properties": {
        "adaptive_flow": 0.0,
        "adaptive_speed": 2.7800000000000007,
        "baseline_flow": 0.0,
        "baseline_speed": 2.7800000000000007,
        "bottleneck_score": 0.0,
        "delta_flow": 0.0,
        "edge_id": "305923844",
        "phantom_risk": 0.0,
        "recommendation_load": 0.0,
        "safety_risk": 0.0
      },
      "type": "Feature"
    },
    {
      "geometry": {
        "coordinates": [
          [
            325683.27,
            4151866.04
          ],
          [
            325653.28,
            4151855.85
          ]
        ],
        "type": "LineString"
      },
      "properties": {
        "adaptive_flow": 0.0,
        "adaptive_speed": 2.7800000000000007,
        "baseline_flow": 0.0,
        "baseline_speed": 2.7800000000000007,
        "bottleneck_score": 0.0,
        "delta_flow": 0.0,
        "edge_id": "305923845",
        "phantom_risk": 0.0,
        "recommendation_load": 0.0,
        "safety_risk": 0.0
      },
      "type": "Feature"
    },
    {
      "geometry": {
        "coordinates": [
          [
            325601.06,
            4152004.91
          ],
          [
            325603.82,
            4151996.1100000003
          ],
          [
            325616.92,
            4151954.41
          ]
        ],
        "type": "LineString"
      },
      "properties": {
        "adaptive_flow": 0.0,
        "adaptive_speed": 2.7800000000000007,
        "baseline_flow": 0.0,
        "baseline_speed": 2.7800000000000007,
        "bottleneck_score": 0.0,
        "delta_flow": 0.0,
        "edge_id": "305932240#0",
        "phantom_risk": 0.0,
        "recommendation_load": 0.0,
        "safety_risk": 0.0
      },
      "type": "Feature"
    },
    {
      "geometry": {
        "coordinates": [
          [
            325618.49,
            4151949.6300000004
          ],
          [
            325620.74,
            4151943.0700000003
          ],
          [
            325626.3,
            4151926.85
          ],
          [
            325629.79000000004,
            4151916.68
          ]
        ],
        "type": "LineString"
      },
      "properties": {
        "adaptive_flow": 0.0,
        "adaptive_speed": 2.7800000000000007,
        "baseline_flow": 0.0,
        "baseline_speed": 2.7800000000000007,
        "bottleneck_score": 0.0,
        "delta_flow": 0.0,
        "edge_id": "305932240#1",
        "phantom_risk": 0.0,
        "recommendation_load": 0.0,
        "safety_risk": 0.0
      },
      "type": "Feature"
    },
    {
      "geometry": {
        "coordinates": [
          [
            325631.41000000003,
            4151911.94
          ],
          [
            325650.10000000003,
            4151857.41
          ]
        ],
        "type": "LineString"
      },
      "properties": {
        "adaptive_flow": 0.0,
        "adaptive_speed": 2.7800000000000007,
        "baseline_flow": 0.0,
        "baseline_speed": 2.7800000000000007,
        "bottleneck_score": 0.0,
        "delta_flow": 0.0,
        "edge_id": "305932240#2",
        "phantom_risk": 0.0,
        "recommendation_load": 0.0,
        "safety_risk": 0.0
      },
      "type": "Feature"
    },
    {
      "geometry": {
        "coordinates": [
          [
            325634.92,
            4152014.8400000003
          ],
          [
            325651.61,
            4151966.16
          ]
        ],
        "type": "LineString"
      },
      "properties": {
        "adaptive_flow": 0.0,
        "adaptive_speed": 2.7800000000000007,
        "baseline_flow": 0.0,
        "baseline_speed": 2.7800000000000007,
        "bottleneck_score": 0.0,
        "delta_flow": 0.0,
        "edge_id": "305932241#0",
        "phantom_risk": 0.0,
        "recommendation_load": 0.0,
        "safety_risk": 0.0
      },
      "type": "Feature"
    },
    {
      "geometry": {
        "coordinates": [
          [
            325653.23000000004,
            4151961.43
          ],
          [
            325664.52,
            4151928.48
          ]
        ],
        "type": "LineString"
      },
      "properties": {
        "adaptive_flow": 0.0,
        "adaptive_speed": 2.7800000000000007,
        "baseline_flow": 0.0,
        "baseline_speed": 2.7800000000000007,
        "bottleneck_score": 0.0,
        "delta_flow": 0.0,
        "edge_id": "305932241#1",
        "phantom_risk": 0.0,
        "recommendation_load": 0.0,
        "safety_risk": 0.0
      },
      "type": "Feature"
    },
    {
      "geometry": {
        "coordinates": [
          [
            325666.14,
            4151923.74
          ],
          [
            325672.29000000004,
            4151905.79
          ]
        ],
        "type": "LineString"
      },
      "properties": {
        "adaptive_flow": 0.0,
        "adaptive_speed": 2.7800000000000007,
        "baseline_flow": 0.0,
        "baseline_speed": 2.7800000000000007,
        "bottleneck_score": 0.0,
        "delta_flow": 0.0,
        "edge_id": "305932241#2",
        "phantom_risk": 0.0,
        "recommendation_load": 0.0,
        "safety_risk": 0.0
      },
      "type": "Feature"
    },
    {
      "geometry": {
        "coordinates": [
          [
            325673.91000000003,
            4151901.06
          ],
          [
            325684.83,
            4151869.22
          ]
        ],
        "type": "LineString"
      },
      "properties": {
        "adaptive_flow": 0.0,
        "adaptive_speed": 2.7800000000000007,
        "baseline_flow": 0.0,
        "baseline_speed": 2.7800000000000007,
        "bottleneck_score": 0.0,
        "delta_flow": 0.0,
        "edge_id": "305932241#3",
        "phantom_risk": 0.0,
        "recommendation_load": 0.0,
        "safety_risk": 0.0
      },
      "type": "Feature"
    },
    {
      "geometry": {
        "coordinates": [
          [
            325706.58,
            4151982.92
          ],
          [
            325654.79000000004,
            4151964.6300000004
          ]
        ],
        "type": "LineString"
      },
      "properties": {
        "adaptive_flow": 0.0,
        "adaptive_speed": 2.7800000000000007,
        "baseline_flow": 0.0,
        "baseline_speed": 2.7800000000000007,
        "bottleneck_score": 0.0,
        "delta_flow": 0.0,
        "edge_id": "305932242#0",
        "phantom_risk": 0.0,
        "recommendation_load": 0.0,
        "safety_risk": 0.0
      },
      "type": "Feature"
    },
    {
      "geometry": {
        "coordinates": [
          [
            325650.05,
            4151962.99
          ],
          [
            325620.07,
            4151952.81
          ]
        ],
        "type": "LineString"
      },
      "properties": {
        "adaptive_flow": 0.0,
        "adaptive_speed": 2.7800000000000007,
        "baseline_flow": 0.0,
        "baseline_speed": 2.7800000000000007,
        "bottleneck_score": 0.0,
        "delta_flow": 0.0,
        "edge_id": "305932242#1",
        "phantom_risk": 0.0,
        "recommendation_load": 0.0,
        "safety_risk": 0.0
      },
      "type": "Feature"
    },
    {
      "geometry": {
        "coordinates": [
          [
            325615.32,
            4151951.2
          ],
          [
            325602.35000000003,
            4151946.79
          ]
        ],
        "type": "LineString"
      },
      "properties": {
        "adaptive_flow": 0.0,
        "adaptive_speed": 2.7800000000000007,
        "baseline_flow": 0.0,
        "baseline_speed": 2.7800000000000007,
        "bottleneck_score": 0.0,
        "delta_flow": 0.0,
        "edge_id": "305932242#2",
        "phantom_risk": 0.0,
        "recommendation_load": 0.0,
        "safety_risk": 0.0
      },
      "type": "Feature"
    },
    {
      "geometry": {
        "coordinates": [
          [
            325615.26,
            4151909.1
          ],
          [
            325628.23000000004,
            4151913.5100000002
          ]
        ],
        "type": "LineString"
      },
      "properties": {
        "adaptive_flow": 0.0,
        "adaptive_speed": 2.7800000000000007,
        "baseline_flow": 0.0,
        "baseline_speed": 2.7800000000000007,
        "bottleneck_score": 0.0,
        "delta_flow": 0.0,
        "edge_id": "305932244#0",
        "phantom_risk": 0.0,
        "recommendation_load": 0.0,
        "safety_risk": 0.0
      },
      "type": "Feature"
    },
    {
      "geometry": {
        "coordinates": [
          [
            325632.97000000003,
            4151915.12
          ],
          [
            325642.72000000003,
            4151918.43
          ],
          [
            325648.18,
            4151920.2800000003
          ],
          [
            325662.96,
            4151925.3000000003
          ]
        ],
        "type": "LineString"
      },
      "properties": {
        "adaptive_flow": 0.0,
        "adaptive_speed": 2.7800000000000007,
        "baseline_flow": 0.0,
        "baseline_speed": 2.7800000000000007,
        "bottleneck_score": 0.0,
        "delta_flow": 0.0,
        "edge_id": "305932244#1",
        "phantom_risk": 0.0,
        "recommendation_load": 0.0,
        "safety_risk": 0.0
      },
      "type": "Feature"
    },
    {
      "geometry": {
        "coordinates": [
          [
            325667.7,
            4151926.92
          ],
          [
            325709.48000000004,
            4151941.1100000003
          ]
        ],
        "type": "LineString"
      },
      "properties": {
        "adaptive_flow": 0.0,
        "adaptive_speed": 2.7800000000000007,
        "baseline_flow": 0.0,
        "baseline_speed": 2.7800000000000007,
        "bottleneck_score": 0.0,
        "delta_flow": 0.0,
        "edge_id": "305932244#2",
        "phantom_risk": 0.0,
        "recommendation_load": 0.0,
        "safety_risk": 0.0
      },
      "type": "Feature"
    },
    {
      "geometry": {
        "coordinates": [
          [
            325714.21,
            4151942.72
          ],
          [
            325719.56,
            4151944.5300000003
          ]
        ],
        "type": "LineString"
      },
      "properties": {
        "adaptive_flow": 0.0,
        "adaptive_speed": 2.7800000000000007,
        "baseline_flow": 0.0,
        "baseline_speed": 2.7800000000000007,
        "bottleneck_score": 0.0,
        "delta_flow": 0.0,
        "edge_id": "305932244#3",
        "phantom_risk": 0.0,
        "recommendation_load": 0.0,
        "safety_risk": 0.0
      },
      "type": "Feature"
    },
    {
      "geometry": {
        "coordinates": [
          [
            325674.79000000004,
            4151904.0
          ],
          [
            325674.98000000004,
            4151904.0700000003
          ]
        ],
        "type": "LineString"
      },
      "properties": {
        "adaptive_flow": 0.0,
        "adaptive_speed": 2.7800000000000007,
        "baseline_flow": 0.0,
        "baseline_speed": 2.7800000000000007,
        "bottleneck_score": 0.0,
        "delta_flow": 0.0,
        "edge_id": "305932246#0",
        "phantom_risk": 0.0,
        "recommendation_load": 0.0,
        "safety_risk": 0.0
      },
      "type": "Feature"
    },
    {
      "geometry": {
        "coordinates": [
          [
            325680.82,
            4151906.0500000003
          ],
          [
            325689.41000000003,
            4151908.97
          ]
        ],
        "type": "LineString"
      },
      "properties": {
        "adaptive_flow": 0.0,
        "adaptive_speed": 2.7800000000000007,
        "baseline_flow": 0.0,
        "baseline_speed": 2.7800000000000007,
        "bottleneck_score": 0.0,
        "delta_flow": 0.0,
        "edge_id": "305932246#1",
        "phantom_risk": 0.0,
        "recommendation_load": 0.0,
        "safety_risk": 0.0
      },
      "type": "Feature"
    },
    {
      "geometry": {
        "coordinates": [
          [
            325389.97000000003,
            4152201.56
          ],
          [
            325429.24,
            4152215.3000000003
          ]
        ],
        "type": "LineString"
      },
      "properties": {
        "adaptive_flow": 0.0,
        "adaptive_speed": 5.560000000000001,
        "baseline_flow": 0.0,
        "baseline_speed": 5.560000000000001,
        "bottleneck_score": 0.0,
        "delta_flow": 0.0,
        "edge_id": "306383362#0",
        "phantom_risk": 0.0,
        "recommendation_load": 0.0,
        "safety_risk": 0.0
      },
      "type": "Feature"
    },
    {
      "geometry": {
        "coordinates": [
          [
            325435.10000000003,
            4152217.39
          ],
          [
            325467.72000000003,
            4152229.27
          ]
        ],
        "type": "LineString"
      },
      "properties": {
        "adaptive_flow": 0.0,
        "adaptive_speed": 5.560000000000001,
        "baseline_flow": 0.0,
        "baseline_speed": 5.560000000000001,
        "bottleneck_score": 0.0,
        "delta_flow": 0.0,
        "edge_id": "306383362#1",
        "phantom_risk": 0.0,
        "recommendation_load": 0.0,
        "safety_risk": 0.0
      },
      "type": "Feature"
    },
    {
      "geometry": {
        "coordinates": [
          [
            325473.55,
            4152231.42
          ],
          [
            325513.26,
            4152246.19
          ]
        ],
        "type": "LineString"
      },
      "properties": {
        "adaptive_flow": 0.0,
        "adaptive_speed": 5.560000000000001,
        "baseline_flow": 0.0,
        "baseline_speed": 5.560000000000001,
        "bottleneck_score": 0.0,
        "delta_flow": 0.0,
        "edge_id": "306383362#2",
        "phantom_risk": 0.0,
        "recommendation_load": 0.0,
        "safety_risk": 0.0
      },
      "type": "Feature"
    },
    {
      "geometry": {
        "coordinates": [
          [
            325750.86,
            4151952.19
          ],
          [
            325748.41000000003,
            4151959.85
          ]
        ],
        "type": "LineString"
      },
      "properties": {
        "adaptive_flow": 0.0,
        "adaptive_speed": 2.7800000000000007,
        "baseline_flow": 0.0,
        "baseline_speed": 2.7800000000000007,
        "bottleneck_score": 0.0,
        "delta_flow": 0.0,
        "edge_id": "309154983#0",
        "phantom_risk": 0.0,
        "recommendation_load": 0.0,
        "safety_risk": 0.0
      },
      "type": "Feature"
    },
    {
      "geometry": {
        "coordinates": [
          [
            325747.86,
            4151961.5500000003
          ],
          [
            325747.8,
            4151961.74
          ]
        ],
        "type": "LineString"
      },
      "properties": {
        "adaptive_flow": 0.0,
        "adaptive_speed": 2.7800000000000007,
        "baseline_flow": 0.0,
        "baseline_speed": 2.7800000000000007,
        "bottleneck_score": 0.0,
        "delta_flow": 0.0,
        "edge_id": "309154983#1",
        "phantom_risk": 0.0,
        "recommendation_load": 0.0,
        "safety_risk": 0.0
      },
      "type": "Feature"
    },
    {
      "geometry": {
        "coordinates": [
          [
            325548.74,
            4152292.35
          ],
          [
            325548.55,
            4152292.29
          ]
        ],
        "type": "LineString"
      },
      "properties": {
        "adaptive_flow": 0.0,
        "adaptive_speed": 2.7800000000000007,
        "baseline_flow": 0.0,
        "baseline_speed": 2.7800000000000007,
        "bottleneck_score": 0.0,
        "delta_flow": 0.0,
        "edge_id": "309351190#0",
        "phantom_risk": 0.0,
        "recommendation_load": 0.0,
        "safety_risk": 0.0
      },
      "type": "Feature"
    },
    {
      "geometry": {
        "coordinates": [
          [
            325526.55,
            4152284.21
          ],
          [
            325526.37,
            4152284.14
          ]
        ],
        "type": "LineString"
      },
      "properties": {
        "adaptive_flow": 0.0,
        "adaptive_speed": 2.7800000000000007,
        "baseline_flow": 0.0,
        "baseline_speed": 2.7800000000000007,
        "bottleneck_score": 0.0,
        "delta_flow": 0.0,
        "edge_id": "309351190#1",
        "phantom_risk": 0.0,
        "recommendation_load": 0.0,
        "safety_risk": 0.0
      },
      "type": "Feature"
    },
    {
      "geometry": {
        "coordinates": [
          [
            325525.09,
            4152283.68
          ],
          [
            325524.91000000003,
            4152283.6100000003
          ]
        ],
        "type": "LineString"
      },
      "properties": {
        "adaptive_flow": 0.0,
        "adaptive_speed": 2.7800000000000007,
        "baseline_flow": 0.0,
        "baseline_speed": 2.7800000000000007,
        "bottleneck_score": 0.0,
        "delta_flow": 0.0,
        "edge_id": "309351190#2",
        "phantom_risk": 0.0,
        "recommendation_load": 0.0,
        "safety_risk": 0.0
      },
      "type": "Feature"
    },
    {
      "geometry": {
        "coordinates": [
          [
            325524.85000000003,
            4152283.47
          ],
          [
            325524.66000000003,
            4152283.41
          ]
        ],
        "type": "LineString"
      },
      "properties": {
        "adaptive_flow": 0.0,
        "adaptive_speed": 2.7800000000000007,
        "baseline_flow": 0.0,
        "baseline_speed": 2.7800000000000007,
        "bottleneck_score": 0.0,
        "delta_flow": 0.0,
        "edge_id": "309351190#3",
        "phantom_risk": 0.0,
        "recommendation_load": 0.0,
        "safety_risk": 0.0
      },
      "type": "Feature"
    },
    {
      "geometry": {
        "coordinates": [
          [
            325502.49,
            4152275.6300000004
          ],
          [
            325502.31,
            4152275.56
          ]
        ],
        "type": "LineString"
      },
      "properties": {
        "adaptive_flow": 0.0,
        "adaptive_speed": 2.7800000000000007,
        "baseline_flow": 0.0,
        "baseline_speed": 2.7800000000000007,
        "bottleneck_score": 0.0,
        "delta_flow": 0.0,
        "edge_id": "309351190#4",
        "phantom_risk": 0.0,
        "recommendation_load": 0.0,
        "safety_risk": 0.0
      },
      "type": "Feature"
    },
    {
      "geometry": {
        "coordinates": [
          [
            326475.62,
            4152251.8200000003
          ],
          [
            326452.11,
            4152243.73
          ],
          [
            326420.75,
            4152232.93
          ],
          [
            326357.8,
            4152209.93
          ],
          [
            326344.2,
            4152204.93
          ],
          [
            326274.18,
            4152179.17
          ],
          [
            326208.33,
            4152154.93
          ],
          [
            326131.35000000003,
            4152127.5300000003
          ]
        ],
        "type": "LineString"
      },
      "properties": {
        "adaptive_flow": 0.0,
        "adaptive_speed": 27.780000000000005,
        "baseline_flow": 0.0,
        "baseline_speed": 27.780000000000005,
        "bottleneck_score": 0.0,
        "delta_flow": 0.0,
        "edge_id": "375049565#0",
        "phantom_risk": 0.0,
        "recommendation_load": 0.0,
        "safety_risk": 0.0
      },
      "type": "Feature"
    },
    {
      "geometry": {
        "coordinates": [
          [
            326131.07,
            4152127.43
          ],
          [
            326104.71,
            4152117.96
          ],
          [
            325968.88,
            4152067.58
          ]
        ],
        "type": "LineString"
      },
      "properties": {
        "adaptive_flow": 0.0,
        "adaptive_speed": 27.780000000000005,
        "baseline_flow": 0.0,
        "baseline_speed": 27.780000000000005,
        "bottleneck_score": 0.0,
        "delta_flow": 0.0,
        "edge_id": "375049565#1",
        "phantom_risk": 0.0,
        "recommendation_load": 0.0,
        "safety_risk": 0.0
      },
      "type": "Feature"
    },
    {
      "geometry": {
        "coordinates": [
          [
            325968.60000000003,
            4152067.48
          ],
          [
            325948.87,
            4152060.41
          ],
          [
            325933.52,
            4152054.52
          ]
        ],
        "type": "LineString"
      },
      "properties": {
        "adaptive_flow": 0.0,
        "adaptive_speed": 27.780000000000005,
        "baseline_flow": 0.0,
        "baseline_speed": 27.780000000000005,
        "bottleneck_score": 0.0,
        "delta_flow": 0.0,
        "edge_id": "375049565#2",
        "phantom_risk": 0.0,
        "recommendation_load": 0.0,
        "safety_risk": 0.0
      },
      "type": "Feature"
    },
    {
      "geometry": {
        "coordinates": [
          [
            325933.22000000003,
            4152054.41
          ],
          [
            325851.94,
            4152024.72
          ]
        ],
        "type": "LineString"
      },
      "properties": {
        "adaptive_flow": 0.0,
        "adaptive_speed": 27.780000000000005,
        "baseline_flow": 0.0,
        "baseline_speed": 27.780000000000005,
        "bottleneck_score": 0.0,
        "delta_flow": 0.0,
        "edge_id": "375049565#3",
        "phantom_risk": 0.0,
        "recommendation_load": 0.0,
        "safety_risk": 0.0
      },
      "type": "Feature"
    },
    {
      "geometry": {
        "coordinates": [
          [
            325838.56,
            4152019.79
          ],
          [
            325728.28,
            4151978.83
          ]
        ],
        "type": "LineString"
      },
      "properties": {
        "adaptive_flow": 26.884397368319,
        "adaptive_speed": 23.92654659927107,
        "baseline_flow": 23.297211430540333,
        "baseline_speed": 24.361053979217083,
        "bottleneck_score": 0.15364900168394485,
        "delta_flow": 3.587185937778667,
        "edge_id": "375049565#4",
        "phantom_risk": 0.03872319244880761,
        "recommendation_load": 2.25,
        "safety_risk": 0.11747263544048005
      },
      "type": "Feature"
    },
    {
      "geometry": {
        "coordinates": [
          [
            325665.54000000004,
            4152248.8600000003
          ],
          [
            325679.60000000003,
            4152207.87
          ]
        ],
        "type": "LineString"
      },
      "properties": {
        "adaptive_flow": 0.0,
        "adaptive_speed": 5.560000000000001,
        "baseline_flow": 0.0,
        "baseline_speed": 5.560000000000001,
        "bottleneck_score": 0.0,
        "delta_flow": 0.0,
        "edge_id": "379463131",
        "phantom_risk": 0.0,
        "recommendation_load": 0.0,
        "safety_risk": 0.0
      },
      "type": "Feature"
    },
    {
      "geometry": {
        "coordinates": [
          [
            325644.06,
            4152292.71
          ],
          [
            325623.96,
            4152353.65
          ],
          [
            325624.72000000003,
            4152359.75
          ]
        ],
        "type": "LineString"
      },
      "properties": {
        "adaptive_flow": 0.0,
        "adaptive_speed": 5.560000000000001,
        "baseline_flow": 0.0,
        "baseline_speed": 5.560000000000001,
        "bottleneck_score": 0.0,
        "delta_flow": 0.0,
        "edge_id": "379463132",
        "phantom_risk": 0.0,
        "recommendation_load": 0.0,
        "safety_risk": 0.0
      },
      "type": "Feature"
    },
    {
      "geometry": {
        "coordinates": [
          [
            325654.65,
            4151917.8000000003
          ],
          [
            325663.21,
            4151892.12
          ]
        ],
        "type": "LineString"
      },
      "properties": {
        "adaptive_flow": 0.0,
        "adaptive_speed": 25.0,
        "baseline_flow": 0.0,
        "baseline_speed": 25.0,
        "bottleneck_score": 0.0,
        "delta_flow": 0.0,
        "edge_id": "391358773#1",
        "phantom_risk": 0.0,
        "recommendation_load": 0.0,
        "safety_risk": 0.0
      },
      "type": "Feature"
    },
    {
      "geometry": {
        "coordinates": [
          [
            325664.2,
            4151889.22
          ],
          [
            325678.49,
            4151848.8800000004
          ],
          [
            325709.42,
            4151758.8800000004
          ],
          [
            325732.37,
            4151690.89
          ],
          [
            325766.95,
            4151594.8800000004
          ],
          [
            325832.51,
            4151412.93
          ],
          [
            325877.49,
            4151283.8000000003
          ],
          [
            325915.69,
            4151175.0300000003
          ],
          [
            325975.14,
            4151009.3800000004
          ],
          [
            326000.73000000004,
            4150938.62
          ],
          [
            326045.11,
            4150815.02
          ],
          [
            326078.07,
            4150721.9
          ],
          [
            326148.54000000004,
            4150524.81
          ],
          [
            326153.87,
            4150510.83
          ],
          [
            326168.5,
            4150472.47
          ],
          [
            326176.74,
            4150455.8200000003
          ],
          [
            326189.03,
            4150428.1100000003
          ],
          [
            326239.53,
            4150359.69
          ],
          [
            326266.03,
            4150327.17
          ],
          [
            326350.06,
            4150220.79
          ],
          [
            326356.86,
            4150213.0700000003
          ],
          [
            326369.61,
            4150198.97
          ],
          [
            326407.2,
            4150153.14
          ],
          [
            326442.76,
            4150101.64
          ],
          [
            326467.79000000004,
            4150064.5300000003
          ],
          [
            326490.75,
            4150029.42
          ],
          [
            326512.03,
            4149975.96
          ],
          [
            326525.33,
            4149940.25
          ],
          [
            326537.22000000003,
            4149902.7800000003
          ],
          [
            326545.14,
            4149879.47
          ],
          [
            326558.66000000003,
            4149825.8600000003
          ],
          [
            326564.77,
            4149772.08
          ],
          [
            326568.39,
            4149711.02
          ],
          [
            326562.81,
            4149594.4
          ],
          [
            326554.75,
            4149492.6300000004
          ],
          [
            326540.38,
            4149412.93
          ],
          [
            326535.39,
            4149377.0100000002
          ],
          [
            326527.44,
            4149312.0900000003
          ],
          [
            326521.9,
            4149256.35
          ],
          [
            326516.09,
            4149159.5900000003
          ],
          [
            326524.74,
            4148927.98
          ],
          [
            326532.52,
            4148835.8600000003
          ],
          [
            326563.57,
            4148399.71
          ],
          [
            326564.47000000003,
            4148389.3000000003
          ],
          [
            326567.36,
            4148379.66
          ],
          [
            326572.57,
            4148371.06
          ],
          [
            326578.29000000004,
            4148362.5700000003
          ],
          [
            326732.37,
            4148134.73
          ],
          [
            327578.49,
            4146877.93
          ],
          [
            327659.2,
            4146764.44
          ],
          [
            327783.19,
            4146593.62
          ],
          [
            327791.64,
            4146581.96
          ]
        ],
        "type": "LineString"
      },
      "properties": {
        "adaptive_flow": 0.0,
        "adaptive_speed": 25.0,
        "baseline_flow": 0.0,
        "baseline_speed": 25.0,
        "bottleneck_score": 0.0,
        "delta_flow": 0.0,
        "edge_id": "391358773#2",
        "phantom_risk": 0.0,
        "recommendation_load": 0.0,
        "safety_risk": 0.0
      },
      "type": "Feature"
    },
    {
      "geometry": {
        "coordinates": [
          [
            325748.98000000004,
            4152607.69
          ],
          [
            325710.7,
            4152550.35
          ],
          [
            325655.07,
            4152473.8800000004
          ],
          [
            325613.44,
            4152416.49
          ],
          [
            325599.96,
            4152397.2600000002
          ],
          [
            325579.59,
            4152366.74
          ]
        ],
        "type": "LineString"
      },
      "properties": {
        "adaptive_flow": 0.0,
        "adaptive_speed": 13.890000000000002,
        "baseline_flow": 0.0,
        "baseline_speed": 13.890000000000002,
        "bottleneck_score": 0.0,
        "delta_flow": 0.0,
        "edge_id": "417750337#0",
        "phantom_risk": 0.0,
        "recommendation_load": 0.0,
        "safety_risk": 0.0
      },
      "type": "Feature"
    },
    {
      "geometry": {
        "coordinates": [
          [
            325570.46,
            4152354.66
          ],
          [
            325542.33,
            4152319.93
          ]
        ],
        "type": "LineString"
      },
      "properties": {
        "adaptive_flow": 2.201858987976872,
        "adaptive_speed": 13.846555354137225,
        "baseline_flow": 0.36938877322788066,
        "baseline_speed": 13.811482987085093,
        "bottleneck_score": 0.00435101927429787,
        "delta_flow": 1.8324702147489913,
        "edge_id": "417750337#1",
        "phantom_risk": 0.0006116274966602423,
        "recommendation_load": 0.008333333333333333,
        "safety_risk": 0.0
      },
      "type": "Feature"
    },
    {
      "geometry": {
        "coordinates": [
          [
            325759.69,
            4152347.96
          ],
          [
            325766.3,
            4152328.0700000003
          ]
        ],
        "type": "LineString"
      },
      "properties": {
        "adaptive_flow": 0.0,
        "adaptive_speed": 5.560000000000001,
        "baseline_flow": 0.0,
        "baseline_speed": 5.560000000000001,
        "bottleneck_score": 0.0,
        "delta_flow": 0.0,
        "edge_id": "417750368#0",
        "phantom_risk": 0.0,
        "recommendation_load": 0.0,
        "safety_risk": 0.0
      },
      "type": "Feature"
    },
    {
      "geometry": {
        "coordinates": [
          [
            325769.3,
            4152319.18
          ],
          [
            325778.35000000003,
            4152292.93
          ]
        ],
        "type": "LineString"
      },
      "properties": {
        "adaptive_flow": 0.0,
        "adaptive_speed": 5.560000000000001,
        "baseline_flow": 0.0,
        "baseline_speed": 5.560000000000001,
        "bottleneck_score": 0.0,
        "delta_flow": 0.0,
        "edge_id": "417750368#1",
        "phantom_risk": 0.0,
        "recommendation_load": 0.0,
        "safety_risk": 0.0
      },
      "type": "Feature"
    },
    {
      "geometry": {
        "coordinates": [
          [
            325868.51,
            4151607.56
          ],
          [
            325838.87,
            4151689.8800000004
          ],
          [
            325803.19,
            4151790.37
          ],
          [
            325755.63,
            4151923.21
          ],
          [
            325759.76,
            4151930.5900000003
          ],
          [
            325753.31,
            4151949.8600000003
          ]
        ],
        "type": "LineString"
      },
      "properties": {
        "adaptive_flow": 0.0,
        "adaptive_speed": 13.890000000000002,
        "baseline_flow": 0.0,
        "baseline_speed": 13.890000000000002,
        "bottleneck_score": 0.0,
        "delta_flow": 0.0,
        "edge_id": "417933645",
        "phantom_risk": 0.0,
        "recommendation_load": 0.0,
        "safety_risk": 0.0
      },
      "type": "Feature"
    },
    {
      "geometry": {
        "coordinates": [
          [
            325939.61,
            4151632.23
          ],
          [
            325910.35000000003,
            4151715.9
          ],
          [
            325875.89,
            4151816.45
          ],
          [
            325829.4,
            4151938.0100000002
          ]
        ],
        "type": "LineString"
      },
      "properties": {
        "adaptive_flow": 0.0,
        "adaptive_speed": 13.890000000000002,
        "baseline_flow": 0.0,
        "baseline_speed": 13.890000000000002,
        "bottleneck_score": 0.0,
        "delta_flow": 0.0,
        "edge_id": "417933646#0",
        "phantom_risk": 0.0,
        "recommendation_load": 0.0,
        "safety_risk": 0.0
      },
      "type": "Feature"
    },
    {
      "geometry": {
        "coordinates": [
          [
            325826.05,
            4151946.8000000003
          ],
          [
            325814.09,
            4151978.29
          ],
          [
            325813.34,
            4151980.31
          ]
        ],
        "type": "LineString"
      },
      "properties": {
        "adaptive_flow": 0.0,
        "adaptive_speed": 13.890000000000002,
        "baseline_flow": 0.0,
        "baseline_speed": 13.890000000000002,
        "bottleneck_score": 0.0,
        "delta_flow": 0.0,
        "edge_id": "417933646#1",
        "phantom_risk": 0.0,
        "recommendation_load": 0.0,
        "safety_risk": 0.0
      },
      "type": "Feature"
    },
    {
      "geometry": {
        "coordinates": [
          [
            325607.60000000003,
            4151921.0300000003
          ],
          [
            325628.11,
            4151928.0700000003
          ]
        ],
        "type": "LineString"
      },
      "properties": {
        "adaptive_flow": 0.0,
        "adaptive_speed": 27.780000000000005,
        "baseline_flow": 0.0,
        "baseline_speed": 27.780000000000005,
        "bottleneck_score": 0.0,
        "delta_flow": 0.0,
        "edge_id": "472042764",
        "phantom_risk": 0.0,
        "recommendation_load": 0.0,
        "safety_risk": 0.0
      },
      "type": "Feature"
    },
    {
      "geometry": {
        "coordinates": [
          [
            325596.575,
            4151931.0
          ],
          [
            325542.245,
            4151911.8575
          ]
        ],
        "type": "LineString"
      },
      "properties": {
        "adaptive_flow": 7.370265935246158,
        "adaptive_speed": 27.52835062952069,
        "baseline_flow": 8.165895740063213,
        "baseline_speed": 27.42609438630718,
        "bottleneck_score": 0.01315324483129144,
        "delta_flow": -0.7956298048170556,
        "edge_id": "480850873",
        "phantom_risk": 0.003212498462755409,
        "recommendation_load": 0.43333333333333335,
        "safety_risk": 0.030162219653100713
      },
      "type": "Feature"
    },
    {
      "geometry": {
        "coordinates": [
          [
            325488.64,
            4151892.2600000002
          ],
          [
            325426.23000000004,
            4151870.37
          ]
        ],
        "type": "LineString"
      },
      "properties": {
        "adaptive_flow": 0.0,
        "adaptive_speed": 27.780000000000005,
        "baseline_flow": 0.0,
        "baseline_speed": 27.780000000000005,
        "bottleneck_score": 0.0,
        "delta_flow": 0.0,
        "edge_id": "504227065",
        "phantom_risk": 0.0,
        "recommendation_load": 0.0,
        "safety_risk": 0.0
      },
      "type": "Feature"
    },
    {
      "geometry": {
        "coordinates": [
          [
            325563.94,
            4151706.045
          ],
          [
            325546.84,
            4151758.2600000002
          ],
          [
            325545.545,
            4151762.045
          ],
          [
            325534.03500000003,
            4151792.4250000003
          ],
          [
            325526.115,
            4151814.64
          ],
          [
            325507.76,
            4151863.525
          ]
        ],
        "type": "LineString"
      },
      "properties": {
        "adaptive_flow": 0.0,
        "adaptive_speed": 13.890000000000002,
        "baseline_flow": 0.0,
        "baseline_speed": 13.890000000000002,
        "bottleneck_score": 0.0,
        "delta_flow": 0.0,
        "edge_id": "504227066#0",
        "phantom_risk": 0.0,
        "recommendation_load": 0.0,
        "safety_risk": 0.0
      },
      "type": "Feature"
    },
    {
      "geometry": {
        "coordinates": [
          [
            325417.46,
            4151867.19
          ],
          [
            325359.27,
            4151845.45
          ],
          [
            325355.88,
            4151844.19
          ]
        ],
        "type": "LineString"
      },
      "properties": {
        "adaptive_flow": 0.0,
        "adaptive_speed": 27.780000000000005,
        "baseline_flow": 0.0,
        "baseline_speed": 27.780000000000005,
        "bottleneck_score": 0.0,
        "delta_flow": 0.0,
        "edge_id": "504231011#0",
        "phantom_risk": 0.0,
        "recommendation_load": 0.0,
        "safety_risk": 0.0
      },
      "type": "Feature"
    },
    {
      "geometry": {
        "coordinates": [
          [
            325355.59500000003,
            4151844.0900000003
          ],
          [
            325343.69,
            4151839.68
          ]
        ],
        "type": "LineString"
      },
      "properties": {
        "adaptive_flow": 0.0,
        "adaptive_speed": 27.780000000000005,
        "baseline_flow": 0.0,
        "baseline_speed": 27.780000000000005,
        "bottleneck_score": 0.0,
        "delta_flow": 0.0,
        "edge_id": "504231011#1",
        "phantom_risk": 0.0,
        "recommendation_load": 0.0,
        "safety_risk": 0.0
      },
      "type": "Feature"
    },
    {
      "geometry": {
        "coordinates": [
          [
            325559.255,
            4152108.3600000003
          ],
          [
            325517.37,
            4152092.395
          ]
        ],
        "type": "LineString"
      },
      "properties": {
        "adaptive_flow": 0.0,
        "adaptive_speed": 13.890000000000002,
        "baseline_flow": 0.0,
        "baseline_speed": 13.890000000000002,
        "bottleneck_score": 0.0,
        "delta_flow": 0.0,
        "edge_id": "504509918#0",
        "phantom_risk": 0.0,
        "recommendation_load": 0.0,
        "safety_risk": 0.0
      },
      "type": "Feature"
    },
    {
      "geometry": {
        "coordinates": [
          [
            325508.63,
            4152089.12
          ],
          [
            325482.92,
            4152079.64
          ]
        ],
        "type": "LineString"
      },
      "properties": {
        "adaptive_flow": 0.0,
        "adaptive_speed": 13.890000000000002,
        "baseline_flow": 0.0,
        "baseline_speed": 13.890000000000002,
        "bottleneck_score": 0.0,
        "delta_flow": 0.0,
        "edge_id": "504509918#1",
        "phantom_risk": 0.0,
        "recommendation_load": 0.0,
        "safety_risk": 0.0
      },
      "type": "Feature"
    },
    {
      "geometry": {
        "coordinates": [
          [
            325476.685,
            4152077.345
          ],
          [
            325442.12,
            4152064.58
          ]
        ],
        "type": "LineString"
      },
      "properties": {
        "adaptive_flow": 0.0,
        "adaptive_speed": 13.890000000000002,
        "baseline_flow": 0.0,
        "baseline_speed": 13.890000000000002,
        "bottleneck_score": 0.0,
        "delta_flow": 0.0,
        "edge_id": "504509918#2",
        "phantom_risk": 0.0,
        "recommendation_load": 0.0,
        "safety_risk": 0.0
      },
      "type": "Feature"
    },
    {
      "geometry": {
        "coordinates": [
          [
            325478.77,
            4152082.0300000003
          ],
          [
            325433.19,
            4152213.39
          ]
        ],
        "type": "LineString"
      },
      "properties": {
        "adaptive_flow": 0.0,
        "adaptive_speed": 5.560000000000001,
        "baseline_flow": 0.0,
        "baseline_speed": 5.560000000000001,
        "bottleneck_score": 0.0,
        "delta_flow": 0.0,
        "edge_id": "504511997#1",
        "phantom_risk": 0.0,
        "recommendation_load": 0.0,
        "safety_risk": 0.0
      },
      "type": "Feature"
    },
    {
      "geometry": {
        "coordinates": [
          [
            325431.14,
            4152219.27
          ],
          [
            325382.61,
            4152358.65
          ]
        ],
        "type": "LineString"
      },
      "properties": {
        "adaptive_flow": 0.0,
        "adaptive_speed": 5.560000000000001,
        "baseline_flow": 0.0,
        "baseline_speed": 5.560000000000001,
        "bottleneck_score": 0.0,
        "delta_flow": 0.0,
        "edge_id": "504511999",
        "phantom_risk": 0.0,
        "recommendation_load": 0.0,
        "safety_risk": 0.0
      },
      "type": "Feature"
    },
    {
      "geometry": {
        "coordinates": [
          [
            325536.46,
            4151909.77
          ],
          [
            325502.24,
            4151897.15
          ]
        ],
        "type": "LineString"
      },
      "properties": {
        "adaptive_flow": 13.458931332036267,
        "adaptive_speed": 27.292085291139063,
        "baseline_flow": 15.508136968985097,
        "baseline_speed": 27.225466153864943,
        "bottleneck_score": 0.025040708510392272,
        "delta_flow": -2.0492056369488303,
        "edge_id": "504512001",
        "phantom_risk": 0.006243840798499437,
        "recommendation_load": 0.43333333333333335,
        "safety_risk": 0.04774015318561688
      },
      "type": "Feature"
    },
    {
      "geometry": {
        "coordinates": [
          [
            325471.71,
            4152227.43
          ],
          [
            325511.60000000003,
            4152118.6100000003
          ],
          [
            325513.66000000003,
            4152113.5100000002
          ],
          [
            325514.21,
            4152110.92
          ],
          [
            325513.2,
            4152105.72
          ],
          [
            325512.43,
            4152102.56
          ],
          [
            325511.49,
            4152099.91
          ],
          [
            325511.03,
            4152097.97
          ],
          [
            325511.48000000004,
            4152095.19
          ]
        ],
        "type": "LineString"
      },
      "properties": {
        "adaptive_flow": 0.0,
        "adaptive_speed": 5.560000000000001,
        "baseline_flow": 0.0,
        "baseline_speed": 5.560000000000001,
        "bottleneck_score": 0.0,
        "delta_flow": 0.0,
        "edge_id": "504512006",
        "phantom_risk": 0.0,
        "recommendation_load": 0.0,
        "safety_risk": 0.0
      },
      "type": "Feature"
    },
    {
      "geometry": {
        "coordinates": [
          [
            325722.39,
            4151976.65
          ],
          [
            325675.32,
            4151959.35
          ]
        ],
        "type": "LineString"
      },
      "properties": {
        "adaptive_flow": 31.598520304640715,
        "adaptive_speed": 22.860552469632673,
        "baseline_flow": 26.608924744855134,
        "baseline_speed": 22.645153050426497,
        "bottleneck_score": 0.1946406777202646,
        "delta_flow": 4.989595559785581,
        "edge_id": "520307303#0",
        "phantom_risk": 0.05140153630213652,
        "recommendation_load": 2.25,
        "safety_risk": 0.11150184639922106
      },
      "type": "Feature"
    },
    {
      "geometry": {
        "coordinates": [
          [
            325668.21,
            4151957.24
          ],
          [
            325665.69,
            4151956.35
          ]
        ],
        "type": "LineString"
      },
      "properties": {
        "adaptive_flow": 9.707053451595197,
        "adaptive_speed": 23.180612938326604,
        "baseline_flow": 10.424091169413357,
        "baseline_speed": 23.999697855720942,
        "bottleneck_score": 0.17095749651822711,
        "delta_flow": -0.71703771781816,
        "edge_id": "520307303#1",
        "phantom_risk": 0.0025152050683841334,
        "recommendation_load": 0.7833333333333333,
        "safety_risk": 0.0
      },
      "type": "Feature"
    },
    {
      "geometry": {
        "coordinates": [
          [
            325641.0225,
            4151990.345
          ],
          [
            325623.71,
            4152040.1300000004
          ],
          [
            325608.66000000003,
            4152084.12
          ],
          [
            325597.325,
            4152115.37
          ]
        ],
        "type": "LineString"
      },
      "properties": {
        "adaptive_flow": 14.216222651728243,
        "adaptive_speed": 27.248364049449346,
        "baseline_flow": 10.577162194795077,
        "baseline_speed": 27.39899902276626,
        "bottleneck_score": 0.02703526470394745,
        "delta_flow": 3.6390604569331657,
        "edge_id": "520307304#0",
        "phantom_risk": 0.007308791134271119,
        "recommendation_load": 0.6833333333333333,
        "safety_risk": 0.008021824444004528
      },
      "type": "Feature"
    },
    {
      "geometry": {
        "coordinates": [
          [
            325594.52,
            4152123.1550000003
          ],
          [
            325594.4525,
            4152123.345
          ]
        ],
        "type": "LineString"
      },
      "properties": {
        "adaptive_flow": 0.0,
        "adaptive_speed": 27.780000000000005,
        "baseline_flow": 0.0,
        "baseline_speed": 27.780000000000005,
        "bottleneck_score": 0.0,
        "delta_flow": 0.0,
        "edge_id": "520307304#1",
        "phantom_risk": 0.0,
        "recommendation_load": 0.6833333333333333,
        "safety_risk": 0.0
      },
      "type": "Feature"
    },
    {
      "geometry": {
        "coordinates": [
          [
            325592.175,
            4152129.7525
          ],
          [
            325584.09500000003,
            4152152.5425
          ]
        ],
        "type": "LineString"
      },
      "properties": {
        "adaptive_flow": 12.855258557869215,
        "adaptive_speed": 27.64149815574645,
        "baseline_flow": 10.562948544683188,
        "baseline_speed": 27.667119413479963,
        "bottleneck_score": 0.012127477849651968,
        "delta_flow": 2.292310013186027,
        "edge_id": "520307304#2",
        "phantom_risk": 0.0035709051549636713,
        "recommendation_load": 0.6833333333333333,
        "safety_risk": 0.0
      },
      "type": "Feature"
    },
    {
      "geometry": {
        "coordinates": [
          [
            325643.23000000004,
            4151920.5700000003
          ],
          [
            325648.22000000003,
            4151906.0500000003
          ],
          [
            325648.63,
            4151904.89
          ]
        ],
        "type": "LineString"
      },
      "properties": {
        "adaptive_flow": 0.0,
        "adaptive_speed": 27.780000000000005,
        "baseline_flow": 0.0,
        "baseline_speed": 27.780000000000005,
        "bottleneck_score": 0.0,
        "delta_flow": 0.0,
        "edge_id": "521766174",
        "phantom_risk": 0.0,
        "recommendation_load": 0.0,
        "safety_risk": 0.0
      },
      "type": "Feature"
    },
    {
      "geometry": {
        "coordinates": [
          [
            325741.8,
            4151705.2600000002
          ],
          [
            325721.18,
            4151759.3800000004
          ],
          [
            325715.02,
            4151776.1100000003
          ]
        ],
        "type": "LineString"
      },
      "properties": {
        "adaptive_flow": 0.0,
        "adaptive_speed": 27.780000000000005,
        "baseline_flow": 0.0,
        "baseline_speed": 27.780000000000005,
        "bottleneck_score": 0.0,
        "delta_flow": 0.0,
        "edge_id": "521766182#0",
        "phantom_risk": 0.0,
        "recommendation_load": 0.0,
        "safety_risk": 0.0
      },
      "type": "Feature"
    },
    {
      "geometry": {
        "coordinates": [
          [
            325713.755,
            4151784.17
          ],
          [
            325681.295,
            4151872.2883333336
          ]
        ],
        "type": "LineString"
      },
      "properties": {
        "adaptive_flow": 0.0,
        "adaptive_speed": 27.780000000000005,
        "baseline_flow": 0.0,
        "baseline_speed": 27.780000000000005,
        "bottleneck_score": 0.0,
        "delta_flow": 0.0,
        "edge_id": "521766182#0-AddedOffRampEdge",
        "phantom_risk": 0.0,
        "recommendation_load": 0.0,
        "safety_risk": 0.0
      },
      "type": "Feature"
    },
    {
      "geometry": {
        "coordinates": [
          [
            325678.33,
            4151875.8600000003
          ],
          [
            325673.29000000004,
            4151890.5100000002
          ]
        ],
        "type": "LineString"
      },
      "properties": {
        "adaptive_flow": 0.0,
        "adaptive_speed": 27.780000000000005,
        "baseline_flow": 0.0,
        "baseline_speed": 27.780000000000005,
        "bottleneck_score": 0.0,
        "delta_flow": 0.0,
        "edge_id": "521766182#1",
        "phantom_risk": 0.0,
        "recommendation_load": 0.0,
        "safety_risk": 0.0
      },
      "type": "Feature"
    },
    {
      "geometry": {
        "coordinates": [
          [
            325455.0,
            4152454.67
          ],
          [
            325474.78,
            4152389.8600000003
          ],
          [
            325491.26875,
            4152343.6300000004
          ]
        ],
        "type": "LineString"
      },
      "properties": {
        "adaptive_flow": 0.0,
        "adaptive_speed": 27.780000000000005,
        "baseline_flow": 0.0,
        "baseline_speed": 27.780000000000005,
        "bottleneck_score": 0.0,
        "delta_flow": 0.0,
        "edge_id": "521770116#0",
        "phantom_risk": 0.0,
        "recommendation_load": 0.0,
        "safety_risk": 0.0
      },
      "type": "Feature"
    },
    {
      "geometry": {
        "coordinates": [
          [
            325491.41375,
            4152343.23125
          ],
          [
            325513.98000000004,
            4152282.5700000003
          ]
        ],
        "type": "LineString"
      },
      "properties": {
        "adaptive_flow": 0.0,
        "adaptive_speed": 27.780000000000005,
        "baseline_flow": 0.0,
        "baseline_speed": 27.780000000000005,
        "bottleneck_score": 0.0,
        "delta_flow": 0.0,
        "edge_id": "521770116#1",
        "phantom_risk": 0.0,
        "recommendation_load": 0.0,
        "safety_risk": 0.0
      },
      "type": "Feature"
    },
    {
      "geometry": {
        "coordinates": [
          [
            325581.40750000003,
            4152160.07375
          ],
          [
            325562.64,
            4152212.2925
          ]
        ],
        "type": "LineString"
      },
      "properties": {
        "adaptive_flow": 7.23808360925075,
        "adaptive_speed": 13.849929091908916,
        "baseline_flow": 5.290238073063991,
        "baseline_speed": 13.859627116706523,
        "bottleneck_score": 0.006906032153285542,
        "delta_flow": 1.947845536186759,
        "edge_id": "521770119#0",
        "phantom_risk": 0.0023770555303032235,
        "recommendation_load": 0.6833333333333333,
        "safety_risk": 0.025704478073316953
      },
      "type": "Feature"
    },
    {
      "geometry": {
        "coordinates": [
          [
            325559.64625,
            4152221.095
          ],
          [
            325538.60125,
            4152285.4825
          ]
        ],
        "type": "LineString"
      },
      "properties": {
        "adaptive_flow": 12.320876199468618,
        "adaptive_speed": 13.521232740571302,
        "baseline_flow": 16.177904974803617,
        "baseline_speed": 13.292313815773706,
        "bottleneck_score": 0.033394049971293395,
        "delta_flow": -3.8570287753349994,
        "edge_id": "521770119#1",
        "phantom_risk": 0.010796390305404436,
        "recommendation_load": 1.4333333333333333,
        "safety_risk": 0.06680961280861424
      },
      "type": "Feature"
    },
    {
      "geometry": {
        "coordinates": [
          [
            325536.73375,
            4152291.8275
          ],
          [
            325533.84375,
            4152302.62875
          ]
        ],
        "type": "LineString"
      },
      "properties": {
        "adaptive_flow": 13.153092488277798,
        "adaptive_speed": 13.631140087061825,
        "baseline_flow": 17.955200366400565,
        "baseline_speed": 13.659410336445463,
        "bottleneck_score": 0.02594369642232204,
        "delta_flow": -4.802107878122767,
        "edge_id": "521770119#2",
        "phantom_risk": 0.0036536368022993884,
        "recommendation_load": 1.9083333333333334,
        "safety_risk": 0.0
      },
      "type": "Feature"
    },
    {
      "geometry": {
        "coordinates": [
          [
            325528.425,
            4152318.78375
          ],
          [
            325515.96,
            4152353.35
          ]
        ],
        "type": "LineString"
      },
      "properties": {
        "adaptive_flow": 6.755889583919713,
        "adaptive_speed": 13.849345424854425,
        "baseline_flow": 10.43053577342607,
        "baseline_speed": 13.849059890871656,
        "bottleneck_score": 0.006680167249927203,
        "delta_flow": -3.6746461895063574,
        "edge_id": "521770119#3",
        "phantom_risk": 0.0019513243701114698,
        "recommendation_load": 0.7583333333333333,
        "safety_risk": 0.0009639071524147473
      },
      "type": "Feature"
    },
    {
      "geometry": {
        "coordinates": [
          [
            325578.61,
            4152104.5700000003
          ],
          [
            325581.55,
            4152096.81
          ],
          [
            325581.82,
            4152096.0100000002
          ]
        ],
        "type": "LineString"
      },
      "properties": {
        "adaptive_flow": 8.138155424384049,
        "adaptive_speed": 13.81305088877576,
        "baseline_flow": 8.371331326426098,
        "baseline_speed": 13.810736042994028,
        "bottleneck_score": 0.01006109027471121,
        "delta_flow": -0.2331759020420492,
        "edge_id": "523141074#0",
        "phantom_risk": 0.002260598728995569,
        "recommendation_load": 0.6833333333333333,
        "safety_risk": 0.0
      },
      "type": "Feature"
    },
    {
      "geometry": {
        "coordinates": [
          [
            325582.88833333337,
            4152087.9266666668
          ],
          [
            325599.66333333333,
            4152038.7383333333
          ],
          [
            325608.6166666667,
            4152011.9583333335
          ],
          [
            325613.29333333333,
            4151998.765
          ]
        ],
        "type": "LineString"
      },
      "properties": {
        "adaptive_flow": 7.160869853668135,
        "adaptive_speed": 13.410039391810946,
        "baseline_flow": 7.402873119011324,
        "baseline_speed": 13.390372663652505,
        "bottleneck_score": 0.03853266046747256,
        "delta_flow": -0.24200326534318872,
        "edge_id": "523141074#0-AddedOffRampEdge",
        "phantom_risk": 0.024174684607051435,
        "recommendation_load": 0.6833333333333333,
        "safety_risk": 0.0796952422497983
      },
      "type": "Feature"
    },
    {
      "geometry": {
        "coordinates": [
          [
            325616.29000000004,
            4151995.21
          ],
          [
            325629.65,
            4151959.0900000003
          ]
        ],
        "type": "LineString"
      },
      "properties": {
        "adaptive_flow": 9.140173196972274,
        "adaptive_speed": 13.111329302205686,
        "baseline_flow": 9.47923183231551,
        "baseline_speed": 13.05583826050028,
        "bottleneck_score": 0.061137679455072085,
        "delta_flow": -0.33905863534323544,
        "edge_id": "523141074#1",
        "phantom_risk": 0.017008554163296902,
        "recommendation_load": 0.6833333333333333,
        "safety_risk": 0.0466578657542092
      },
      "type": "Feature"
    },
    {
      "geometry": {
        "coordinates": [
          [
            325838.46,
            4152149.21
          ],
          [
            325835.13,
            4152158.43
          ]
        ],
        "type": "LineString"
      },
      "properties": {
        "adaptive_flow": 8.867682500380694,
        "adaptive_speed": 13.857530571919972,
        "baseline_flow": 0.0,
        "baseline_speed": 13.890000000000002,
        "bottleneck_score": 0.007264102090806383,
        "delta_flow": 8.867682500380694,
        "edge_id": "557469300#0",
        "phantom_risk": 0.002463245138994637,
        "recommendation_load": 0.0,
        "safety_risk": 0.0
      },
      "type": "Feature"
    },
    {
      "geometry": {
        "coordinates": [
          [
            325831.95,
            4152167.27
          ],
          [
            325791.16000000003,
            4152280.9
          ]
        ],
        "type": "LineString"
      },
      "properties": {
        "adaptive_flow": 12.308310390473503,
        "adaptive_speed": 13.868294133026495,
        "baseline_flow": 0.0,
        "baseline_speed": 13.890000000000002,
        "bottleneck_score": 0.008400647623229607,
        "delta_flow": 12.308310390473503,
        "edge_id": "557469300#1",
        "phantom_risk": 0.0035726066154602343,
        "recommendation_load": 0.0,
        "safety_risk": 0.0033963154744429624
      },
      "type": "Feature"
    },
    {
      "geometry": {
        "coordinates": [
          [
            325613.07,
            4152276.56
          ],
          [
            325639.94,
            4152284.7600000002
          ]
        ],
        "type": "LineString"
      },
      "properties": {
        "adaptive_flow": 0.0,
        "adaptive_speed": 8.329999999999998,
        "baseline_flow": 0.0,
        "baseline_speed": 8.329999999999998,
        "bottleneck_score": 2.220446049250313e-16,
        "delta_flow": 0.0,
        "edge_id": "557469346#0",
        "phantom_risk": 0.0,
        "recommendation_load": 0.0,
        "safety_risk": 0.0
      },
      "type": "Feature"
    },
    {
      "geometry": {
        "coordinates": [
          [
            325648.86,
            4152287.37
          ],
          [
            325661.52,
            4152290.93
          ]
        ],
        "type": "LineString"
      },
      "properties": {
        "adaptive_flow": 0.0,
        "adaptive_speed": 8.329999999999998,
        "baseline_flow": 0.0,
        "baseline_speed": 8.329999999999998,
        "bottleneck_score": 2.220446049250313e-16,
        "delta_flow": 0.0,
        "edge_id": "557469346#1",
        "phantom_risk": 0.0,
        "recommendation_load": 0.0,
        "safety_risk": 0.0
      },
      "type": "Feature"
    },
    {
      "geometry": {
        "coordinates": [
          [
            329894.68,
            4153333.31
          ],
          [
            329752.72000000003,
            4153308.85
          ],
          [
            329643.51,
            4153288.89
          ],
          [
            329592.95,
            4153279.3600000003
          ],
          [
            329567.84,
            4153274.72
          ],
          [
            329159.22000000003,
            4153199.31
          ],
          [
            329105.45,
            4153183.81
          ],
          [
            329015.69,
            4153153.15
          ],
          [
            328934.7,
            4153120.6300000004
          ],
          [
            328910.99,
            4153111.8000000003
          ],
          [
            328814.62,
            4153078.02
          ],
          [
            328720.52,
            4153042.7600000002
          ],
          [
            328699.22000000003,
            4153035.08
          ],
          [
            328605.02,
            4153001.14
          ],
          [
            328476.83,
            4152958.4
          ],
          [
            328372.05,
            4152918.69
          ],
          [
            328315.42,
            4152896.46
          ],
          [
            328233.34,
            4152868.18
          ],
          [
            328216.29000000004,
            4152862.02
          ],
          [
            327544.4,
            4152621.97
          ],
          [
            327128.95,
            4152473.48
          ],
          [
            326604.46,
            4152282.7
          ],
          [
            326475.81,
            4152239.0100000002
          ],
          [
            325646.22000000003,
            4151935.62
          ],
          [
            325308.9,
            4151815.04
          ],
          [
            325169.23000000004,
            4151765.8000000003
          ],
          [
            325029.44,
            4151714.8200000003
          ],
          [
            324917.8,
            4151674.42
          ],
          [
            324776.41000000003,
            4151622.67
          ],
          [
            324698.52,
            4151595.73
          ],
          [
            324590.18,
            4151555.02
          ],
          [
            324486.95,
            4151520.12
          ]
        ],
        "type": "LineString"
      },
      "properties": {
        "adaptive_flow": 0.0,
        "adaptive_speed": 22.220000000000006,
        "baseline_flow": 0.0,
        "baseline_speed": 22.220000000000006,
        "bottleneck_score": 0.0,
        "delta_flow": 0.0,
        "edge_id": "604536614",
        "phantom_risk": 0.0,
        "recommendation_load": 0.0,
        "safety_risk": 0.0
      },
      "type": "Feature"
    },
    {
      "geometry": {
        "coordinates": [
          [
            325688.81,
            4151878.98
          ],
          [
            325714.64,
            4151948.17
          ]
        ],
        "type": "LineString"
      },
      "properties": {
        "adaptive_flow": 0.0,
        "adaptive_speed": 22.220000000000006,
        "baseline_flow": 0.0,
        "baseline_speed": 22.220000000000006,
        "bottleneck_score": 0.0,
        "delta_flow": 0.0,
        "edge_id": "628232693#0",
        "phantom_risk": 0.0,
        "recommendation_load": 0.0,
        "safety_risk": 0.0
      },
      "type": "Feature"
    },
    {
      "geometry": {
        "coordinates": [
          [
            325719.75,
            4151952.71
          ],
          [
            325719.95,
            4151952.75
          ]
        ],
        "type": "LineString"
      },
      "properties": {
        "adaptive_flow": 0.0,
        "adaptive_speed": 22.220000000000006,
        "baseline_flow": 0.0,
        "baseline_speed": 22.220000000000006,
        "bottleneck_score": 0.0,
        "delta_flow": 0.0,
        "edge_id": "628232693#1",
        "phantom_risk": 0.0,
        "recommendation_load": 0.0,
        "safety_risk": 0.0
      },
      "type": "Feature"
    },
    {
      "geometry": {
        "coordinates": [
          [
            325712.63,
            4151939.5300000003
          ],
          [
            325714.16000000003,
            4151934.8200000003
          ]
        ],
        "type": "LineString"
      },
      "properties": {
        "adaptive_flow": 0.0,
        "adaptive_speed": 2.7800000000000007,
        "baseline_flow": 0.0,
        "baseline_speed": 2.7800000000000007,
        "bottleneck_score": 0.0,
        "delta_flow": 0.0,
        "edge_id": "628232694",
        "phantom_risk": 0.0,
        "recommendation_load": 0.0,
        "safety_risk": 0.0
      },
      "type": "Feature"
    },
    {
      "geometry": {
        "coordinates": [
          [
            329643.11,
            4153294.49
          ],
          [
            329591.63,
            4153285.1300000004
          ],
          [
            329567.60000000003,
            4153280.66
          ],
          [
            329158.32,
            4153204.56
          ],
          [
            329103.64,
            4153191.1300000004
          ],
          [
            329013.99,
            4153161.94
          ],
          [
            328958.9,
            4153144.8800000004
          ],
          [
            328906.27,
            4153127.8000000003
          ],
          [
            328808.37,
            4153091.8200000003
          ],
          [
            328716.53,
            4153058.45
          ],
          [
            328692.8,
            4153049.81
          ],
          [
            328688.23000000004,
            4153048.06
          ],
          [
            328601.23000000004,
            4153014.87
          ],
          [
            328496.9,
            4152971.96
          ],
          [
            328475.15,
            4152963.02
          ],
          [
            328370.45,
            4152923.6100000003
          ],
          [
            328313.65,
            4152901.0500000003
          ],
          [
            328253.07,
            4152879.93
          ],
          [
            328231.46,
            4152872.4
          ],
          [
            328213.92,
            4152866.73
          ],
          [
            327543.85000000003,
            4152627.37
          ],
          [
            327127.66000000003,
            4152478.37
          ],
          [
            326602.87,
            4152286.6300000004
          ],
          [
            326474.21,
            4152242.7800000003
          ],
          [
            325655.05,
            4151944.62
          ],
          [
            325645.39,
            4151941.1
          ],
          [
            325495.92,
            4151885.95
          ],
          [
            325307.2,
            4151818.8600000003
          ],
          [
            325168.11,
            4151769.81
          ],
          [
            325108.63,
            4151747.97
          ],
          [
            325027.77,
            4151718.67
          ],
          [
            324916.86,
            4151679.18
          ],
          [
            324774.85000000003,
            4151627.37
          ],
          [
            324697.64,
            4151599.47
          ],
          [
            324589.79000000004,
            4151559.21
          ],
          [
            324487.51,
            4151524.0500000003
          ]
        ],
        "type": "LineString"
      },
      "properties": {
        "adaptive_flow": 0.0,
        "adaptive_speed": 22.220000000000006,
        "baseline_flow": 0.0,
        "baseline_speed": 22.220000000000006,
        "bottleneck_score": 0.0,
        "delta_flow": 0.0,
        "edge_id": "640443237",
        "phantom_risk": 0.0,
        "recommendation_load": 0.0,
        "safety_risk": 0.0
      },
      "type": "Feature"
    },
    {
      "geometry": {
        "coordinates": [
          [
            325769.39,
            4152160.73
          ],
          [
            325766.71,
            4152163.8000000003
          ],
          [
            325764.66000000003,
            4152172.64
          ]
        ],
        "type": "LineString"
      },
      "properties": {
        "adaptive_flow": 100.20181118404989,
        "adaptive_speed": 13.625440146897963,
        "baseline_flow": 59.91257365708778,
        "baseline_speed": 13.623475568759867,
        "bottleneck_score": 0.07471445856051995,
        "delta_flow": 40.289237526962104,
        "edge_id": "805827756#0",
        "phantom_risk": 0.02747101362944575,
        "recommendation_load": 1.0166666666666666,
        "safety_risk": 0.0
      },
      "type": "Feature"
    },
    {
      "geometry": {
        "coordinates": [
          [
            325764.51,
            4152181.49
          ],
          [
            325770.8,
            4152209.6
          ],
          [
            325772.45,
            4152222.49
          ],
          [
            325771.83,
            4152231.67
          ]
        ],
        "type": "LineString"
      },
      "properties": {
        "adaptive_flow": 136.71768304671386,
        "adaptive_speed": 13.175733161196547,
        "baseline_flow": 111.65116300837805,
        "baseline_speed": 13.061771216889072,
        "bottleneck_score": 0.12737736690525042,
        "delta_flow": 25.06652003833581,
        "edge_id": "805827756#1",
        "phantom_risk": 0.04885283427733877,
        "recommendation_load": 1.4583333333333333,
        "safety_risk": 0.025457054829673923
      },
      "type": "Feature"
    },
    {
      "geometry": {
        "coordinates": [
          [
            325770.41000000003,
            4152241.37
          ],
          [
            325768.92,
            4152247.56
          ]
        ],
        "type": "LineString"
      },
      "properties": {
        "adaptive_flow": 186.59228974674312,
        "adaptive_speed": 13.878219714015774,
        "baseline_flow": 185.50854329516443,
        "baseline_speed": 13.877710127508118,
        "bottleneck_score": 0.10451049593448,
        "delta_flow": 1.0837464515786905,
        "edge_id": "805827756#2",
        "phantom_risk": 0.024580753386379137,
        "recommendation_load": 1.4583333333333333,
        "safety_risk": 0.0
      },
      "type": "Feature"
    },
    {
      "geometry": {
        "coordinates": [
          [
            325805.47000000003,
            4152140.5100000002
          ],
          [
            325803.01,
            4152145.02
          ]
        ],
        "type": "LineString"
      },
      "properties": {
        "adaptive_flow": 27.383806770841844,
        "adaptive_speed": 13.81022969679101,
        "baseline_flow": 0.8287591611106737,
        "baseline_speed": 13.876520030306283,
        "bottleneck_score": 0.020956228374657035,
        "delta_flow": 26.55504760973117,
        "edge_id": "805827757#0",
        "phantom_risk": 0.0036162194876232494,
        "recommendation_load": 0.3,
        "safety_risk": 0.0
      },
      "type": "Feature"
    },
    {
      "geometry": {
        "coordinates": [
          [
            325792.69,
            4152150.16
          ],
          [
            325777.47000000003,
            4152155.1100000003
          ]
        ],
        "type": "LineString"
      },
      "properties": {
        "adaptive_flow": 49.73396387802482,
        "adaptive_speed": 13.804817497625491,
        "baseline_flow": 6.037375114562712,
        "baseline_speed": 13.875769645695852,
        "bottleneck_score": 0.03376262949123596,
        "delta_flow": 43.6965887634621,
        "edge_id": "805827757#1",
        "phantom_risk": 0.013814989966118003,
        "recommendation_load": 0.3,
        "safety_risk": 0.0
      },
      "type": "Feature"
    },
    {
      "geometry": {
        "coordinates": [
          [
            325611.47000000003,
            4151916.23
          ],
          [
            325612.38,
            4151916.93
          ],
          [
            325622.8,
            4151914.29
          ],
          [
            325630.09,
            4151911.1100000003
          ],
          [
            325638.13,
            4151905.4
          ],
          [
            325641.88,
            4151902.1300000004
          ]
        ],
        "type": "LineString"
      },
      "properties": {
        "adaptive_flow": 0.0,
        "adaptive_speed": 22.220000000000006,
        "baseline_flow": 0.0,
        "baseline_speed": 22.220000000000006,
        "bottleneck_score": 0.0,
        "delta_flow": 0.0,
        "edge_id": "913949669",
        "phantom_risk": 0.0,
        "recommendation_load": 0.0,
        "safety_risk": 0.0
      },
      "type": "Feature"
    },
    {
      "geometry": {
        "coordinates": [
          [
            325385.04000000004,
            4152196.56
          ],
          [
            325390.83,
            4152179.8800000004
          ],
          [
            325401.17,
            4152152.14
          ],
          [
            325431.12,
            4152068.85
          ]
        ],
        "type": "LineString"
      },
      "properties": {
        "adaptive_flow": 21.237072114372282,
        "adaptive_speed": 13.742015440767721,
        "baseline_flow": 21.921773394705657,
        "baseline_speed": 13.737454668954262,
        "bottleneck_score": 0.02245240933872226,
        "delta_flow": -0.6847012803333747,
        "edge_id": "913950883#0",
        "phantom_risk": 0.012802446401352027,
        "recommendation_load": 0.35833333333333334,
        "safety_risk": 0.09258725429238655
      },
      "type": "Feature"
    },
    {
      "geometry": {
        "coordinates": [
          [
            325678.01,
            4151908.3800000004
          ],
          [
            325683.08,
            4151921.48
          ],
          [
            325688.28,
            4151931.5300000003
          ],
          [
            325696.67,
            4151942.77
          ],
          [
            325709.81,
            4151948.37
          ]
        ],
        "type": "LineString"
      },
      "properties": {
        "adaptive_flow": 0.0,
        "adaptive_speed": 22.220000000000006,
        "baseline_flow": 0.0,
        "baseline_speed": 22.220000000000006,
        "bottleneck_score": 0.0,
        "delta_flow": 0.0,
        "edge_id": "914407834#1",
        "phantom_risk": 0.0,
        "recommendation_load": 0.0,
        "safety_risk": 0.0
      },
      "type": "Feature"
    },
    {
      "geometry": {
        "coordinates": [
          [
            325831.25,
            4151941.99
          ],
          [
            325900.53,
            4151966.1300000004
          ]
        ],
        "type": "LineString"
      },
      "properties": {
        "adaptive_flow": 0.0,
        "adaptive_speed": 5.560000000000001,
        "baseline_flow": 0.0,
        "baseline_speed": 5.560000000000001,
        "bottleneck_score": 0.0,
        "delta_flow": 0.0,
        "edge_id": "914413362",
        "phantom_risk": 0.0,
        "recommendation_load": 0.0,
        "safety_risk": 0.0
      },
      "type": "Feature"
    },
    {
      "geometry": {
        "coordinates": [
          [
            327779.11,
            4146568.89
          ],
          [
            327671.45,
            4146727.89
          ],
          [
            327569.73000000004,
            4146871.71
          ],
          [
            327461.45,
            4147037.6
          ],
          [
            327357.54000000004,
            4147188.44
          ],
          [
            327190.33,
            4147438.45
          ],
          [
            326900.11,
            4147868.02
          ],
          [
            326765.07,
            4148062.81
          ],
          [
            326575.53,
            4148348.0300000003
          ],
          [
            326559.55,
            4148379.92
          ],
          [
            326549.94,
            4148434.1300000004
          ],
          [
            326538.43,
            4148637.15
          ],
          [
            326524.77,
            4148834.33
          ],
          [
            326516.41000000003,
            4148935.1100000003
          ],
          [
            326503.13,
            4149164.25
          ],
          [
            326512.0,
            4149265.22
          ],
          [
            326544.88,
            4149487.69
          ],
          [
            326555.7,
            4149700.46
          ],
          [
            326551.44,
            4149802.2800000003
          ],
          [
            326513.47000000003,
            4149941.04
          ],
          [
            326475.87,
            4150036.56
          ],
          [
            326285.63,
            4150285.46
          ],
          [
            326235.05,
            4150353.43
          ],
          [
            326183.74,
            4150423.3000000003
          ],
          [
            326164.72000000003,
            4150458.1
          ],
          [
            326118.49,
            4150589.49
          ],
          [
            326022.08,
            4150851.99
          ],
          [
            325898.99,
            4151193.41
          ],
          [
            325778.24,
            4151543.74
          ],
          [
            325768.99,
            4151570.56
          ],
          [
            325673.34,
            4151847.56
          ],
          [
            325658.46,
            4151888.87
          ]
        ],
        "type": "LineString"
      },
      "properties": {
        "adaptive_flow": 0.0,
        "adaptive_speed": 25.0,
        "baseline_flow": 0.0,
        "baseline_speed": 25.0,
        "bottleneck_score": 0.0,
        "delta_flow": 0.0,
        "edge_id": "951688080",
        "phantom_risk": 0.0,
        "recommendation_load": 0.0,
        "safety_risk": 0.0
      },
      "type": "Feature"
    },
    {
      "geometry": {
        "coordinates": [
          [
            325710.43,
            4151955.5100000002
          ],
          [
            325715.99,
            4151957.5700000003
          ]
        ],
        "type": "LineString"
      },
      "properties": {
        "adaptive_flow": 10.115053320879902,
        "adaptive_speed": 27.666554573497372,
        "baseline_flow": 7.750557918604326,
        "baseline_speed": 27.692023668944852,
        "bottleneck_score": 0.009703182724557542,
        "delta_flow": 2.364495402275576,
        "edge_id": "975332778#0",
        "phantom_risk": 0.002809737033577751,
        "recommendation_load": 1.8166666666666667,
        "safety_risk": 0.0
      },
      "type": "Feature"
    },
    {
      "geometry": {
        "coordinates": [
          [
            325724.29000000004,
            4151960.5700000003
          ],
          [
            325743.21,
            4151967.18
          ]
        ],
        "type": "LineString"
      },
      "properties": {
        "adaptive_flow": 12.247564682233609,
        "adaptive_speed": 27.491745149025686,
        "baseline_flow": 9.624936021356572,
        "baseline_speed": 27.555056497924788,
        "bottleneck_score": 0.01718054712875402,
        "delta_flow": 2.6226286608770373,
        "edge_id": "975332778#1",
        "phantom_risk": 0.0034021013006204468,
        "recommendation_load": 1.35,
        "safety_risk": 0.0
      },
      "type": "Feature"
    },
    {
      "geometry": {
        "coordinates": [
          [
            325747.435,
            4151970.37
          ],
          [
            325800.705,
            4151989.4025000003
          ]
        ],
        "type": "LineString"
      },
      "properties": {
        "adaptive_flow": 18.032317551112946,
        "adaptive_speed": 27.35827391235206,
        "baseline_flow": 15.450776080304562,
        "baseline_speed": 27.434474743643257,
        "bottleneck_score": 0.025198878876414095,
        "delta_flow": 2.581541470808384,
        "edge_id": "975332778#2",
        "phantom_risk": 0.005104430167156556,
        "recommendation_load": 1.35,
        "safety_risk": 6.652724330716624e-05
      },
      "type": "Feature"
    },
    {
      "geometry": {
        "coordinates": [
          [
            325672.81,
            4151891.92
          ],
          [
            325660.96,
            4151926.66
          ]
        ],
        "type": "LineString"
      },
      "properties": {
        "adaptive_flow": 0.0,
        "adaptive_speed": 27.780000000000005,
        "baseline_flow": 0.0,
        "baseline_speed": 27.780000000000005,
        "bottleneck_score": 0.0,
        "delta_flow": 0.0,
        "edge_id": "990628459",
        "phantom_risk": 0.0,
        "recommendation_load": 0.0,
        "safety_risk": 0.0
      },
      "type": "Feature"
    },
    {
      "geometry": {
        "coordinates": [
          [
            325669.31,
            4151940.77
          ],
          [
            325675.0,
            4151942.0700000003
          ]
        ],
        "type": "LineString"
      },
      "properties": {
        "adaptive_flow": 0.4618226135109142,
        "adaptive_speed": 27.768047211492846,
        "baseline_flow": 0.4070471266264485,
        "baseline_speed": 27.77102199909749,
        "bottleneck_score": 0.0006868340835975887,
        "delta_flow": 0.05477548688446571,
        "edge_id": "990628460#0",
        "phantom_risk": 0.00012828405930858728,
        "recommendation_load": 0.35,
        "safety_risk": 0.0
      },
      "type": "Feature"
    },
    {
      "geometry": {
        "coordinates": [
          [
            325682.4325,
            4151945.4050000003
          ],
          [
            325707.615,
            4151954.475
          ]
        ],
        "type": "LineString"
      },
      "properties": {
        "adaptive_flow": 19.51166922386642,
        "adaptive_speed": 26.2161235455986,
        "baseline_flow": 19.322542435074695,
        "baseline_speed": 26.29899303722025,
        "bottleneck_score": 0.0671348649900315,
        "delta_flow": 0.18912678879172518,
        "edge_id": "990628460#1",
        "phantom_risk": 0.007036947269429677,
        "recommendation_load": 1.8166666666666667,
        "safety_risk": 0.008319776453463424
      },
      "type": "Feature"
    }
  ],
  "name": "gangnam_real_topology_policy_delta",
  "type": "FeatureCollection"
}
