{
  "features": [
    {
      "geometry": {
        "coordinates": [
          [
            127.024262,
            37.4968665
          ],
          [
            127.0243881,
            37.4969053
          ]
        ],
        "type": "LineString"
      },
      "id": "10220955574->11245176928",
      "properties": {
        "capacity_vph": 10800.0,
        "complexity": 0.0,
        "free_flow_min": 0.011931935626036042,
        "legal": true,
        "risk_index": 0.0,
        "source": "10220955574",
        "target": "11245176928"
      },
      "type": "Feature"
    },
    {
      "geometry": {
        "coordinates": [
          [
            127.0271262,
            37.4977473
          ],
          [
            127.0275307,
            37.4978655
          ]
        ],
        "type": "LineString"
      },
      "id": "10220955575->7168335697",
      "properties": {
        "capacity_vph": 9000.0,
        "complexity": 0.0,
        "free_flow_min": 0.038028300328424795,
        "legal": true,
        "risk_index": 0.0,
        "source": "10220955575",
        "target": "7168335697"
      },
      "type": "Feature"
    },
    {
      "geometry": {
        "coordinates": [
          [
            127.0271262,
            37.4977473
          ],
          [
            127.0272295,
            37.4977254
          ]
        ],
        "type": "LineString"
      },
      "id": "10220955575->9230542314",
      "properties": {
        "capacity_vph": 1800.0,
        "complexity": 0.0,
        "free_flow_min": 0.018865682519014677,
        "legal": true,
        "risk_index": 0.0,
        "source": "10220955575",
        "target": "9230542314"
      },
      "type": "Feature"
    },
    {
      "geometry": {
        "coordinates": [
          [
            127.0244394,
            37.496921
          ],
          [
            127.0251523,
            37.4971395
          ]
        ],
        "type": "LineString"
      },
      "id": "10220955576->10220955577",
      "properties": {
        "capacity_vph": 10800.0,
        "complexity": 0.0,
        "free_flow_min": 0.0674222120826126,
        "legal": true,
        "risk_index": 0.0,
        "source": "10220955576",
        "target": "10220955577"
      },
      "type": "Feature"
    },
    {
      "geometry": {
        "coordinates": [
          [
            127.0251523,
            37.4971395
          ],
          [
            127.0259418,
            37.497384
          ]
        ],
        "type": "LineString"
      },
      "id": "10220955577->10220955578",
      "properties": {
        "capacity_vph": 10800.0,
        "complexity": 0.0,
        "free_flow_min": 0.07476795811845294,
        "legal": true,
        "risk_index": 0.0,
        "source": "10220955577",
        "target": "10220955578"
      },
      "type": "Feature"
    },
    {
      "geometry": {
        "coordinates": [
          [
            127.0251523,
            37.4971395
          ],
          [
            127.0252093,
            37.4970268
          ]
        ],
        "type": "LineString"
      },
      "id": "10220955577->9621002490",
      "properties": {
        "capacity_vph": 3600.0,
        "complexity": 0.0,
        "free_flow_min": 0.04050884414761984,
        "legal": true,
        "risk_index": 0.0,
        "source": "10220955577",
        "target": "9621002490"
      },
      "type": "Feature"
    },
    {
      "geometry": {
        "coordinates": [
          [
            127.0259418,
            37.497384
          ],
          [
            127.0269087,
            37.4976804
          ]
        ],
        "type": "LineString"
      },
      "id": "10220955578->10220955579",
      "properties": {
        "capacity_vph": 10800.0,
        "complexity": 0.0,
        "free_flow_min": 0.0914456369877751,
        "legal": true,
        "risk_index": 0.0,
        "source": "10220955578",
        "target": "10220955579"
      },
      "type": "Feature"
    },
    {
      "geometry": {
        "coordinates": [
          [
            127.0259418,
            37.497384
          ],
          [
            127.0259977,
            37.4972697
          ]
        ],
        "type": "LineString"
      },
      "id": "10220955578->9621002495",
      "properties": {
        "capacity_vph": 7200.0,
        "complexity": 0.0,
        "free_flow_min": 0.027265628632113643,
        "legal": true,
        "risk_index": 0.0,
        "source": "10220955578",
        "target": "9621002495"
      },
      "type": "Feature"
    },
    {
      "geometry": {
        "coordinates": [
          [
            127.0269087,
            37.4976804
          ],
          [
            127.0271262,
            37.4977473
          ]
        ],
        "type": "LineString"
      },
      "id": "10220955579->10220955575",
      "properties": {
        "capacity_vph": 10800.0,
        "complexity": 0.0,
        "free_flow_min": 0.020579333890715777,
        "legal": true,
        "risk_index": 0.0,
        "source": "10220955579",
        "target": "10220955575"
      },
      "type": "Feature"
    },
    {
      "geometry": {
        "coordinates": [
          [
            127.0269087,
            37.4976804
          ],
          [
            127.0269768,
            37.4975349
          ]
        ],
        "type": "LineString"
      },
      "id": "10220955579->9621002503",
      "properties": {
        "capacity_vph": 1800.0,
        "complexity": 0.0,
        "free_flow_min": 0.05177495798274474,
        "legal": true,
        "risk_index": 0.0,
        "source": "10220955579",
        "target": "9621002503"
      },
      "type": "Feature"
    },
    {
      "geometry": {
        "coordinates": [
          [
            127.0277003,
            37.4979888
          ],
          [
            127.0276806,
            37.4980478
          ]
        ],
        "type": "LineString"
      },
      "id": "11034387027->2624215077",
      "properties": {
        "capacity_vph": 1800.0,
        "complexity": 0.0,
        "free_flow_min": 0.006786800177854731,
        "legal": true,
        "risk_index": 0.0,
        "source": "11034387027",
        "target": "2624215077"
      },
      "type": "Feature"
    },
    {
      "geometry": {
        "coordinates": [
          [
            127.0275016,
            37.4979253
          ],
          [
            127.0275307,
            37.4978655
          ]
        ],
        "type": "LineString"
      },
      "id": "11034387028->7168335697",
      "properties": {
        "capacity_vph": 1800.0,
        "complexity": 0.0,
        "free_flow_min": 0.007127821758392599,
        "legal": true,
        "risk_index": 0.0,
        "source": "11034387028",
        "target": "7168335697"
      },
      "type": "Feature"
    },
    {
      "geometry": {
        "coordinates": [
          [
            127.0273284,
            37.4988374
          ],
          [
            127.0271479,
            37.4992308
          ]
        ],
        "type": "LineString"
      },
      "id": "11170694839->11847324476",
      "properties": {
        "capacity_vph": 7200.0,
        "complexity": 0.0,
        "free_flow_min": 0.046552163979348686,
        "legal": true,
        "risk_index": 0.0,
        "source": "11170694839",
        "target": "11847324476"
      },
      "type": "Feature"
    },
    {
      "geometry": {
        "coordinates": [
          [
            127.0279212,
            37.498259
          ],
          [
            127.0278672,
            37.4982693
          ]
        ],
        "type": "LineString"
      },
      "id": "11170694840->9230542316",
      "properties": {
        "capacity_vph": 1800.0,
        "complexity": 0.0,
        "free_flow_min": 0.00979914113090097,
        "legal": true,
        "risk_index": 0.0,
        "source": "11170694840",
        "target": "9230542316"
      },
      "type": "Feature"
    },
    {
      "geometry": {
        "coordinates": [
          [
            127.0276176,
            37.4980286
          ],
          [
            127.0275803,
            37.4980172
          ]
        ],
        "type": "LineString"
      },
      "id": "11174484637->11179628419",
      "properties": {
        "capacity_vph": 1800.0,
        "complexity": 0.0,
        "free_flow_min": 0.0035263000874788996,
        "legal": true,
        "risk_index": 0.0,
        "source": "11174484637",
        "target": "11179628419"
      },
      "type": "Feature"
    },
    {
      "geometry": {
        "coordinates": [
          [
            127.0276629,
            37.4979036
          ],
          [
            127.0277302,
            37.4979234
          ]
        ],
        "type": "LineString"
      },
      "id": "11174484638->3089780830",
      "properties": {
        "capacity_vph": 1800.0,
        "complexity": 0.0,
        "free_flow_min": 0.0063322426006104365,
        "legal": true,
        "risk_index": 0.0,
        "source": "11174484638",
        "target": "3089780830"
      },
      "type": "Feature"
    },
    {
      "geometry": {
        "coordinates": [
          [
            127.0275803,
            37.4980172
          ],
          [
            127.0274725,
            37.4979843
          ]
        ],
        "type": "LineString"
      },
      "id": "11179628419->3089780834",
      "properties": {
        "capacity_vph": 1800.0,
        "complexity": 0.0,
        "free_flow_min": 0.010189419302859024,
        "legal": true,
        "risk_index": 0.0,
        "source": "11179628419",
        "target": "3089780834"
      },
      "type": "Feature"
    },
    {
      "geometry": {
        "coordinates": [
          [
            127.0276206,
            37.497891
          ],
          [
            127.0276629,
            37.4979036
          ]
        ],
        "type": "LineString"
      },
      "id": "11179628420->11174484638",
      "properties": {
        "capacity_vph": 1800.0,
        "complexity": 0.0,
        "free_flow_min": 0.003986028936518843,
        "legal": true,
        "risk_index": 0.0,
        "source": "11179628420",
        "target": "11174484638"
      },
      "type": "Feature"
    },
    {
      "geometry": {
        "coordinates": [
          [
            127.0279146,
            37.4970649
          ],
          [
            127.0280994,
            37.4966908
          ]
        ],
        "type": "LineString"
      },
      "id": "11179628429->9230542310",
      "properties": {
        "capacity_vph": 7200.0,
        "complexity": 0.0,
        "free_flow_min": 0.04467878615793858,
        "legal": true,
        "risk_index": 0.0,
        "source": "11179628429",
        "target": "9230542310"
      },
      "type": "Feature"
    },
    {
      "geometry": {
        "coordinates": [
          [
            127.030111,
            37.4996444
          ],
          [
            127.0306541,
            37.4998023
          ]
        ],
        "type": "LineString"
      },
      "id": "11183597711->1430656069",
      "properties": {
        "capacity_vph": 1800.0,
        "complexity": 0.0,
        "free_flow_min": 0.15307997863149908,
        "legal": true,
        "risk_index": 0.0,
        "source": "11183597711",
        "target": "1430656069"
      },
      "type": "Feature"
    },
    {
      "geometry": {
        "coordinates": [
          [
            127.030111,
            37.4996444
          ],
          [
            127.0295271,
            37.4994644
          ]
        ],
        "type": "LineString"
      },
      "id": "11183597711->1430656078",
      "properties": {
        "capacity_vph": 1800.0,
        "complexity": 0.0,
        "free_flow_min": 0.1657864770366647,
        "legal": true,
        "risk_index": 0.0,
        "source": "11183597711",
        "target": "1430656078"
      },
      "type": "Feature"
    },
    {
      "geometry": {
        "coordinates": [
          [
            127.0276374,
            37.4976342
          ],
          [
            127.0277227,
            37.4974536
          ]
        ],
        "type": "LineString"
      },
      "id": "11183748444->4984342399",
      "properties": {
        "capacity_vph": 5400.0,
        "complexity": 0.0,
        "free_flow_min": 0.021445464277239795,
        "legal": true,
        "risk_index": 0.0,
        "source": "11183748444",
        "target": "4984342399"
      },
      "type": "Feature"
    },
    {
      "geometry": {
        "coordinates": [
          [
            127.0274215,
            37.4980948
          ],
          [
            127.0274725,
            37.4979843
          ]
        ],
        "type": "LineString"
      },
      "id": "11183748445->3089780834",
      "properties": {
        "capacity_vph": 9000.0,
        "complexity": 0.0,
        "free_flow_min": 0.01570187117366023,
        "legal": true,
        "risk_index": 0.0,
        "source": "11183748445",
        "target": "3089780834"
      },
      "type": "Feature"
    },
    {
      "geometry": {
        "coordinates": [
          [
            127.0266291,
            37.4994235
          ],
          [
            127.0267729,
            37.4994695
          ]
        ],
        "type": "LineString"
      },
      "id": "11183748447->2280678683",
      "properties": {
        "capacity_vph": 5400.0,
        "complexity": 0.0,
        "free_flow_min": 0.027356159315582478,
        "legal": true,
        "risk_index": 0.0,
        "source": "11183748447",
        "target": "2280678683"
      },
      "type": "Feature"
    },
    {
      "geometry": {
        "coordinates": [
          [
            127.0266291,
            37.4994235
          ],
          [
            127.0260778,
            37.4992455
          ]
        ],
        "type": "LineString"
      },
      "id": "11183748447->4946614556",
      "properties": {
        "capacity_vph": 5400.0,
        "complexity": 0.0,
        "free_flow_min": 0.10501547596592203,
        "legal": true,
        "risk_index": 0.0,
        "source": "11183748447",
        "target": "4946614556"
      },
      "type": "Feature"
    },
    {
      "geometry": {
        "coordinates": [
          [
            127.0260353,
            37.5006742
          ],
          [
            127.026158,
            37.5007139
          ]
        ],
        "type": "LineString"
      },
      "id": "11183748448->3112723452",
      "properties": {
        "capacity_vph": 1800.0,
        "complexity": 0.0,
        "free_flow_min": 0.03506908627169244,
        "legal": true,
        "risk_index": 0.0,
        "source": "11183748448",
        "target": "3112723452"
      },
      "type": "Feature"
    },
    {
      "geometry": {
        "coordinates": [
          [
            127.0260667,
            37.4994776
          ],
          [
            127.0260736,
            37.4994544
          ]
        ],
        "type": "LineString"
      },
      "id": "11183748451->4946614551",
      "properties": {
        "capacity_vph": 1800.0,
        "complexity": 0.0,
        "free_flow_min": 0.007951699701639985,
        "legal": true,
        "risk_index": 0.0,
        "source": "11183748451",
        "target": "4946614551"
      },
      "type": "Feature"
    },
    {
      "geometry": {
        "coordinates": [
          [
            127.0260454,
            37.4993547
          ],
          [
            127.0260407,
            37.4993371
          ]
        ],
        "type": "LineString"
      },
      "id": "11183748452->4946614554",
      "properties": {
        "capacity_vph": 1800.0,
        "complexity": 0.0,
        "free_flow_min": 0.006001419135602249,
        "legal": true,
        "risk_index": 0.0,
        "source": "11183748452",
        "target": "4946614554"
      },
      "type": "Feature"
    },
    {
      "geometry": {
        "coordinates": [
          [
            127.0261129,
            37.4991776
          ],
          [
            127.0261455,
            37.4991579
          ]
        ],
        "type": "LineString"
      },
      "id": "11183748453->11183748454",
      "properties": {
        "capacity_vph": 1800.0,
        "complexity": 0.0,
        "free_flow_min": 0.010845451680813552,
        "legal": true,
        "risk_index": 0.0,
        "source": "11183748453",
        "target": "11183748454"
      },
      "type": "Feature"
    },
    {
      "geometry": {
        "coordinates": [
          [
            127.0261129,
            37.4991776
          ],
          [
            127.0260778,
            37.4992455
          ]
        ],
        "type": "LineString"
      },
      "id": "11183748453->4946614556",
      "properties": {
        "capacity_vph": 1800.0,
        "complexity": 0.0,
        "free_flow_min": 0.02448130514093978,
        "legal": true,
        "risk_index": 0.0,
        "source": "11183748453",
        "target": "4946614556"
      },
      "type": "Feature"
    },
    {
      "geometry": {
        "coordinates": [
          [
            127.0261455,
            37.4991579
          ],
          [
            127.0261129,
            37.4991776
          ]
        ],
        "type": "LineString"
      },
      "id": "11183748454->11183748453",
      "properties": {
        "capacity_vph": 1800.0,
        "complexity": 0.0,
        "free_flow_min": 0.010845451680813552,
        "legal": true,
        "risk_index": 0.0,
        "source": "11183748454",
        "target": "11183748453"
      },
      "type": "Feature"
    },
    {
      "geometry": {
        "coordinates": [
          [
            127.0261455,
            37.4991579
          ],
          [
            127.0261724,
            37.499139
          ]
        ],
        "type": "LineString"
      },
      "id": "11183748454->4946614561",
      "properties": {
        "capacity_vph": 1800.0,
        "complexity": 0.0,
        "free_flow_min": 0.009509621902290384,
        "legal": true,
        "risk_index": 0.0,
        "source": "11183748454",
        "target": "4946614561"
      },
      "type": "Feature"
    },
    {
      "geometry": {
        "coordinates": [
          [
            127.0243451,
            37.4970212
          ],
          [
            127.02421,
            37.4969787
          ]
        ],
        "type": "LineString"
      },
      "id": "11245176923->436854331",
      "properties": {
        "capacity_vph": 1800.0,
        "complexity": 0.0,
        "free_flow_min": 0.012821309664987965,
        "legal": true,
        "risk_index": 0.0,
        "source": "11245176923",
        "target": "436854331"
      },
      "type": "Feature"
    },
    {
      "geometry": {
        "coordinates": [
          [
            127.0243881,
            37.4969053
          ],
          [
            127.0244394,
            37.496921
          ]
        ],
        "type": "LineString"
      },
      "id": "11245176928->10220955576",
      "properties": {
        "capacity_vph": 10800.0,
        "complexity": 0.0,
        "free_flow_min": 0.004850754197414786,
        "legal": true,
        "risk_index": 0.0,
        "source": "11245176928",
        "target": "10220955576"
      },
      "type": "Feature"
    },
    {
      "geometry": {
        "coordinates": [
          [
            127.0276405,
            37.4981694
          ],
          [
            127.0275468,
            37.4983732
          ]
        ],
        "type": "LineString"
      },
      "id": "11847324474->11847324475",
      "properties": {
        "capacity_vph": 5400.0,
        "complexity": 0.0,
        "free_flow_min": 0.02412208477483467,
        "legal": true,
        "risk_index": 0.0,
        "source": "11847324474",
        "target": "11847324475"
      },
      "type": "Feature"
    },
    {
      "geometry": {
        "coordinates": [
          [
            127.0275468,
            37.4983732
          ],
          [
            127.0274875,
            37.4984961
          ]
        ],
        "type": "LineString"
      },
      "id": "11847324475->2477260921",
      "properties": {
        "capacity_vph": 5400.0,
        "complexity": 0.0,
        "free_flow_min": 0.014632957849449124,
        "legal": true,
        "risk_index": 0.0,
        "source": "11847324475",
        "target": "2477260921"
      },
      "type": "Feature"
    },
    {
      "geometry": {
        "coordinates": [
          [
            127.0271479,
            37.4992308
          ],
          [
            127.0269934,
            37.499549
          ]
        ],
        "type": "LineString"
      },
      "id": "11847324476->2280678694",
      "properties": {
        "capacity_vph": 7200.0,
        "complexity": 0.0,
        "free_flow_min": 0.03791664977358897,
        "legal": true,
        "risk_index": 0.0,
        "source": "11847324476",
        "target": "2280678694"
      },
      "type": "Feature"
    },
    {
      "geometry": {
        "coordinates": [
          [
            127.0266752,
            37.4996654
          ],
          [
            127.0267729,
            37.4994695
          ]
        ],
        "type": "LineString"
      },
      "id": "11847324495->2280678683",
      "properties": {
        "capacity_vph": 14400.0,
        "complexity": 0.0,
        "free_flow_min": 0.028111488040169053,
        "legal": true,
        "risk_index": 0.0,
        "source": "11847324495",
        "target": "2280678683"
      },
      "type": "Feature"
    },
    {
      "geometry": {
        "coordinates": [
          [
            127.0268383,
            37.49934
          ],
          [
            127.0270739,
            37.4988252
          ]
        ],
        "type": "LineString"
      },
      "id": "11847324496->9230557523",
      "properties": {
        "capacity_vph": 9000.0,
        "complexity": 0.0,
        "free_flow_min": 0.07307959723127502,
        "legal": true,
        "risk_index": 0.0,
        "source": "11847324496",
        "target": "9230557523"
      },
      "type": "Feature"
    },
    {
      "geometry": {
        "coordinates": [
          [
            127.0236431,
            37.498524
          ],
          [
            127.0235226,
            37.4984905
          ]
        ],
        "type": "LineString"
      },
      "id": "12061673669->12061673670",
      "properties": {
        "capacity_vph": 5400.0,
        "complexity": 0.0,
        "free_flow_min": 0.022528242935241912,
        "legal": true,
        "risk_index": 0.0,
        "source": "12061673669",
        "target": "12061673670"
      },
      "type": "Feature"
    },
    {
      "geometry": {
        "coordinates": [
          [
            127.0236431,
            37.498524
          ],
          [
            127.0243657,
            37.498725
          ]
        ],
        "type": "LineString"
      },
      "id": "12061673669->1906756262",
      "properties": {
        "capacity_vph": 5400.0,
        "complexity": 0.0,
        "free_flow_min": 0.13510266651811242,
        "legal": true,
        "risk_index": 0.0,
        "source": "12061673669",
        "target": "1906756262"
      },
      "type": "Feature"
    },
    {
      "geometry": {
        "coordinates": [
          [
            127.0235226,
            37.4984905
          ],
          [
            127.0236431,
            37.498524
          ]
        ],
        "type": "LineString"
      },
      "id": "12061673670->12061673669",
      "properties": {
        "capacity_vph": 5400.0,
        "complexity": 0.0,
        "free_flow_min": 0.022528242935241912,
        "legal": true,
        "risk_index": 0.0,
        "source": "12061673670",
        "target": "12061673669"
      },
      "type": "Feature"
    },
    {
      "geometry": {
        "coordinates": [
          [
            127.0235226,
            37.4984905
          ],
          [
            127.0234914,
            37.4984882
          ]
        ],
        "type": "LineString"
      },
      "id": "12061673670->571449373",
      "properties": {
        "capacity_vph": 5400.0,
        "complexity": 0.0,
        "free_flow_min": 0.005528563912696725,
        "legal": true,
        "risk_index": 0.0,
        "source": "12061673670",
        "target": "571449373"
      },
      "type": "Feature"
    },
    {
      "geometry": {
        "coordinates": [
          [
            127.024403,
            37.4986494
          ],
          [
            127.0243657,
            37.498725
          ]
        ],
        "type": "LineString"
      },
      "id": "12061673690->1906756262",
      "properties": {
        "capacity_vph": 1800.0,
        "complexity": 0.0,
        "free_flow_min": 0.02708227748405526,
        "legal": true,
        "risk_index": 0.0,
        "source": "12061673690",
        "target": "1906756262"
      },
      "type": "Feature"
    },
    {
      "geometry": {
        "coordinates": [
          [
            127.024403,
            37.4986494
          ],
          [
            127.0248409,
            37.4977623
          ]
        ],
        "type": "LineString"
      },
      "id": "12061673690->4959609718",
      "properties": {
        "capacity_vph": 1800.0,
        "complexity": 0.0,
        "free_flow_min": 0.31780809974161034,
        "legal": true,
        "risk_index": 0.0,
        "source": "12061673690",
        "target": "4959609718"
      },
      "type": "Feature"
    },
    {
      "geometry": {
        "coordinates": [
          [
            127.0251813,
            37.4990227
          ],
          [
            127.0252056,
            37.4989723
          ]
        ],
        "type": "LineString"
      },
      "id": "12061673697->4944067989",
      "properties": {
        "capacity_vph": 1800.0,
        "complexity": 0.0,
        "free_flow_min": 0.012000478880188271,
        "legal": true,
        "risk_index": 0.0,
        "source": "12061673697",
        "target": "4944067989"
      },
      "type": "Feature"
    },
    {
      "geometry": {
        "coordinates": [
          [
            127.0251813,
            37.4990227
          ],
          [
            127.0248025,
            37.4998096
          ]
        ],
        "type": "LineString"
      },
      "id": "12061673697->9625998726",
      "properties": {
        "capacity_vph": 1800.0,
        "complexity": 0.0,
        "free_flow_min": 0.1873268032883913,
        "legal": true,
        "risk_index": 0.0,
        "source": "12061673697",
        "target": "9625998726"
      },
      "type": "Feature"
    },
    {
      "geometry": {
        "coordinates": [
          [
            127.025242,
            37.4988965
          ],
          [
            127.0252056,
            37.4989723
          ]
        ],
        "type": "LineString"
      },
      "id": "12061673699->4944067989",
      "properties": {
        "capacity_vph": 1800.0,
        "complexity": 0.0,
        "free_flow_min": 0.018039127168975082,
        "legal": true,
        "risk_index": 0.0,
        "source": "12061673699",
        "target": "4944067989"
      },
      "type": "Feature"
    },
    {
      "geometry": {
        "coordinates": [
          [
            127.025242,
            37.4988965
          ],
          [
            127.0257082,
            37.4979247
          ]
        ],
        "type": "LineString"
      },
      "id": "12061673699->9608955343",
      "properties": {
        "capacity_vph": 1800.0,
        "complexity": 0.0,
        "free_flow_min": 0.23124283144774602,
        "legal": true,
        "risk_index": 0.0,
        "source": "12061673699",
        "target": "9608955343"
      },
      "type": "Feature"
    },
    {
      "geometry": {
        "coordinates": [
          [
            127.0256899,
            37.4991654
          ],
          [
            127.025121,
            37.5003884
          ]
        ],
        "type": "LineString"
      },
      "id": "12061673705->1430655025",
      "properties": {
        "capacity_vph": 1800.0,
        "complexity": 0.0,
        "free_flow_min": 0.4348698946835634,
        "legal": true,
        "risk_index": 0.0,
        "source": "12061673705",
        "target": "1430655025"
      },
      "type": "Feature"
    },
    {
      "geometry": {
        "coordinates": [
          [
            127.0258706,
            37.4975876
          ],
          [
            127.0259134,
            37.4975028
          ]
        ],
        "type": "LineString"
      },
      "id": "12061682123->1906756396",
      "properties": {
        "capacity_vph": 1800.0,
        "complexity": 0.0,
        "free_flow_min": 0.02031445358583129,
        "legal": true,
        "risk_index": 0.0,
        "source": "12061682123",
        "target": "1906756396"
      },
      "type": "Feature"
    },
    {
      "geometry": {
        "coordinates": [
          [
            127.0258706,
            37.4975876
          ],
          [
            127.0258517,
            37.4976251
          ]
        ],
        "type": "LineString"
      },
      "id": "12061682123->9889607759",
      "properties": {
        "capacity_vph": 1800.0,
        "complexity": 0.0,
        "free_flow_min": 0.008981632922548607,
        "legal": true,
        "risk_index": 0.0,
        "source": "12061682123",
        "target": "9889607759"
      },
      "type": "Feature"
    },
    {
      "geometry": {
        "coordinates": [
          [
            127.025046,
            37.4973392
          ],
          [
            127.0248409,
            37.4977623
          ]
        ],
        "type": "LineString"
      },
      "id": "12061682124->4959609718",
      "properties": {
        "capacity_vph": 1800.0,
        "complexity": 0.0,
        "free_flow_min": 0.15121831216096543,
        "legal": true,
        "risk_index": 0.0,
        "source": "12061682124",
        "target": "4959609718"
      },
      "type": "Feature"
    },
    {
      "geometry": {
        "coordinates": [
          [
            127.025046,
            37.4973392
          ],
          [
            127.0250541,
            37.4973224
          ]
        ],
        "type": "LineString"
      },
      "id": "12061682124->9608955342",
      "properties": {
        "capacity_vph": 1800.0,
        "complexity": 0.0,
        "free_flow_min": 0.006000256533242113,
        "legal": true,
        "risk_index": 0.0,
        "source": "12061682124",
        "target": "9608955342"
      },
      "type": "Feature"
    },
    {
      "geometry": {
        "coordinates": [
          [
            127.0263114,
            37.500403
          ],
          [
            127.0266752,
            37.4996654
          ]
        ],
        "type": "LineString"
      },
      "id": "12741729343->11847324495",
      "properties": {
        "capacity_vph": 14400.0,
        "complexity": 0.0,
        "free_flow_min": 0.10568758012084101,
        "legal": true,
        "risk_index": 0.0,
        "source": "12741729343",
        "target": "11847324495"
      },
      "type": "Feature"
    },
    {
      "geometry": {
        "coordinates": [
          [
            127.0269681,
            37.4996021
          ],
          [
            127.0268379,
            37.4998762
          ]
        ],
        "type": "LineString"
      },
      "id": "12741729344->4867295778",
      "properties": {
        "capacity_vph": 7200.0,
        "complexity": 0.0,
        "free_flow_min": 0.032570984562683765,
        "legal": true,
        "risk_index": 0.0,
        "source": "12741729344",
        "target": "4867295778"
      },
      "type": "Feature"
    },
    {
      "geometry": {
        "coordinates": [
          [
            127.0314165,
            37.5003419
          ],
          [
            127.0317448,
            37.5004457
          ]
        ],
        "type": "LineString"
      },
      "id": "1326174592->5416056536",
      "properties": {
        "capacity_vph": 1800.0,
        "complexity": 0.0,
        "free_flow_min": 0.06235339569260179,
        "legal": true,
        "risk_index": 0.0,
        "source": "1326174592",
        "target": "5416056536"
      },
      "type": "Feature"
    },
    {
      "geometry": {
        "coordinates": [
          [
            127.0289894,
            37.4999143
          ],
          [
            127.0277645,
            37.4995366
          ]
        ],
        "type": "LineString"
      },
      "id": "1326174684->1430656060",
      "properties": {
        "capacity_vph": 1800.0,
        "complexity": 0.0,
        "free_flow_min": 0.23186429488355018,
        "legal": true,
        "risk_index": 0.0,
        "source": "1326174684",
        "target": "1430656060"
      },
      "type": "Feature"
    },
    {
      "geometry": {
        "coordinates": [
          [
            127.0289894,
            37.4999143
          ],
          [
            127.028916,
            37.4999784
          ]
        ],
        "type": "LineString"
      },
      "id": "1326174684->5376448877",
      "properties": {
        "capacity_vph": 1800.0,
        "complexity": 0.0,
        "free_flow_min": 0.019259291485565502,
        "legal": true,
        "risk_index": 0.0,
        "source": "1326174684",
        "target": "5376448877"
      },
      "type": "Feature"
    },
    {
      "geometry": {
        "coordinates": [
          [
            127.0291964,
            37.5036461
          ],
          [
            127.0298045,
            37.5043819
          ]
        ],
        "type": "LineString"
      },
      "id": "1326174709->7489599427",
      "properties": {
        "capacity_vph": 1800.0,
        "complexity": 0.0,
        "free_flow_min": 0.19566836220578082,
        "legal": true,
        "risk_index": 0.0,
        "source": "1326174709",
        "target": "7489599427"
      },
      "type": "Feature"
    },
    {
      "geometry": {
        "coordinates": [
          [
            127.0291964,
            37.5036461
          ],
          [
            127.0290595,
            37.5034817
          ]
        ],
        "type": "LineString"
      },
      "id": "1326174709->7516324360",
      "properties": {
        "capacity_vph": 1800.0,
        "complexity": 0.0,
        "free_flow_min": 0.04381841417895966,
        "legal": true,
        "risk_index": 0.0,
        "source": "1326174709",
        "target": "7516324360"
      },
      "type": "Feature"
    },
    {
      "geometry": {
        "coordinates": [
          [
            127.0290685,
            37.5010742
          ],
          [
            127.0289007,
            37.5007949
          ]
        ],
        "type": "LineString"
      },
      "id": "1326174741->1326174865",
      "properties": {
        "capacity_vph": 1800.0,
        "complexity": 0.0,
        "free_flow_min": 0.06880818756033026,
        "legal": true,
        "risk_index": 0.0,
        "source": "1326174741",
        "target": "1326174865"
      },
      "type": "Feature"
    },
    {
      "geometry": {
        "coordinates": [
          [
            127.0290685,
            37.5010742
          ],
          [
            127.0289071,
            37.5014235
          ]
        ],
        "type": "LineString"
      },
      "id": "1326174741->1326174919",
      "properties": {
        "capacity_vph": 1800.0,
        "complexity": 0.0,
        "free_flow_min": 0.12410358866619567,
        "legal": true,
        "risk_index": 0.0,
        "source": "1326174741",
        "target": "1326174919"
      },
      "type": "Feature"
    },
    {
      "geometry": {
        "coordinates": [
          [
            127.0290685,
            37.5010742
          ],
          [
            127.0291024,
            37.5011272
          ]
        ],
        "type": "LineString"
      },
      "id": "1326174741->5376448906",
      "properties": {
        "capacity_vph": 1800.0,
        "complexity": 0.0,
        "free_flow_min": 0.013217353514231664,
        "legal": true,
        "risk_index": 0.0,
        "source": "1326174741",
        "target": "5376448906"
      },
      "type": "Feature"
    },
    {
      "geometry": {
        "coordinates": [
          [
            127.0277737,
            37.5010867
          ],
          [
            127.0289071,
            37.5014235
          ]
        ],
        "type": "LineString"
      },
      "id": "1326174750->1326174919",
      "properties": {
        "capacity_vph": 1800.0,
        "complexity": 0.0,
        "free_flow_min": 0.3203015471449567,
        "legal": true,
        "risk_index": 0.0,
        "source": "1326174750",
        "target": "1326174919"
      },
      "type": "Feature"
    },
    {
      "geometry": {
        "coordinates": [
          [
            127.0277737,
            37.5010867
          ],
          [
            127.0279062,
            37.5007993
          ]
        ],
        "type": "LineString"
      },
      "id": "1326174750->2477260918",
      "properties": {
        "capacity_vph": 1800.0,
        "complexity": 0.0,
        "free_flow_min": 0.06805595006561121,
        "legal": true,
        "risk_index": 0.0,
        "source": "1326174750",
        "target": "2477260918"
      },
      "type": "Feature"
    },
    {
      "geometry": {
        "coordinates": [
          [
            127.0277737,
            37.5010867
          ],
          [
            127.0277433,
            37.5011302
          ]
        ],
        "type": "LineString"
      },
      "id": "1326174750->5376449360",
      "properties": {
        "capacity_vph": 1800.0,
        "complexity": 0.0,
        "free_flow_min": 0.01106132941465179,
        "legal": true,
        "risk_index": 0.0,
        "source": "1326174750",
        "target": "5376449360"
      },
      "type": "Feature"
    },
    {
      "geometry": {
        "coordinates": [
          [
            127.0288774,
            37.5000996
          ],
          [
            127.0289514,
            37.5003918
          ]
        ],
        "type": "LineString"
      },
      "id": "1326174782->1430674313",
      "properties": {
        "capacity_vph": 1800.0,
        "complexity": 0.0,
        "free_flow_min": 0.06628102249799081,
        "legal": true,
        "risk_index": 0.0,
        "source": "1326174782",
        "target": "1430674313"
      },
      "type": "Feature"
    },
    {
      "geometry": {
        "coordinates": [
          [
            127.0288774,
            37.5000996
          ],
          [
            127.0285329,
            37.5000118
          ]
        ],
        "type": "LineString"
      },
      "id": "1326174782->5540428236",
      "properties": {
        "capacity_vph": 1800.0,
        "complexity": 0.0,
        "free_flow_min": 0.06384077763176643,
        "legal": true,
        "risk_index": 0.0,
        "source": "1326174782",
        "target": "5540428236"
      },
      "type": "Feature"
    },
    {
      "geometry": {
        "coordinates": [
          [
            127.027595,
            37.5027424
          ],
          [
            127.027138,
            37.5022177
          ]
        ],
        "type": "LineString"
      },
      "id": "1326174791->1326174815",
      "properties": {
        "capacity_vph": 1800.0,
        "complexity": 0.0,
        "free_flow_min": 0.141834179638627,
        "legal": true,
        "risk_index": 0.0,
        "source": "1326174791",
        "target": "1326174815"
      },
      "type": "Feature"
    },
    {
      "geometry": {
        "coordinates": [
          [
            127.027595,
            37.5027424
          ],
          [
            127.0282061,
            37.503442
          ]
        ],
        "type": "LineString"
      },
      "id": "1326174791->2477261473",
      "properties": {
        "capacity_vph": 1800.0,
        "complexity": 0.0,
        "free_flow_min": 0.18928909412830713,
        "legal": true,
        "risk_index": 0.0,
        "source": "1326174791",
        "target": "2477261473"
      },
      "type": "Feature"
    },
    {
      "geometry": {
        "coordinates": [
          [
            127.0295344,
            37.5019777
          ],
          [
            127.0295244,
            37.5019193
          ]
        ],
        "type": "LineString"
      },
      "id": "1326174809->1326174912",
      "properties": {
        "capacity_vph": 1800.0,
        "complexity": 0.0,
        "free_flow_min": 0.013106872476152952,
        "legal": true,
        "risk_index": 0.0,
        "source": "1326174809",
        "target": "1326174912"
      },
      "type": "Feature"
    },
    {
      "geometry": {
        "coordinates": [
          [
            127.0295344,
            37.5019777
          ],
          [
            127.029425,
            37.5022566
          ]
        ],
        "type": "LineString"
      },
      "id": "1326174809->2477260899",
      "properties": {
        "capacity_vph": 1800.0,
        "complexity": 0.0,
        "free_flow_min": 0.06495840430445445,
        "legal": true,
        "risk_index": 0.0,
        "source": "1326174809",
        "target": "2477260899"
      },
      "type": "Feature"
    },
    {
      "geometry": {
        "coordinates": [
          [
            127.027138,
            37.5022177
          ],
          [
            127.027595,
            37.5027424
          ]
        ],
        "type": "LineString"
      },
      "id": "1326174815->1326174791",
      "properties": {
        "capacity_vph": 1800.0,
        "complexity": 0.0,
        "free_flow_min": 0.141834179638627,
        "legal": true,
        "risk_index": 0.0,
        "source": "1326174815",
        "target": "1326174791"
      },
      "type": "Feature"
    },
    {
      "geometry": {
        "coordinates": [
          [
            127.027138,
            37.5022177
          ],
          [
            127.0269904,
            37.5020422
          ]
        ],
        "type": "LineString"
      },
      "id": "1326174815->3827608169",
      "properties": {
        "capacity_vph": 1800.0,
        "complexity": 0.0,
        "free_flow_min": 0.04691938701664614,
        "legal": true,
        "risk_index": 0.0,
        "source": "1326174815",
        "target": "3827608169"
      },
      "type": "Feature"
    },
    {
      "geometry": {
        "coordinates": [
          [
            127.0281465,
            37.5024295
          ],
          [
            127.0275058,
            37.5016863
          ]
        ],
        "type": "LineString"
      },
      "id": "1326174819->1326174844",
      "properties": {
        "capacity_vph": 1800.0,
        "complexity": 0.0,
        "free_flow_min": 0.20023790696923985,
        "legal": true,
        "risk_index": 0.0,
        "source": "1326174819",
        "target": "1326174844"
      },
      "type": "Feature"
    },
    {
      "geometry": {
        "coordinates": [
          [
            127.0281465,
            37.5024295
          ],
          [
            127.0287388,
            37.5031165
          ]
        ],
        "type": "LineString"
      },
      "id": "1326174819->2477261466",
      "properties": {
        "capacity_vph": 1800.0,
        "complexity": 0.0,
        "free_flow_min": 0.1851004488522747,
        "legal": true,
        "risk_index": 0.0,
        "source": "1326174819",
        "target": "2477261466"
      },
      "type": "Feature"
    },
    {
      "geometry": {
        "coordinates": [
          [
            127.0275058,
            37.5016863
          ],
          [
            127.0281465,
            37.5024295
          ]
        ],
        "type": "LineString"
      },
      "id": "1326174844->1326174819",
      "properties": {
        "capacity_vph": 1800.0,
        "complexity": 0.0,
        "free_flow_min": 0.20023790696923985,
        "legal": true,
        "risk_index": 0.0,
        "source": "1326174844",
        "target": "1326174819"
      },
      "type": "Feature"
    },
    {
      "geometry": {
        "coordinates": [
          [
            127.0275058,
            37.5016863
          ],
          [
            127.0276545,
            37.5013373
          ]
        ],
        "type": "LineString"
      },
      "id": "1326174844->2477260919",
      "properties": {
        "capacity_vph": 1800.0,
        "complexity": 0.0,
        "free_flow_min": 0.08192828902626655,
        "legal": true,
        "risk_index": 0.0,
        "source": "1326174844",
        "target": "2477260919"
      },
      "type": "Feature"
    },
    {
      "geometry": {
        "coordinates": [
          [
            127.0289007,
            37.5007949
          ],
          [
            127.0290685,
            37.5010742
          ]
        ],
        "type": "LineString"
      },
      "id": "1326174865->1326174741",
      "properties": {
        "capacity_vph": 1800.0,
        "complexity": 0.0,
        "free_flow_min": 0.06880818756033026,
        "legal": true,
        "risk_index": 0.0,
        "source": "1326174865",
        "target": "1326174741"
      },
      "type": "Feature"
    },
    {
      "geometry": {
        "coordinates": [
          [
            127.0289007,
            37.5007949
          ],
          [
            127.0288179,
            37.50091
          ]
        ],
        "type": "LineString"
      },
      "id": "1326174865->1430674314",
      "properties": {
        "capacity_vph": 1800.0,
        "complexity": 0.0,
        "free_flow_min": 0.017683437594531993,
        "legal": true,
        "risk_index": 0.0,
        "source": "1326174865",
        "target": "1430674314"
      },
      "type": "Feature"
    },
    {
      "geometry": {
        "coordinates": [
          [
            127.0295244,
            37.5019193
          ],
          [
            127.0295344,
            37.5019777
          ]
        ],
        "type": "LineString"
      },
      "id": "1326174912->1326174809",
      "properties": {
        "capacity_vph": 1800.0,
        "complexity": 0.0,
        "free_flow_min": 0.013106872476152952,
        "legal": true,
        "risk_index": 0.0,
        "source": "1326174912",
        "target": "1326174809"
      },
      "type": "Feature"
    },
    {
      "geometry": {
        "coordinates": [
          [
            127.0295244,
            37.5019193
          ],
          [
            127.028792,
            37.5016814
          ]
        ],
        "type": "LineString"
      },
      "id": "1326174912->4182408168",
      "properties": {
        "capacity_vph": 1800.0,
        "complexity": 0.0,
        "free_flow_min": 0.139628710268042,
        "legal": true,
        "risk_index": 0.0,
        "source": "1326174912",
        "target": "4182408168"
      },
      "type": "Feature"
    },
    {
      "geometry": {
        "coordinates": [
          [
            127.0295244,
            37.5019193
          ],
          [
            127.0294726,
            37.5017541
          ]
        ],
        "type": "LineString"
      },
      "id": "1326174912->7535662205",
      "properties": {
        "capacity_vph": 1800.0,
        "complexity": 0.0,
        "free_flow_min": 0.037858496539554434,
        "legal": true,
        "risk_index": 0.0,
        "source": "1326174912",
        "target": "7535662205"
      },
      "type": "Feature"
    },
    {
      "geometry": {
        "coordinates": [
          [
            127.0304434,
            37.5051169
          ],
          [
            127.0307206,
            37.5054801
          ]
        ],
        "type": "LineString"
      },
      "id": "1326174914->4182408161",
      "properties": {
        "capacity_vph": 1800.0,
        "complexity": 0.0,
        "free_flow_min": 0.0944231808152596,
        "legal": true,
        "risk_index": 0.0,
        "source": "1326174914",
        "target": "4182408161"
      },
      "type": "Feature"
    },
    {
      "geometry": {
        "coordinates": [
          [
            127.0304434,
            37.5051169
          ],
          [
            127.0301957,
            37.504832
          ]
        ],
        "type": "LineString"
      },
      "id": "1326174914->7516324362",
      "properties": {
        "capacity_vph": 1800.0,
        "complexity": 0.0,
        "free_flow_min": 0.07696771109931107,
        "legal": true,
        "risk_index": 0.0,
        "source": "1326174914",
        "target": "7516324362"
      },
      "type": "Feature"
    },
    {
      "geometry": {
        "coordinates": [
          [
            127.0289071,
            37.5014235
          ],
          [
            127.0290685,
            37.5010742
          ]
        ],
        "type": "LineString"
      },
      "id": "1326174919->1326174741",
      "properties": {
        "capacity_vph": 1800.0,
        "complexity": 0.0,
        "free_flow_min": 0.12410358866619567,
        "legal": true,
        "risk_index": 0.0,
        "source": "1326174919",
        "target": "1326174741"
      },
      "type": "Feature"
    },
    {
      "geometry": {
        "coordinates": [
          [
            127.0289071,
            37.5014235
          ],
          [
            127.0277737,
            37.5010867
          ]
        ],
        "type": "LineString"
      },
      "id": "1326174919->1326174750",
      "properties": {
        "capacity_vph": 1800.0,
        "complexity": 0.0,
        "free_flow_min": 0.3203015471449567,
        "legal": true,
        "risk_index": 0.0,
        "source": "1326174919",
        "target": "1326174750"
      },
      "type": "Feature"
    },
    {
      "geometry": {
        "coordinates": [
          [
            127.0289071,
            37.5014235
          ],
          [
            127.028792,
            37.5016814
          ]
        ],
        "type": "LineString"
      },
      "id": "1326174919->4182408168",
      "properties": {
        "capacity_vph": 1800.0,
        "complexity": 0.0,
        "free_flow_min": 0.09126497563707715,
        "legal": true,
        "risk_index": 0.0,
        "source": "1326174919",
        "target": "4182408168"
      },
      "type": "Feature"
    },
    {
      "geometry": {
        "coordinates": [
          [
            127.0282347,
            37.4981787
          ],
          [
            127.0282066,
            37.4981701
          ]
        ],
        "type": "LineString"
      },
      "id": "13512291953->13512291958",
      "properties": {
        "capacity_vph": 1800.0,
        "complexity": 0.0,
        "free_flow_min": 0.005314019072904866,
        "legal": true,
        "risk_index": 0.0,
        "source": "13512291953",
        "target": "13512291958"
      },
      "type": "Feature"
    },
    {
      "geometry": {
        "coordinates": [
          [
            127.0279404,
            37.4980866
          ],
          [
            127.027925,
            37.4980696
          ]
        ],
        "type": "LineString"
      },
      "id": "13512291954->13512291960",
      "properties": {
        "capacity_vph": 1800.0,
        "complexity": 0.0,
        "free_flow_min": 0.004655760431717172,
        "legal": true,
        "risk_index": 0.0,
        "source": "13512291954",
        "target": "13512291960"
      },
      "type": "Feature"
    },
    {
      "geometry": {
        "coordinates": [
          [
            127.0279652,
            37.4980164
          ],
          [
            127.0280084,
            37.4980086
          ]
        ],
        "type": "LineString"
      },
      "id": "13512291955->13512291964",
      "properties": {
        "capacity_vph": 1800.0,
        "complexity": 0.0,
        "free_flow_min": 0.007817043429171862,
        "legal": true,
        "risk_index": 0.0,
        "source": "13512291955",
        "target": "13512291964"
      },
      "type": "Feature"
    },
    {
      "geometry": {
        "coordinates": [
          [
            127.0282528,
            37.4982198
          ],
          [
            127.0282448,
            37.4981914
          ]
        ],
        "type": "LineString"
      },
      "id": "13512291956->13512291957",
      "properties": {
        "capacity_vph": 1800.0,
        "complexity": 0.0,
        "free_flow_min": 0.006471684143190878,
        "legal": true,
        "risk_index": 0.0,
        "source": "13512291956",
        "target": "13512291957"
      },
      "type": "Feature"
    },
    {
      "geometry": {
        "coordinates": [
          [
            127.0282528,
            37.4982198
          ],
          [
            127.0276806,
            37.4980478
          ]
        ],
        "type": "LineString"
      },
      "id": "13512291956->2624215077",
      "properties": {
        "capacity_vph": 9000.0,
        "complexity": 0.0,
        "free_flow_min": 0.05398072339468613,
        "legal": true,
        "risk_index": 0.0,
        "source": "13512291956",
        "target": "2624215077"
      },
      "type": "Feature"
    },
    {
      "geometry": {
        "coordinates": [
          [
            127.0282448,
            37.4981914
          ],
          [
            127.0282347,
            37.4981787
          ]
        ],
        "type": "LineString"
      },
      "id": "13512291957->13512291953",
      "properties": {
        "capacity_vph": 1800.0,
        "complexity": 0.0,
        "free_flow_min": 0.0033395508299204923,
        "legal": true,
        "risk_index": 0.0,
        "source": "13512291957",
        "target": "13512291953"
      },
      "type": "Feature"
    },
    {
      "geometry": {
        "coordinates": [
          [
            127.0282066,
            37.4981701
          ],
          [
            127.0279551,
            37.4980967
          ]
        ],
        "type": "LineString"
      },
      "id": "13512291958->13512291959",
      "properties": {
        "capacity_vph": 1800.0,
        "complexity": 0.0,
        "free_flow_min": 0.04728138186133583,
        "legal": true,
        "risk_index": 0.0,
        "source": "13512291958",
        "target": "13512291959"
      },
      "type": "Feature"
    },
    {
      "geometry": {
        "coordinates": [
          [
            127.0279551,
            37.4980967
          ],
          [
            127.0279404,
            37.4980866
          ]
        ],
        "type": "LineString"
      },
      "id": "13512291959->13512291954",
      "properties": {
        "capacity_vph": 1800.0,
        "complexity": 0.0,
        "free_flow_min": 0.0034310560907627042,
        "legal": true,
        "risk_index": 0.0,
        "source": "13512291959",
        "target": "13512291954"
      },
      "type": "Feature"
    },
    {
      "geometry": {
        "coordinates": [
          [
            127.027925,
            37.4980696
          ],
          [
            127.0279203,
            37.4980473
          ]
        ],
        "type": "LineString"
      },
      "id": "13512291960->13512291961",
      "properties": {
        "capacity_vph": 1800.0,
        "complexity": 0.0,
        "free_flow_min": 0.00502815437770921,
        "legal": true,
        "risk_index": 0.0,
        "source": "13512291960",
        "target": "13512291961"
      },
      "type": "Feature"
    },
    {
      "geometry": {
        "coordinates": [
          [
            127.0279203,
            37.4980473
          ],
          [
            127.0279317,
            37.4980286
          ]
        ],
        "type": "LineString"
      },
      "id": "13512291961->13512291962",
      "properties": {
        "capacity_vph": 1800.0,
        "complexity": 0.0,
        "free_flow_min": 0.004619576078246496,
        "legal": true,
        "risk_index": 0.0,
        "source": "13512291961",
        "target": "13512291962"
      },
      "type": "Feature"
    },
    {
      "geometry": {
        "coordinates": [
          [
            127.0279317,
            37.4980286
          ],
          [
            127.0279444,
            37.4980212
          ]
        ],
        "type": "LineString"
      },
      "id": "13512291962->13512291963",
      "properties": {
        "capacity_vph": 1800.0,
        "complexity": 0.0,
        "free_flow_min": 0.002780169051791963,
        "legal": true,
        "risk_index": 0.0,
        "source": "13512291962",
        "target": "13512291963"
      },
      "type": "Feature"
    },
    {
      "geometry": {
        "coordinates": [
          [
            127.0279444,
            37.4980212
          ],
          [
            127.0279652,
            37.4980164
          ]
        ],
        "type": "LineString"
      },
      "id": "13512291963->13512291955",
      "properties": {
        "capacity_vph": 1800.0,
        "complexity": 0.0,
        "free_flow_min": 0.003822020527001613,
        "legal": true,
        "risk_index": 0.0,
        "source": "13512291963",
        "target": "13512291955"
      },
      "type": "Feature"
    },
    {
      "geometry": {
        "coordinates": [
          [
            127.0280084,
            37.4980086
          ],
          [
            127.0283071,
            37.4981
          ]
        ],
        "type": "LineString"
      },
      "id": "13512291964->8494274555",
      "properties": {
        "capacity_vph": 5400.0,
        "complexity": 0.0,
        "free_flow_min": 0.02824308368502259,
        "legal": true,
        "risk_index": 0.0,
        "source": "13512291964",
        "target": "8494274555"
      },
      "type": "Feature"
    },
    {
      "geometry": {
        "coordinates": [
          [
            127.0294489,
            37.4983715
          ],
          [
            127.0294169,
            37.4984367
          ]
        ],
        "type": "LineString"
      },
      "id": "13925231596->2280678660",
      "properties": {
        "capacity_vph": 1800.0,
        "complexity": 0.0,
        "free_flow_min": 0.015560293083826308,
        "legal": true,
        "risk_index": 0.0,
        "source": "13925231596",
        "target": "2280678660"
      },
      "type": "Feature"
    },
    {
      "geometry": {
        "coordinates": [
          [
            127.0294489,
            37.4983715
          ],
          [
            127.0294788,
            37.4983108
          ]
        ],
        "type": "LineString"
      },
      "id": "13925231596->9889607760",
      "properties": {
        "capacity_vph": 1800.0,
        "complexity": 0.0,
        "free_flow_min": 0.014493310949634682,
        "legal": true,
        "risk_index": 0.0,
        "source": "13925231596",
        "target": "9889607760"
      },
      "type": "Feature"
    },
    {
      "geometry": {
        "coordinates": [
          [
            127.0283937,
            37.4980611
          ],
          [
            127.0284387,
            37.4981414
          ]
        ],
        "type": "LineString"
      },
      "id": "13925231597->3089780836",
      "properties": {
        "capacity_vph": 1800.0,
        "complexity": 0.0,
        "free_flow_min": 0.01954341284308673,
        "legal": true,
        "risk_index": 0.0,
        "source": "13925231597",
        "target": "3089780836"
      },
      "type": "Feature"
    },
    {
      "geometry": {
        "coordinates": [
          [
            127.0249291,
            37.5017754
          ],
          [
            127.0255526,
            37.5005219
          ]
        ],
        "type": "LineString"
      },
      "id": "1430655016->1430655022",
      "properties": {
        "capacity_vph": 1800.0,
        "complexity": 0.0,
        "free_flow_min": 0.4495287430769408,
        "legal": true,
        "risk_index": 0.0,
        "source": "1430655016",
        "target": "1430655022"
      },
      "type": "Feature"
    },
    {
      "geometry": {
        "coordinates": [
          [
            127.0245976,
            37.5002326
          ],
          [
            127.025121,
            37.5003884
          ]
        ],
        "type": "LineString"
      },
      "id": "1430655021->1430655025",
      "properties": {
        "capacity_vph": 1800.0,
        "complexity": 0.0,
        "free_flow_min": 0.14794699442452275,
        "legal": true,
        "risk_index": 0.0,
        "source": "1430655021",
        "target": "1430655025"
      },
      "type": "Feature"
    },
    {
      "geometry": {
        "coordinates": [
          [
            127.0245976,
            37.5002326
          ],
          [
            127.0246791,
            37.5000574
          ]
        ],
        "type": "LineString"
      },
      "id": "1430655021->9625998727",
      "properties": {
        "capacity_vph": 1800.0,
        "complexity": 0.0,
        "free_flow_min": 0.0415314557475141,
        "legal": true,
        "risk_index": 0.0,
        "source": "1430655021",
        "target": "9625998727"
      },
      "type": "Feature"
    },
    {
      "geometry": {
        "coordinates": [
          [
            127.0255526,
            37.5005219
          ],
          [
            127.0260353,
            37.5006742
          ]
        ],
        "type": "LineString"
      },
      "id": "1430655022->11183748448",
      "properties": {
        "capacity_vph": 1800.0,
        "complexity": 0.0,
        "free_flow_min": 0.13747796624138434,
        "legal": true,
        "risk_index": 0.0,
        "source": "1430655022",
        "target": "11183748448"
      },
      "type": "Feature"
    },
    {
      "geometry": {
        "coordinates": [
          [
            127.0255526,
            37.5005219
          ],
          [
            127.0260422,
            37.4995232
          ]
        ],
        "type": "LineString"
      },
      "id": "1430655022->4946614550",
      "properties": {
        "capacity_vph": 1800.0,
        "complexity": 0.0,
        "free_flow_min": 0.3574621050012661,
        "legal": true,
        "risk_index": 0.0,
        "source": "1430655022",
        "target": "4946614550"
      },
      "type": "Feature"
    },
    {
      "geometry": {
        "coordinates": [
          [
            127.025121,
            37.5003884
          ],
          [
            127.0245268,
            37.5016611
          ]
        ],
        "type": "LineString"
      },
      "id": "1430655025->1430655014",
      "properties": {
        "capacity_vph": 1800.0,
        "complexity": 0.0,
        "free_flow_min": 0.45274130634066534,
        "legal": true,
        "risk_index": 0.0,
        "source": "1430655025",
        "target": "1430655014"
      },
      "type": "Feature"
    },
    {
      "geometry": {
        "coordinates": [
          [
            127.025121,
            37.5003884
          ],
          [
            127.0255526,
            37.5005219
          ]
        ],
        "type": "LineString"
      },
      "id": "1430655025->1430655022",
      "properties": {
        "capacity_vph": 1800.0,
        "complexity": 0.0,
        "free_flow_min": 0.12259714628528645,
        "legal": true,
        "risk_index": 0.0,
        "source": "1430655025",
        "target": "1430655022"
      },
      "type": "Feature"
    },
    {
      "geometry": {
        "coordinates": [
          [
            127.0277645,
            37.4995366
          ],
          [
            127.0289894,
            37.4999143
          ]
        ],
        "type": "LineString"
      },
      "id": "1430656060->1326174684",
      "properties": {
        "capacity_vph": 1800.0,
        "complexity": 0.0,
        "free_flow_min": 0.23186429488355018,
        "legal": true,
        "risk_index": 0.0,
        "source": "1430656060",
        "target": "1326174684"
      },
      "type": "Feature"
    },
    {
      "geometry": {
        "coordinates": [
          [
            127.0277645,
            37.4995366
          ],
          [
            127.0278926,
            37.4992816
          ]
        ],
        "type": "LineString"
      },
      "id": "1430656060->1430656081",
      "properties": {
        "capacity_vph": 1800.0,
        "complexity": 0.0,
        "free_flow_min": 0.06104742699901615,
        "legal": true,
        "risk_index": 0.0,
        "source": "1430656060",
        "target": "1430656081"
      },
      "type": "Feature"
    },
    {
      "geometry": {
        "coordinates": [
          [
            127.0277645,
            37.4995366
          ],
          [
            127.02767,
            37.4997601
          ]
        ],
        "type": "LineString"
      },
      "id": "1430656060->1430674339",
      "properties": {
        "capacity_vph": 1800.0,
        "complexity": 0.0,
        "free_flow_min": 0.05242613366437273,
        "legal": true,
        "risk_index": 0.0,
        "source": "1430656060",
        "target": "1430674339"
      },
      "type": "Feature"
    },
    {
      "geometry": {
        "coordinates": [
          [
            127.0292627,
            37.4998485
          ],
          [
            127.0289894,
            37.4999143
          ]
        ],
        "type": "LineString"
      },
      "id": "1430656062->1326174684",
      "properties": {
        "capacity_vph": 1800.0,
        "complexity": 0.0,
        "free_flow_min": 0.050390982819866356,
        "legal": true,
        "risk_index": 0.0,
        "source": "1430656062",
        "target": "1326174684"
      },
      "type": "Feature"
    },
    {
      "geometry": {
        "coordinates": [
          [
            127.0292627,
            37.4998485
          ],
          [
            127.0296546,
            37.4999781
          ]
        ],
        "type": "LineString"
      },
      "id": "1430656062->2477260912",
      "properties": {
        "capacity_vph": 1800.0,
        "complexity": 0.0,
        "free_flow_min": 0.11236655799769503,
        "legal": true,
        "risk_index": 0.0,
        "source": "1430656062",
        "target": "2477260912"
      },
      "type": "Feature"
    },
    {
      "geometry": {
        "coordinates": [
          [
            127.0306541,
            37.4998023
          ],
          [
            127.030111,
            37.4996444
          ]
        ],
        "type": "LineString"
      },
      "id": "1430656069->11183597711",
      "properties": {
        "capacity_vph": 1800.0,
        "complexity": 0.0,
        "free_flow_min": 0.15307997863149908,
        "legal": true,
        "risk_index": 0.0,
        "source": "1430656069",
        "target": "11183597711"
      },
      "type": "Feature"
    },
    {
      "geometry": {
        "coordinates": [
          [
            127.0293927,
            37.49973
          ],
          [
            127.0295271,
            37.4994644
          ]
        ],
        "type": "LineString"
      },
      "id": "1430656073->1430656078",
      "properties": {
        "capacity_vph": 1800.0,
        "complexity": 0.0,
        "free_flow_min": 0.06364895497777798,
        "legal": true,
        "risk_index": 0.0,
        "source": "1430656073",
        "target": "1430656078"
      },
      "type": "Feature"
    },
    {
      "geometry": {
        "coordinates": [
          [
            127.0293927,
            37.49973
          ],
          [
            127.0297266,
            37.499829
          ]
        ],
        "type": "LineString"
      },
      "id": "1430656073->5376448907",
      "properties": {
        "capacity_vph": 1800.0,
        "complexity": 0.0,
        "free_flow_min": 0.0628911293135311,
        "legal": true,
        "risk_index": 0.0,
        "source": "1430656073",
        "target": "5376448907"
      },
      "type": "Feature"
    },
    {
      "geometry": {
        "coordinates": [
          [
            127.0293927,
            37.49973
          ],
          [
            127.0293251,
            37.4998241
          ]
        ],
        "type": "LineString"
      },
      "id": "1430656073->7506139126",
      "properties": {
        "capacity_vph": 1800.0,
        "complexity": 0.0,
        "free_flow_min": 0.024087100390479316,
        "legal": true,
        "risk_index": 0.0,
        "source": "1430656073",
        "target": "7506139126"
      },
      "type": "Feature"
    },
    {
      "geometry": {
        "coordinates": [
          [
            127.0307726,
            37.4995478
          ],
          [
            127.0296209,
            37.4992073
          ]
        ],
        "type": "LineString"
      },
      "id": "1430656075->1430656077",
      "properties": {
        "capacity_vph": 1800.0,
        "complexity": 0.0,
        "free_flow_min": 0.21685162630055257,
        "legal": true,
        "risk_index": 0.0,
        "source": "1430656075",
        "target": "1430656077"
      },
      "type": "Feature"
    },
    {
      "geometry": {
        "coordinates": [
          [
            127.0296209,
            37.4992073
          ],
          [
            127.0307726,
            37.4995478
          ]
        ],
        "type": "LineString"
      },
      "id": "1430656077->1430656075",
      "properties": {
        "capacity_vph": 1800.0,
        "complexity": 0.0,
        "free_flow_min": 0.21685162630055257,
        "legal": true,
        "risk_index": 0.0,
        "source": "1430656077",
        "target": "1430656075"
      },
      "type": "Feature"
    },
    {
      "geometry": {
        "coordinates": [
          [
            127.0296209,
            37.4992073
          ],
          [
            127.0295271,
            37.4994644
          ]
        ],
        "type": "LineString"
      },
      "id": "1430656077->1430656078",
      "properties": {
        "capacity_vph": 1800.0,
        "complexity": 0.0,
        "free_flow_min": 0.059523477547840646,
        "legal": true,
        "risk_index": 0.0,
        "source": "1430656077",
        "target": "1430656078"
      },
      "type": "Feature"
    },
    {
      "geometry": {
        "coordinates": [
          [
            127.0296209,
            37.4992073
          ],
          [
            127.0281278,
            37.4987722
          ]
        ],
        "type": "LineString"
      },
      "id": "1430656077->2477260916",
      "properties": {
        "capacity_vph": 1800.0,
        "complexity": 0.0,
        "free_flow_min": 0.28064568515086113,
        "legal": true,
        "risk_index": 0.0,
        "source": "1430656077",
        "target": "2477260916"
      },
      "type": "Feature"
    },
    {
      "geometry": {
        "coordinates": [
          [
            127.0296209,
            37.4992073
          ],
          [
            127.0297916,
            37.4988163
          ]
        ],
        "type": "LineString"
      },
      "id": "1430656077->9889607761",
      "properties": {
        "capacity_vph": 1800.0,
        "complexity": 0.0,
        "free_flow_min": 0.09202265370230658,
        "legal": true,
        "risk_index": 0.0,
        "source": "1430656077",
        "target": "9889607761"
      },
      "type": "Feature"
    },
    {
      "geometry": {
        "coordinates": [
          [
            127.0295271,
            37.4994644
          ],
          [
            127.030111,
            37.4996444
          ]
        ],
        "type": "LineString"
      },
      "id": "1430656078->11183597711",
      "properties": {
        "capacity_vph": 1800.0,
        "complexity": 0.0,
        "free_flow_min": 0.1657864770366647,
        "legal": true,
        "risk_index": 0.0,
        "source": "1430656078",
        "target": "11183597711"
      },
      "type": "Feature"
    },
    {
      "geometry": {
        "coordinates": [
          [
            127.0295271,
            37.4994644
          ],
          [
            127.0293927,
            37.49973
          ]
        ],
        "type": "LineString"
      },
      "id": "1430656078->1430656073",
      "properties": {
        "capacity_vph": 1800.0,
        "complexity": 0.0,
        "free_flow_min": 0.06364895497777798,
        "legal": true,
        "risk_index": 0.0,
        "source": "1430656078",
        "target": "1430656073"
      },
      "type": "Feature"
    },
    {
      "geometry": {
        "coordinates": [
          [
            127.0295271,
            37.4994644
          ],
          [
            127.0296209,
            37.4992073
          ]
        ],
        "type": "LineString"
      },
      "id": "1430656078->1430656077",
      "properties": {
        "capacity_vph": 1800.0,
        "complexity": 0.0,
        "free_flow_min": 0.059523477547840646,
        "legal": true,
        "risk_index": 0.0,
        "source": "1430656078",
        "target": "1430656077"
      },
      "type": "Feature"
    },
    {
      "geometry": {
        "coordinates": [
          [
            127.0305525,
            37.500074
          ],
          [
            127.0314165,
            37.5003419
          ]
        ],
        "type": "LineString"
      },
      "id": "1430656080->1326174592",
      "properties": {
        "capacity_vph": 1800.0,
        "complexity": 0.0,
        "free_flow_min": 0.16366759762616526,
        "legal": true,
        "risk_index": 0.0,
        "source": "1430656080",
        "target": "1326174592"
      },
      "type": "Feature"
    },
    {
      "geometry": {
        "coordinates": [
          [
            127.0278926,
            37.4992816
          ],
          [
            127.0277645,
            37.4995366
          ]
        ],
        "type": "LineString"
      },
      "id": "1430656081->1430656060",
      "properties": {
        "capacity_vph": 1800.0,
        "complexity": 0.0,
        "free_flow_min": 0.06104742699901615,
        "legal": true,
        "risk_index": 0.0,
        "source": "1430656081",
        "target": "1430656060"
      },
      "type": "Feature"
    },
    {
      "geometry": {
        "coordinates": [
          [
            127.0278926,
            37.4992816
          ],
          [
            127.0293927,
            37.49973
          ]
        ],
        "type": "LineString"
      },
      "id": "1430656081->1430656073",
      "properties": {
        "capacity_vph": 1800.0,
        "complexity": 0.0,
        "free_flow_min": 0.28283286166182736,
        "legal": true,
        "risk_index": 0.0,
        "source": "1430656081",
        "target": "1430656073"
      },
      "type": "Feature"
    },
    {
      "geometry": {
        "coordinates": [
          [
            127.0278926,
            37.4992816
          ],
          [
            127.0279418,
            37.4991826
          ]
        ],
        "type": "LineString"
      },
      "id": "1430656081->3058389834",
      "properties": {
        "capacity_vph": 1800.0,
        "complexity": 0.0,
        "free_flow_min": 0.0236661222470627,
        "legal": true,
        "risk_index": 0.0,
        "source": "1430656081",
        "target": "3058389834"
      },
      "type": "Feature"
    },
    {
      "geometry": {
        "coordinates": [
          [
            127.0267333,
            37.5017209
          ],
          [
            127.0270942,
            37.5009652
          ]
        ],
        "type": "LineString"
      },
      "id": "1430656087->3827608157",
      "properties": {
        "capacity_vph": 1800.0,
        "complexity": 0.0,
        "free_flow_min": 0.17971813568972703,
        "legal": true,
        "risk_index": 0.0,
        "source": "1430656087",
        "target": "3827608157"
      },
      "type": "Feature"
    },
    {
      "geometry": {
        "coordinates": [
          [
            127.0267333,
            37.5017209
          ],
          [
            127.0269904,
            37.5020422
          ]
        ],
        "type": "LineString"
      },
      "id": "1430656087->3827608169",
      "properties": {
        "capacity_vph": 1800.0,
        "complexity": 0.0,
        "free_flow_min": 0.08463569416961722,
        "legal": true,
        "risk_index": 0.0,
        "source": "1430656087",
        "target": "3827608169"
      },
      "type": "Feature"
    },
    {
      "geometry": {
        "coordinates": [
          [
            127.0267333,
            37.5017209
          ],
          [
            127.0263057,
            37.5012818
          ]
        ],
        "type": "LineString"
      },
      "id": "1430656087->9632500744",
      "properties": {
        "capacity_vph": 1800.0,
        "complexity": 0.0,
        "free_flow_min": 0.12339879266838275,
        "legal": true,
        "risk_index": 0.0,
        "source": "1430656087",
        "target": "9632500744"
      },
      "type": "Feature"
    },
    {
      "geometry": {
        "coordinates": [
          [
            127.0280578,
            37.4998794
          ],
          [
            127.02767,
            37.4997601
          ]
        ],
        "type": "LineString"
      },
      "id": "1430674300->1430674339",
      "properties": {
        "capacity_vph": 1800.0,
        "complexity": 0.0,
        "free_flow_min": 0.07338508509887971,
        "legal": true,
        "risk_index": 0.0,
        "source": "1430674300",
        "target": "1430674339"
      },
      "type": "Feature"
    },
    {
      "geometry": {
        "coordinates": [
          [
            127.0280578,
            37.4998794
          ],
          [
            127.0278724,
            37.5002985
          ]
        ],
        "type": "LineString"
      },
      "id": "1430674300->3103169129",
      "properties": {
        "capacity_vph": 1800.0,
        "complexity": 0.0,
        "free_flow_min": 0.14816576391994493,
        "legal": true,
        "risk_index": 0.0,
        "source": "1430674300",
        "target": "3103169129"
      },
      "type": "Feature"
    },
    {
      "geometry": {
        "coordinates": [
          [
            127.0280578,
            37.4998794
          ],
          [
            127.0285329,
            37.5000118
          ]
        ],
        "type": "LineString"
      },
      "id": "1430674300->5540428236",
      "properties": {
        "capacity_vph": 1800.0,
        "complexity": 0.0,
        "free_flow_min": 0.08884488044752478,
        "legal": true,
        "risk_index": 0.0,
        "source": "1430674300",
        "target": "5540428236"
      },
      "type": "Feature"
    },
    {
      "geometry": {
        "coordinates": [
          [
            127.0289514,
            37.5003918
          ],
          [
            127.028967,
            37.5005082
          ]
        ],
        "type": "LineString"
      },
      "id": "1430674313->5376449359",
      "properties": {
        "capacity_vph": 1800.0,
        "complexity": 0.0,
        "free_flow_min": 0.026032125534746195,
        "legal": true,
        "risk_index": 0.0,
        "source": "1430674313",
        "target": "5376449359"
      },
      "type": "Feature"
    },
    {
      "geometry": {
        "coordinates": [
          [
            127.0288179,
            37.50091
          ],
          [
            127.0287806,
            37.5009562
          ]
        ],
        "type": "LineString"
      },
      "id": "1430674314->7506139125",
      "properties": {
        "capacity_vph": 1800.0,
        "complexity": 0.0,
        "free_flow_min": 0.00732079002465,
        "legal": true,
        "risk_index": 0.0,
        "source": "1430674314",
        "target": "7506139125"
      },
      "type": "Feature"
    },
    {
      "geometry": {
        "coordinates": [
          [
            127.0285963,
            37.500992
          ],
          [
            127.0283861,
            37.5009476
          ]
        ],
        "type": "LineString"
      },
      "id": "1430674316->7506139124",
      "properties": {
        "capacity_vph": 1800.0,
        "complexity": 0.0,
        "free_flow_min": 0.023026756104866538,
        "legal": true,
        "risk_index": 0.0,
        "source": "1430674316",
        "target": "7506139124"
      },
      "type": "Feature"
    },
    {
      "geometry": {
        "coordinates": [
          [
            127.0272634,
            37.5006152
          ],
          [
            127.0274709,
            37.5001711
          ]
        ],
        "type": "LineString"
      },
      "id": "1430674331->2477260915",
      "properties": {
        "capacity_vph": 1800.0,
        "complexity": 0.0,
        "free_flow_min": 0.10533045483983233,
        "legal": true,
        "risk_index": 0.0,
        "source": "1430674331",
        "target": "2477260915"
      },
      "type": "Feature"
    },
    {
      "geometry": {
        "coordinates": [
          [
            127.0272634,
            37.5006152
          ],
          [
            127.0270942,
            37.5009652
          ]
        ],
        "type": "LineString"
      },
      "id": "1430674331->3827608157",
      "properties": {
        "capacity_vph": 1800.0,
        "complexity": 0.0,
        "free_flow_min": 0.08336480110101681,
        "legal": true,
        "risk_index": 0.0,
        "source": "1430674331",
        "target": "3827608157"
      },
      "type": "Feature"
    },
    {
      "geometry": {
        "coordinates": [
          [
            127.0272634,
            37.5006152
          ],
          [
            127.0267069,
            37.5004435
          ]
        ],
        "type": "LineString"
      },
      "id": "1430674331->9632500741",
      "properties": {
        "capacity_vph": 1800.0,
        "complexity": 0.0,
        "free_flow_min": 0.06320909580087203,
        "legal": true,
        "risk_index": 0.0,
        "source": "1430674331",
        "target": "9632500741"
      },
      "type": "Feature"
    },
    {
      "geometry": {
        "coordinates": [
          [
            127.02767,
            37.4997601
          ],
          [
            127.0277645,
            37.4995366
          ]
        ],
        "type": "LineString"
      },
      "id": "1430674339->1430656060",
      "properties": {
        "capacity_vph": 1800.0,
        "complexity": 0.0,
        "free_flow_min": 0.05242613366437273,
        "legal": true,
        "risk_index": 0.0,
        "source": "1430674339",
        "target": "1430656060"
      },
      "type": "Feature"
    },
    {
      "geometry": {
        "coordinates": [
          [
            127.02767,
            37.4997601
          ],
          [
            127.0280578,
            37.4998794
          ]
        ],
        "type": "LineString"
      },
      "id": "1430674339->1430674300",
      "properties": {
        "capacity_vph": 1800.0,
        "complexity": 0.0,
        "free_flow_min": 0.07338508509887971,
        "legal": true,
        "risk_index": 0.0,
        "source": "1430674339",
        "target": "1430674300"
      },
      "type": "Feature"
    },
    {
      "geometry": {
        "coordinates": [
          [
            127.02767,
            37.4997601
          ],
          [
            127.0274709,
            37.5001711
          ]
        ],
        "type": "LineString"
      },
      "id": "1430674339->2477260915",
      "properties": {
        "capacity_vph": 1800.0,
        "complexity": 0.0,
        "free_flow_min": 0.09792021511676548,
        "legal": true,
        "risk_index": 0.0,
        "source": "1430674339",
        "target": "2477260915"
      },
      "type": "Feature"
    },
    {
      "geometry": {
        "coordinates": [
          [
            127.02767,
            37.4997601
          ],
          [
            127.0271093,
            37.4995861
          ]
        ],
        "type": "LineString"
      },
      "id": "1430674339->9632500737",
      "properties": {
        "capacity_vph": 1800.0,
        "complexity": 0.0,
        "free_flow_min": 0.10622577799301208,
        "legal": true,
        "risk_index": 0.0,
        "source": "1430674339",
        "target": "9632500737"
      },
      "type": "Feature"
    },
    {
      "geometry": {
        "coordinates": [
          [
            127.0243657,
            37.498725
          ],
          [
            127.0236431,
            37.498524
          ]
        ],
        "type": "LineString"
      },
      "id": "1906756262->12061673669",
      "properties": {
        "capacity_vph": 5400.0,
        "complexity": 0.0,
        "free_flow_min": 0.13510266651811242,
        "legal": true,
        "risk_index": 0.0,
        "source": "1906756262",
        "target": "12061673669"
      },
      "type": "Feature"
    },
    {
      "geometry": {
        "coordinates": [
          [
            127.0243657,
            37.498725
          ],
          [
            127.024403,
            37.4986494
          ]
        ],
        "type": "LineString"
      },
      "id": "1906756262->12061673690",
      "properties": {
        "capacity_vph": 1800.0,
        "complexity": 0.0,
        "free_flow_min": 0.02708227748405526,
        "legal": true,
        "risk_index": 0.0,
        "source": "1906756262",
        "target": "12061673690"
      },
      "type": "Feature"
    },
    {
      "geometry": {
        "coordinates": [
          [
            127.0243657,
            37.498725
          ],
          [
            127.0252056,
            37.4989723
          ]
        ],
        "type": "LineString"
      },
      "id": "1906756262->4944067989",
      "properties": {
        "capacity_vph": 5400.0,
        "complexity": 0.0,
        "free_flow_min": 0.15806553443902058,
        "legal": true,
        "risk_index": 0.0,
        "source": "1906756262",
        "target": "4944067989"
      },
      "type": "Feature"
    },
    {
      "geometry": {
        "coordinates": [
          [
            127.0259134,
            37.4975028
          ],
          [
            127.0258706,
            37.4975876
          ]
        ],
        "type": "LineString"
      },
      "id": "1906756396->12061682123",
      "properties": {
        "capacity_vph": 1800.0,
        "complexity": 0.0,
        "free_flow_min": 0.02031445358583129,
        "legal": true,
        "risk_index": 0.0,
        "source": "1906756396",
        "target": "12061682123"
      },
      "type": "Feature"
    },
    {
      "geometry": {
        "coordinates": [
          [
            127.0259134,
            37.4975028
          ],
          [
            127.0250866,
            37.4972561
          ]
        ],
        "type": "LineString"
      },
      "id": "1906756396->3089780844",
      "properties": {
        "capacity_vph": 1800.0,
        "complexity": 0.0,
        "free_flow_min": 0.07792818511594315,
        "legal": true,
        "risk_index": 0.0,
        "source": "1906756396",
        "target": "3089780844"
      },
      "type": "Feature"
    },
    {
      "geometry": {
        "coordinates": [
          [
            127.0294169,
            37.4984367
          ],
          [
            127.0294489,
            37.4983715
          ]
        ],
        "type": "LineString"
      },
      "id": "2280678660->13925231596",
      "properties": {
        "capacity_vph": 1800.0,
        "complexity": 0.0,
        "free_flow_min": 0.015560293083826308,
        "legal": true,
        "risk_index": 0.0,
        "source": "2280678660",
        "target": "13925231596"
      },
      "type": "Feature"
    },
    {
      "geometry": {
        "coordinates": [
          [
            127.0294169,
            37.4984367
          ],
          [
            127.0302498,
            37.4986872
          ]
        ],
        "type": "LineString"
      },
      "id": "2280678660->3825549802",
      "properties": {
        "capacity_vph": 1800.0,
        "complexity": 0.0,
        "free_flow_min": 0.07857980635645,
        "legal": true,
        "risk_index": 0.0,
        "source": "2280678660",
        "target": "3825549802"
      },
      "type": "Feature"
    },
    {
      "geometry": {
        "coordinates": [
          [
            127.0298353,
            37.4987176
          ],
          [
            127.0284946,
            37.4982952
          ]
        ],
        "type": "LineString"
      },
      "id": "2280678664->2624215076",
      "properties": {
        "capacity_vph": 9000.0,
        "complexity": 0.0,
        "free_flow_min": 0.1272596403532644,
        "legal": true,
        "risk_index": 0.0,
        "source": "2280678664",
        "target": "2624215076"
      },
      "type": "Feature"
    },
    {
      "geometry": {
        "coordinates": [
          [
            127.0298353,
            37.4987176
          ],
          [
            127.0297916,
            37.4988163
          ]
        ],
        "type": "LineString"
      },
      "id": "2280678664->9889607761",
      "properties": {
        "capacity_vph": 1800.0,
        "complexity": 0.0,
        "free_flow_min": 0.023264717973196927,
        "legal": true,
        "risk_index": 0.0,
        "source": "2280678664",
        "target": "9889607761"
      },
      "type": "Feature"
    },
    {
      "geometry": {
        "coordinates": [
          [
            127.0310733,
            37.4989338
          ],
          [
            127.0312957,
            37.499003
          ]
        ],
        "type": "LineString"
      },
      "id": "2280678667->9889607763",
      "properties": {
        "capacity_vph": 1800.0,
        "complexity": 0.0,
        "free_flow_min": 0.021074680952615353,
        "legal": true,
        "risk_index": 0.0,
        "source": "2280678667",
        "target": "9889607763"
      },
      "type": "Feature"
    },
    {
      "geometry": {
        "coordinates": [
          [
            127.0310001,
            37.4990814
          ],
          [
            127.0308263,
            37.4990249
          ]
        ],
        "type": "LineString"
      },
      "id": "2280678672->9889607766",
      "properties": {
        "capacity_vph": 9000.0,
        "complexity": 0.0,
        "free_flow_min": 0.01656954195672224,
        "legal": true,
        "risk_index": 0.0,
        "source": "2280678672",
        "target": "9889607766"
      },
      "type": "Feature"
    },
    {
      "geometry": {
        "coordinates": [
          [
            127.0320017,
            37.4992091
          ],
          [
            127.0328273,
            37.4994654
          ]
        ],
        "type": "LineString"
      },
      "id": "2280678677->2280678689",
      "properties": {
        "capacity_vph": 1800.0,
        "complexity": 0.0,
        "free_flow_min": 0.078209951440796,
        "legal": true,
        "risk_index": 0.0,
        "source": "2280678677",
        "target": "2280678689"
      },
      "type": "Feature"
    },
    {
      "geometry": {
        "coordinates": [
          [
            127.0267729,
            37.4994695
          ],
          [
            127.0266291,
            37.4994235
          ]
        ],
        "type": "LineString"
      },
      "id": "2280678683->11183748447",
      "properties": {
        "capacity_vph": 5400.0,
        "complexity": 0.0,
        "free_flow_min": 0.027356159315582478,
        "legal": true,
        "risk_index": 0.0,
        "source": "2280678683",
        "target": "11183748447"
      },
      "type": "Feature"
    },
    {
      "geometry": {
        "coordinates": [
          [
            127.0267729,
            37.4994695
          ],
          [
            127.0268383,
            37.49934
          ]
        ],
        "type": "LineString"
      },
      "id": "2280678683->11847324496",
      "properties": {
        "capacity_vph": 9000.0,
        "complexity": 0.0,
        "free_flow_min": 0.018615074210643515,
        "legal": true,
        "risk_index": 0.0,
        "source": "2280678683",
        "target": "11847324496"
      },
      "type": "Feature"
    },
    {
      "geometry": {
        "coordinates": [
          [
            127.0328273,
            37.4994654
          ],
          [
            127.033126,
            37.4995568
          ]
        ],
        "type": "LineString"
      },
      "id": "2280678689->7561738192",
      "properties": {
        "capacity_vph": 1800.0,
        "complexity": 0.0,
        "free_flow_min": 0.028242604043054776,
        "legal": true,
        "risk_index": 0.0,
        "source": "2280678689",
        "target": "7561738192"
      },
      "type": "Feature"
    },
    {
      "geometry": {
        "coordinates": [
          [
            127.0269934,
            37.499549
          ],
          [
            127.0269681,
            37.4996021
          ]
        ],
        "type": "LineString"
      },
      "id": "2280678694->12741729344",
      "properties": {
        "capacity_vph": 7200.0,
        "complexity": 0.0,
        "free_flow_min": 0.006312212130318788,
        "legal": true,
        "risk_index": 0.0,
        "source": "2280678694",
        "target": "12741729344"
      },
      "type": "Feature"
    },
    {
      "geometry": {
        "coordinates": [
          [
            127.0269934,
            37.499549
          ],
          [
            127.0271093,
            37.4995861
          ]
        ],
        "type": "LineString"
      },
      "id": "2280678694->9632500737",
      "properties": {
        "capacity_vph": 1800.0,
        "complexity": 0.0,
        "free_flow_min": 0.022050572016033384,
        "legal": true,
        "risk_index": 0.0,
        "source": "2280678694",
        "target": "9632500737"
      },
      "type": "Feature"
    },
    {
      "geometry": {
        "coordinates": [
          [
            127.0339983,
            37.4998173
          ],
          [
            127.0355318,
            37.5002757
          ]
        ],
        "type": "LineString"
      },
      "id": "2280678699->4332497687",
      "properties": {
        "capacity_vph": 1800.0,
        "complexity": 0.0,
        "free_flow_min": 0.1445648155016392,
        "legal": true,
        "risk_index": 0.0,
        "source": "2280678699",
        "target": "4332497687"
      },
      "type": "Feature"
    },
    {
      "geometry": {
        "coordinates": [
          [
            127.0339114,
            37.4999818
          ],
          [
            127.0330459,
            37.49972
          ]
        ],
        "type": "LineString"
      },
      "id": "2280678705->7561738193",
      "properties": {
        "capacity_vph": 9000.0,
        "complexity": 0.0,
        "free_flow_min": 0.08171330388579162,
        "legal": true,
        "risk_index": 0.0,
        "source": "2280678705",
        "target": "7561738193"
      },
      "type": "Feature"
    },
    {
      "geometry": {
        "coordinates": [
          [
            127.0356986,
            37.5003255
          ],
          [
            127.0359367,
            37.5003987
          ]
        ],
        "type": "LineString"
      },
      "id": "2280678711->8556713272",
      "properties": {
        "capacity_vph": 1800.0,
        "complexity": 0.0,
        "free_flow_min": 0.022526304628241338,
        "legal": true,
        "risk_index": 0.0,
        "source": "2280678711",
        "target": "8556713272"
      },
      "type": "Feature"
    },
    {
      "geometry": {
        "coordinates": [
          [
            127.0355884,
            37.5005054
          ],
          [
            127.0354358,
            37.5004578
          ]
        ],
        "type": "LineString"
      },
      "id": "2280678716->4332497685",
      "properties": {
        "capacity_vph": 9000.0,
        "complexity": 0.0,
        "free_flow_min": 0.014464971085745446,
        "legal": true,
        "risk_index": 0.0,
        "source": "2280678716",
        "target": "4332497685"
      },
      "type": "Feature"
    },
    {
      "geometry": {
        "coordinates": [
          [
            127.0369107,
            37.5009049
          ],
          [
            127.0366468,
            37.5008276
          ]
        ],
        "type": "LineString"
      },
      "id": "2280678732->9889607776",
      "properties": {
        "capacity_vph": 9000.0,
        "complexity": 0.0,
        "free_flow_min": 0.024816283861900414,
        "legal": true,
        "risk_index": 0.0,
        "source": "2280678732",
        "target": "9889607776"
      },
      "type": "Feature"
    },
    {
      "geometry": {
        "coordinates": [
          [
            127.0262358,
            37.5012243
          ],
          [
            127.0260358,
            37.5016386
          ]
        ],
        "type": "LineString"
      },
      "id": "2280678745->3146844229",
      "properties": {
        "capacity_vph": 14400.0,
        "complexity": 0.0,
        "free_flow_min": 0.059197222204293035,
        "legal": true,
        "risk_index": 0.0,
        "source": "2280678745",
        "target": "3146844229"
      },
      "type": "Feature"
    },
    {
      "geometry": {
        "coordinates": [
          [
            127.0262358,
            37.5012243
          ],
          [
            127.0263057,
            37.5012818
          ]
        ],
        "type": "LineString"
      },
      "id": "2280678745->9632500744",
      "properties": {
        "capacity_vph": 1800.0,
        "complexity": 0.0,
        "free_flow_min": 0.017765407991393874,
        "legal": true,
        "risk_index": 0.0,
        "source": "2280678745",
        "target": "9632500744"
      },
      "type": "Feature"
    },
    {
      "geometry": {
        "coordinates": [
          [
            127.0253225,
            37.5025398
          ],
          [
            127.0255616,
            37.5019597
          ]
        ],
        "type": "LineString"
      },
      "id": "2280678787->3827608168",
      "properties": {
        "capacity_vph": 14400.0,
        "complexity": 0.0,
        "free_flow_min": 0.06786512180971103,
        "legal": true,
        "risk_index": 0.0,
        "source": "2280678787",
        "target": "3827608168"
      },
      "type": "Feature"
    },
    {
      "geometry": {
        "coordinates": [
          [
            127.0346502,
            37.5002125
          ],
          [
            127.0339114,
            37.4999818
          ]
        ],
        "type": "LineString"
      },
      "id": "2477255860->2280678705",
      "properties": {
        "capacity_vph": 9000.0,
        "complexity": 0.0,
        "free_flow_min": 0.07004136757594671,
        "legal": true,
        "risk_index": 0.0,
        "source": "2477255860",
        "target": "2280678705"
      },
      "type": "Feature"
    },
    {
      "geometry": {
        "coordinates": [
          [
            127.029425,
            37.5022566
          ],
          [
            127.0295344,
            37.5019777
          ]
        ],
        "type": "LineString"
      },
      "id": "2477260899->1326174809",
      "properties": {
        "capacity_vph": 1800.0,
        "complexity": 0.0,
        "free_flow_min": 0.06495840430445445,
        "legal": true,
        "risk_index": 0.0,
        "source": "2477260899",
        "target": "1326174809"
      },
      "type": "Feature"
    },
    {
      "geometry": {
        "coordinates": [
          [
            127.029425,
            37.5022566
          ],
          [
            127.0292689,
            37.5025809
          ]
        ],
        "type": "LineString"
      },
      "id": "2477260899->4182408150",
      "properties": {
        "capacity_vph": 1800.0,
        "complexity": 0.0,
        "free_flow_min": 0.07720060704150616,
        "legal": true,
        "risk_index": 0.0,
        "source": "2477260899",
        "target": "4182408150"
      },
      "type": "Feature"
    },
    {
      "geometry": {
        "coordinates": [
          [
            127.0296546,
            37.4999781
          ],
          [
            127.0292627,
            37.4998485
          ]
        ],
        "type": "LineString"
      },
      "id": "2477260912->1430656062",
      "properties": {
        "capacity_vph": 1800.0,
        "complexity": 0.0,
        "free_flow_min": 0.11236655799769503,
        "legal": true,
        "risk_index": 0.0,
        "source": "2477260912",
        "target": "1430656062"
      },
      "type": "Feature"
    },
    {
      "geometry": {
        "coordinates": [
          [
            127.0296546,
            37.4999781
          ],
          [
            127.0291024,
            37.5011272
          ]
        ],
        "type": "LineString"
      },
      "id": "2477260912->5376448906",
      "properties": {
        "capacity_vph": 1800.0,
        "complexity": 0.0,
        "free_flow_min": 0.27349022274386,
        "legal": true,
        "risk_index": 0.0,
        "source": "2477260912",
        "target": "5376448906"
      },
      "type": "Feature"
    },
    {
      "geometry": {
        "coordinates": [
          [
            127.0296546,
            37.4999781
          ],
          [
            127.0297266,
            37.499829
          ]
        ],
        "type": "LineString"
      },
      "id": "2477260912->5376448907",
      "properties": {
        "capacity_vph": 1800.0,
        "complexity": 0.0,
        "free_flow_min": 0.03550845785239607,
        "legal": true,
        "risk_index": 0.0,
        "source": "2477260912",
        "target": "5376448907"
      },
      "type": "Feature"
    },
    {
      "geometry": {
        "coordinates": [
          [
            127.0274709,
            37.5001711
          ],
          [
            127.0272634,
            37.5006152
          ]
        ],
        "type": "LineString"
      },
      "id": "2477260915->1430674331",
      "properties": {
        "capacity_vph": 1800.0,
        "complexity": 0.0,
        "free_flow_min": 0.10533045483983233,
        "legal": true,
        "risk_index": 0.0,
        "source": "2477260915",
        "target": "1430674331"
      },
      "type": "Feature"
    },
    {
      "geometry": {
        "coordinates": [
          [
            127.0274709,
            37.5001711
          ],
          [
            127.02767,
            37.4997601
          ]
        ],
        "type": "LineString"
      },
      "id": "2477260915->1430674339",
      "properties": {
        "capacity_vph": 1800.0,
        "complexity": 0.0,
        "free_flow_min": 0.09792021511676548,
        "legal": true,
        "risk_index": 0.0,
        "source": "2477260915",
        "target": "1430674339"
      },
      "type": "Feature"
    },
    {
      "geometry": {
        "coordinates": [
          [
            127.0274709,
            37.5001711
          ],
          [
            127.0278724,
            37.5002985
          ]
        ],
        "type": "LineString"
      },
      "id": "2477260915->3103169129",
      "properties": {
        "capacity_vph": 1800.0,
        "complexity": 0.0,
        "free_flow_min": 0.11444081719147943,
        "legal": true,
        "risk_index": 0.0,
        "source": "2477260915",
        "target": "3103169129"
      },
      "type": "Feature"
    },
    {
      "geometry": {
        "coordinates": [
          [
            127.0281278,
            37.4987722
          ],
          [
            127.0296209,
            37.4992073
          ]
        ],
        "type": "LineString"
      },
      "id": "2477260916->1430656077",
      "properties": {
        "capacity_vph": 1800.0,
        "complexity": 0.0,
        "free_flow_min": 0.28064568515086113,
        "legal": true,
        "risk_index": 0.0,
        "source": "2477260916",
        "target": "1430656077"
      },
      "type": "Feature"
    },
    {
      "geometry": {
        "coordinates": [
          [
            127.0281278,
            37.4987722
          ],
          [
            127.0279418,
            37.4991826
          ]
        ],
        "type": "LineString"
      },
      "id": "2477260916->3058389834",
      "properties": {
        "capacity_vph": 1800.0,
        "complexity": 0.0,
        "free_flow_min": 0.09698960090213109,
        "legal": true,
        "risk_index": 0.0,
        "source": "2477260916",
        "target": "3058389834"
      },
      "type": "Feature"
    },
    {
      "geometry": {
        "coordinates": [
          [
            127.0281278,
            37.4987722
          ],
          [
            127.0277664,
            37.4986596
          ]
        ],
        "type": "LineString"
      },
      "id": "2477260916->3827606147",
      "properties": {
        "capacity_vph": 1800.0,
        "complexity": 0.0,
        "free_flow_min": 0.06850510055064457,
        "legal": true,
        "risk_index": 0.0,
        "source": "2477260916",
        "target": "3827606147"
      },
      "type": "Feature"
    },
    {
      "geometry": {
        "coordinates": [
          [
            127.0281278,
            37.4987722
          ],
          [
            127.0282953,
            37.4984336
          ]
        ],
        "type": "LineString"
      },
      "id": "2477260916->9632500724",
      "properties": {
        "capacity_vph": 1800.0,
        "complexity": 0.0,
        "free_flow_min": 0.0808930236129956,
        "legal": true,
        "risk_index": 0.0,
        "source": "2477260916",
        "target": "9632500724"
      },
      "type": "Feature"
    },
    {
      "geometry": {
        "coordinates": [
          [
            127.0289525,
            37.5006385
          ],
          [
            127.0289007,
            37.5007949
          ]
        ],
        "type": "LineString"
      },
      "id": "2477260917->1326174865",
      "properties": {
        "capacity_vph": 1800.0,
        "complexity": 0.0,
        "free_flow_min": 0.03596247925580422,
        "legal": true,
        "risk_index": 0.0,
        "source": "2477260917",
        "target": "1326174865"
      },
      "type": "Feature"
    },
    {
      "geometry": {
        "coordinates": [
          [
            127.0289525,
            37.5006385
          ],
          [
            127.0279564,
            37.5003231
          ]
        ],
        "type": "LineString"
      },
      "id": "2477260917->3827606154",
      "properties": {
        "capacity_vph": 1800.0,
        "complexity": 0.0,
        "free_flow_min": 0.28383748991740493,
        "legal": true,
        "risk_index": 0.0,
        "source": "2477260917",
        "target": "3827606154"
      },
      "type": "Feature"
    },
    {
      "geometry": {
        "coordinates": [
          [
            127.0279062,
            37.5007993
          ],
          [
            127.0277737,
            37.5010867
          ]
        ],
        "type": "LineString"
      },
      "id": "2477260918->1326174750",
      "properties": {
        "capacity_vph": 1800.0,
        "complexity": 0.0,
        "free_flow_min": 0.06805595006561121,
        "legal": true,
        "risk_index": 0.0,
        "source": "2477260918",
        "target": "1326174750"
      },
      "type": "Feature"
    },
    {
      "geometry": {
        "coordinates": [
          [
            127.0279062,
            37.5007993
          ],
          [
            127.0277568,
            37.500757
          ]
        ],
        "type": "LineString"
      },
      "id": "2477260918->3827606156",
      "properties": {
        "capacity_vph": 1800.0,
        "complexity": 0.0,
        "free_flow_min": 0.016792374502134718,
        "legal": true,
        "risk_index": 0.0,
        "source": "2477260918",
        "target": "3827606156"
      },
      "type": "Feature"
    },
    {
      "geometry": {
        "coordinates": [
          [
            127.0276545,
            37.5013373
          ],
          [
            127.0275058,
            37.5016863
          ]
        ],
        "type": "LineString"
      },
      "id": "2477260919->1326174844",
      "properties": {
        "capacity_vph": 1800.0,
        "complexity": 0.0,
        "free_flow_min": 0.08192828902626655,
        "legal": true,
        "risk_index": 0.0,
        "source": "2477260919",
        "target": "1326174844"
      },
      "type": "Feature"
    },
    {
      "geometry": {
        "coordinates": [
          [
            127.0276545,
            37.5013373
          ],
          [
            127.028792,
            37.5016814
          ]
        ],
        "type": "LineString"
      },
      "id": "2477260919->4182408168",
      "properties": {
        "capacity_vph": 1800.0,
        "complexity": 0.0,
        "free_flow_min": 0.21478432034838763,
        "legal": true,
        "risk_index": 0.0,
        "source": "2477260919",
        "target": "4182408168"
      },
      "type": "Feature"
    },
    {
      "geometry": {
        "coordinates": [
          [
            127.0276545,
            37.5013373
          ],
          [
            127.0277433,
            37.5011302
          ]
        ],
        "type": "LineString"
      },
      "id": "2477260919->5376449360",
      "properties": {
        "capacity_vph": 1800.0,
        "complexity": 0.0,
        "free_flow_min": 0.048648790281688024,
        "legal": true,
        "risk_index": 0.0,
        "source": "2477260919",
        "target": "5376449360"
      },
      "type": "Feature"
    },
    {
      "geometry": {
        "coordinates": [
          [
            127.0274875,
            37.4984961
          ],
          [
            127.0273284,
            37.4988374
          ]
        ],
        "type": "LineString"
      },
      "id": "2477260921->11170694839",
      "properties": {
        "capacity_vph": 7200.0,
        "complexity": 0.0,
        "free_flow_min": 0.04046315214886057,
        "legal": true,
        "risk_index": 0.0,
        "source": "2477260921",
        "target": "11170694839"
      },
      "type": "Feature"
    },
    {
      "geometry": {
        "coordinates": [
          [
            127.0275934,
            37.4983913
          ],
          [
            127.0274875,
            37.4984961
          ]
        ],
        "type": "LineString"
      },
      "id": "2477260922->2477260921",
      "properties": {
        "capacity_vph": 1800.0,
        "complexity": 0.0,
        "free_flow_min": 0.029871595403184917,
        "legal": true,
        "risk_index": 0.0,
        "source": "2477260922",
        "target": "2477260921"
      },
      "type": "Feature"
    },
    {
      "geometry": {
        "coordinates": [
          [
            127.0327485,
            37.4996292
          ],
          [
            127.0312231,
            37.4991493
          ]
        ],
        "type": "LineString"
      },
      "id": "2477260930->9889607762",
      "properties": {
        "capacity_vph": 9000.0,
        "complexity": 0.0,
        "free_flow_min": 0.14476158062436176,
        "legal": true,
        "risk_index": 0.0,
        "source": "2477260930",
        "target": "9889607762"
      },
      "type": "Feature"
    },
    {
      "geometry": {
        "coordinates": [
          [
            127.0322757,
            37.5006072
          ],
          [
            127.0327521,
            37.5007725
          ]
        ],
        "type": "LineString"
      },
      "id": "2477260931->2477260932",
      "properties": {
        "capacity_vph": 1800.0,
        "complexity": 0.0,
        "free_flow_min": 0.0917397345059277,
        "legal": true,
        "risk_index": 0.0,
        "source": "2477260931",
        "target": "2477260932"
      },
      "type": "Feature"
    },
    {
      "geometry": {
        "coordinates": [
          [
            127.0327521,
            37.5007725
          ],
          [
            127.032825,
            37.5007881
          ]
        ],
        "type": "LineString"
      },
      "id": "2477260932->7506138982",
      "properties": {
        "capacity_vph": 1800.0,
        "complexity": 0.0,
        "free_flow_min": 0.013321579655055985,
        "legal": true,
        "risk_index": 0.0,
        "source": "2477260932",
        "target": "7506138982"
      },
      "type": "Feature"
    },
    {
      "geometry": {
        "coordinates": [
          [
            127.0330742,
            37.5007301
          ],
          [
            127.033365,
            37.5006703
          ]
        ],
        "type": "LineString"
      },
      "id": "2477260934->5416057365",
      "properties": {
        "capacity_vph": 1800.0,
        "complexity": 0.0,
        "free_flow_min": 0.05300208017378364,
        "legal": true,
        "risk_index": 0.0,
        "source": "2477260934",
        "target": "5416057365"
      },
      "type": "Feature"
    },
    {
      "geometry": {
        "coordinates": [
          [
            127.0287388,
            37.5031165
          ],
          [
            127.0281465,
            37.5024295
          ]
        ],
        "type": "LineString"
      },
      "id": "2477261466->1326174819",
      "properties": {
        "capacity_vph": 1800.0,
        "complexity": 0.0,
        "free_flow_min": 0.1851004488522747,
        "legal": true,
        "risk_index": 0.0,
        "source": "2477261466",
        "target": "1326174819"
      },
      "type": "Feature"
    },
    {
      "geometry": {
        "coordinates": [
          [
            127.0287388,
            37.5031165
          ],
          [
            127.0287642,
            37.5031468
          ]
        ],
        "type": "LineString"
      },
      "id": "2477261466->7502771407",
      "properties": {
        "capacity_vph": 1800.0,
        "complexity": 0.0,
        "free_flow_min": 0.008092453075836774,
        "legal": true,
        "risk_index": 0.0,
        "source": "2477261466",
        "target": "7502771407"
      },
      "type": "Feature"
    },
    {
      "geometry": {
        "coordinates": [
          [
            127.0282061,
            37.503442
          ],
          [
            127.027595,
            37.5027424
          ]
        ],
        "type": "LineString"
      },
      "id": "2477261473->1326174791",
      "properties": {
        "capacity_vph": 1800.0,
        "complexity": 0.0,
        "free_flow_min": 0.18928909412830713,
        "legal": true,
        "risk_index": 0.0,
        "source": "2477261473",
        "target": "1326174791"
      },
      "type": "Feature"
    },
    {
      "geometry": {
        "coordinates": [
          [
            127.0282061,
            37.503442
          ],
          [
            127.0286256,
            37.503966
          ]
        ],
        "type": "LineString"
      },
      "id": "2477261473->4182408144",
      "properties": {
        "capacity_vph": 1800.0,
        "complexity": 0.0,
        "free_flow_min": 0.1380483505952215,
        "legal": true,
        "risk_index": 0.0,
        "source": "2477261473",
        "target": "4182408144"
      },
      "type": "Feature"
    },
    {
      "geometry": {
        "coordinates": [
          [
            127.0284946,
            37.4982952
          ],
          [
            127.0282528,
            37.4982198
          ]
        ],
        "type": "LineString"
      },
      "id": "2624215076->13512291956",
      "properties": {
        "capacity_vph": 9000.0,
        "complexity": 0.0,
        "free_flow_min": 0.022919869998244274,
        "legal": true,
        "risk_index": 0.0,
        "source": "2624215076",
        "target": "13512291956"
      },
      "type": "Feature"
    },
    {
      "geometry": {
        "coordinates": [
          [
            127.0284946,
            37.4982952
          ],
          [
            127.0282155,
            37.4982636
          ]
        ],
        "type": "LineString"
      },
      "id": "2624215076->9230557518",
      "properties": {
        "capacity_vph": 1800.0,
        "complexity": 0.0,
        "free_flow_min": 0.04974277507110873,
        "legal": true,
        "risk_index": 0.0,
        "source": "2624215076",
        "target": "9230557518"
      },
      "type": "Feature"
    },
    {
      "geometry": {
        "coordinates": [
          [
            127.0276806,
            37.4980478
          ],
          [
            127.0276176,
            37.4980286
          ]
        ],
        "type": "LineString"
      },
      "id": "2624215077->11174484637",
      "properties": {
        "capacity_vph": 1800.0,
        "complexity": 0.0,
        "free_flow_min": 0.005953764714459385,
        "legal": true,
        "risk_index": 0.0,
        "source": "2624215077",
        "target": "11174484637"
      },
      "type": "Feature"
    },
    {
      "geometry": {
        "coordinates": [
          [
            127.0276806,
            37.4980478
          ],
          [
            127.0276405,
            37.4981694
          ]
        ],
        "type": "LineString"
      },
      "id": "2624215077->11847324474",
      "properties": {
        "capacity_vph": 5400.0,
        "complexity": 0.0,
        "free_flow_min": 0.01397643341377312,
        "legal": true,
        "risk_index": 0.0,
        "source": "2624215077",
        "target": "11847324474"
      },
      "type": "Feature"
    },
    {
      "geometry": {
        "coordinates": [
          [
            127.0255187,
            37.4963641
          ],
          [
            127.0256533,
            37.4960758
          ]
        ],
        "type": "LineString"
      },
      "id": "2690624934->9621002369",
      "properties": {
        "capacity_vph": 3600.0,
        "complexity": 0.0,
        "free_flow_min": 0.10255842507237226,
        "legal": true,
        "risk_index": 0.0,
        "source": "2690624934",
        "target": "9621002369"
      },
      "type": "Feature"
    },
    {
      "geometry": {
        "coordinates": [
          [
            127.0255187,
            37.4963641
          ],
          [
            127.0252093,
            37.4970268
          ]
        ],
        "type": "LineString"
      },
      "id": "2690624934->9621002490",
      "properties": {
        "capacity_vph": 3600.0,
        "complexity": 0.0,
        "free_flow_min": 0.23574565120568514,
        "legal": true,
        "risk_index": 0.0,
        "source": "2690624934",
        "target": "9621002490"
      },
      "type": "Feature"
    },
    {
      "geometry": {
        "coordinates": [
          [
            127.0263396,
            37.4965785
          ],
          [
            127.0264768,
            37.4963072
          ]
        ],
        "type": "LineString"
      },
      "id": "2690624936->9621002492",
      "properties": {
        "capacity_vph": 7200.0,
        "complexity": 0.0,
        "free_flow_min": 0.06500975379458107,
        "legal": true,
        "risk_index": 0.0,
        "source": "2690624936",
        "target": "9621002492"
      },
      "type": "Feature"
    },
    {
      "geometry": {
        "coordinates": [
          [
            127.0263396,
            37.4965785
          ],
          [
            127.0262448,
            37.4967772
          ]
        ],
        "type": "LineString"
      },
      "id": "2690624936->9621002493",
      "properties": {
        "capacity_vph": 7200.0,
        "complexity": 0.0,
        "free_flow_min": 0.04724873625362013,
        "legal": true,
        "risk_index": 0.0,
        "source": "2690624936",
        "target": "9621002493"
      },
      "type": "Feature"
    },
    {
      "geometry": {
        "coordinates": [
          [
            127.0258925,
            37.4955636
          ],
          [
            127.0258596,
            37.4956341
          ]
        ],
        "type": "LineString"
      },
      "id": "2690624940->9623430996",
      "properties": {
        "capacity_vph": 3600.0,
        "complexity": 0.0,
        "free_flow_min": 0.02507800007646132,
        "legal": true,
        "risk_index": 0.0,
        "source": "2690624940",
        "target": "9623430996"
      },
      "type": "Feature"
    },
    {
      "geometry": {
        "coordinates": [
          [
            127.0262967,
            37.501057
          ],
          [
            127.0262358,
            37.5012243
          ]
        ],
        "type": "LineString"
      },
      "id": "3054698233->2280678745",
      "properties": {
        "capacity_vph": 14400.0,
        "complexity": 0.0,
        "free_flow_min": 0.02323576887402065,
        "legal": true,
        "risk_index": 0.0,
        "source": "3054698233",
        "target": "2280678745"
      },
      "type": "Feature"
    },
    {
      "geometry": {
        "coordinates": [
          [
            127.0260403,
            37.5009804
          ],
          [
            127.026158,
            37.5007139
          ]
        ],
        "type": "LineString"
      },
      "id": "3054698333->3112723452",
      "properties": {
        "capacity_vph": 14400.0,
        "complexity": 0.0,
        "free_flow_min": 0.037679824268993536,
        "legal": true,
        "risk_index": 0.0,
        "source": "3054698333",
        "target": "3112723452"
      },
      "type": "Feature"
    },
    {
      "geometry": {
        "coordinates": [
          [
            127.0279418,
            37.4991826
          ],
          [
            127.0278926,
            37.4992816
          ]
        ],
        "type": "LineString"
      },
      "id": "3058389834->1430656081",
      "properties": {
        "capacity_vph": 1800.0,
        "complexity": 0.0,
        "free_flow_min": 0.0236661222470627,
        "legal": true,
        "risk_index": 0.0,
        "source": "3058389834",
        "target": "1430656081"
      },
      "type": "Feature"
    },
    {
      "geometry": {
        "coordinates": [
          [
            127.0279418,
            37.4991826
          ],
          [
            127.0281278,
            37.4987722
          ]
        ],
        "type": "LineString"
      },
      "id": "3058389834->2477260916",
      "properties": {
        "capacity_vph": 1800.0,
        "complexity": 0.0,
        "free_flow_min": 0.09698960090213109,
        "legal": true,
        "risk_index": 0.0,
        "source": "3058389834",
        "target": "2477260916"
      },
      "type": "Feature"
    },
    {
      "geometry": {
        "coordinates": [
          [
            127.0277302,
            37.4979234
          ],
          [
            127.0277003,
            37.4979888
          ]
        ],
        "type": "LineString"
      },
      "id": "3089780830->11034387027",
      "properties": {
        "capacity_vph": 1800.0,
        "complexity": 0.0,
        "free_flow_min": 0.007735765260630753,
        "legal": true,
        "risk_index": 0.0,
        "source": "3089780830",
        "target": "11034387027"
      },
      "type": "Feature"
    },
    {
      "geometry": {
        "coordinates": [
          [
            127.0277302,
            37.4979234
          ],
          [
            127.0280084,
            37.4980086
          ]
        ],
        "type": "LineString"
      },
      "id": "3089780830->13512291964",
      "properties": {
        "capacity_vph": 5400.0,
        "complexity": 0.0,
        "free_flow_min": 0.026307683241658497,
        "legal": true,
        "risk_index": 0.0,
        "source": "3089780830",
        "target": "13512291964"
      },
      "type": "Feature"
    },
    {
      "geometry": {
        "coordinates": [
          [
            127.0274725,
            37.4979843
          ],
          [
            127.0275016,
            37.4979253
          ]
        ],
        "type": "LineString"
      },
      "id": "3089780834->11034387028",
      "properties": {
        "capacity_vph": 1800.0,
        "complexity": 0.0,
        "free_flow_min": 0.007044907743030226,
        "legal": true,
        "risk_index": 0.0,
        "source": "3089780834",
        "target": "11034387028"
      },
      "type": "Feature"
    },
    {
      "geometry": {
        "coordinates": [
          [
            127.0274725,
            37.4979843
          ],
          [
            127.0269036,
            37.497806
          ]
        ],
        "type": "LineString"
      },
      "id": "3089780834->8489896381",
      "properties": {
        "capacity_vph": 5400.0,
        "complexity": 0.0,
        "free_flow_min": 0.0539621613661743,
        "legal": true,
        "risk_index": 0.0,
        "source": "3089780834",
        "target": "8489896381"
      },
      "type": "Feature"
    },
    {
      "geometry": {
        "coordinates": [
          [
            127.0284387,
            37.4981414
          ],
          [
            127.0287197,
            37.498225
          ]
        ],
        "type": "LineString"
      },
      "id": "3089780836->3144848932",
      "properties": {
        "capacity_vph": 7200.0,
        "complexity": 0.0,
        "free_flow_min": 0.02647521556669197,
        "legal": true,
        "risk_index": 0.0,
        "source": "3089780836",
        "target": "3144848932"
      },
      "type": "Feature"
    },
    {
      "geometry": {
        "coordinates": [
          [
            127.0279697,
            37.4982561
          ],
          [
            127.0279212,
            37.498259
          ]
        ],
        "type": "LineString"
      },
      "id": "3089780838->11170694840",
      "properties": {
        "capacity_vph": 1800.0,
        "complexity": 0.0,
        "free_flow_min": 0.008581516310260884,
        "legal": true,
        "risk_index": 0.0,
        "source": "3089780838",
        "target": "11170694840"
      },
      "type": "Feature"
    },
    {
      "geometry": {
        "coordinates": [
          [
            127.0264051,
            37.4976567
          ],
          [
            127.0259134,
            37.4975028
          ]
        ],
        "type": "LineString"
      },
      "id": "3089780840->1906756396",
      "properties": {
        "capacity_vph": 1800.0,
        "complexity": 0.0,
        "free_flow_min": 0.0466312867662025,
        "legal": true,
        "risk_index": 0.0,
        "source": "3089780840",
        "target": "1906756396"
      },
      "type": "Feature"
    },
    {
      "geometry": {
        "coordinates": [
          [
            127.0264051,
            37.4976567
          ],
          [
            127.0257067,
            37.4991293
          ]
        ],
        "type": "LineString"
      },
      "id": "3089780840->3089780842",
      "properties": {
        "capacity_vph": 1800.0,
        "complexity": 0.0,
        "free_flow_min": 0.524860771854462,
        "legal": true,
        "risk_index": 0.0,
        "source": "3089780840",
        "target": "3089780842"
      },
      "type": "Feature"
    },
    {
      "geometry": {
        "coordinates": [
          [
            127.0257067,
            37.4991293
          ],
          [
            127.0256899,
            37.4991654
          ]
        ],
        "type": "LineString"
      },
      "id": "3089780842->12061673705",
      "properties": {
        "capacity_vph": 1800.0,
        "complexity": 0.0,
        "free_flow_min": 0.012837002429977548,
        "legal": true,
        "risk_index": 0.0,
        "source": "3089780842",
        "target": "12061673705"
      },
      "type": "Feature"
    },
    {
      "geometry": {
        "coordinates": [
          [
            127.0257067,
            37.4991293
          ],
          [
            127.0252056,
            37.4989723
          ]
        ],
        "type": "LineString"
      },
      "id": "3089780842->4944067989",
      "properties": {
        "capacity_vph": 5400.0,
        "complexity": 0.0,
        "free_flow_min": 0.0950567741428708,
        "legal": true,
        "risk_index": 0.0,
        "source": "3089780842",
        "target": "4944067989"
      },
      "type": "Feature"
    },
    {
      "geometry": {
        "coordinates": [
          [
            127.0257067,
            37.4991293
          ],
          [
            127.0260778,
            37.4992455
          ]
        ],
        "type": "LineString"
      },
      "id": "3089780842->4946614556",
      "properties": {
        "capacity_vph": 5400.0,
        "complexity": 0.0,
        "free_flow_min": 0.07039047013467765,
        "legal": true,
        "risk_index": 0.0,
        "source": "3089780842",
        "target": "4946614556"
      },
      "type": "Feature"
    },
    {
      "geometry": {
        "coordinates": [
          [
            127.0250866,
            37.4972561
          ],
          [
            127.0250541,
            37.4973224
          ]
        ],
        "type": "LineString"
      },
      "id": "3089780844->9608955342",
      "properties": {
        "capacity_vph": 1800.0,
        "complexity": 0.0,
        "free_flow_min": 0.023730439218189726,
        "legal": true,
        "risk_index": 0.0,
        "source": "3089780844",
        "target": "9608955342"
      },
      "type": "Feature"
    },
    {
      "geometry": {
        "coordinates": [
          [
            127.0250866,
            37.4972561
          ],
          [
            127.0243847,
            37.4970337
          ]
        ],
        "type": "LineString"
      },
      "id": "3089780844->9711448901",
      "properties": {
        "capacity_vph": 1800.0,
        "complexity": 0.0,
        "free_flow_min": 0.06667743616028143,
        "legal": true,
        "risk_index": 0.0,
        "source": "3089780844",
        "target": "9711448901"
      },
      "type": "Feature"
    },
    {
      "geometry": {
        "coordinates": [
          [
            127.0271574,
            37.4979697
          ],
          [
            127.0270856,
            37.4979193
          ]
        ],
        "type": "LineString"
      },
      "id": "3101785826->9230557521",
      "properties": {
        "capacity_vph": 1800.0,
        "complexity": 0.0,
        "free_flow_min": 0.016914954944589375,
        "legal": true,
        "risk_index": 0.0,
        "source": "3101785826",
        "target": "9230557521"
      },
      "type": "Feature"
    },
    {
      "geometry": {
        "coordinates": [
          [
            127.027231,
            37.4980832
          ],
          [
            127.0272022,
            37.4980265
          ]
        ],
        "type": "LineString"
      },
      "id": "3101785827->9230542315",
      "properties": {
        "capacity_vph": 1800.0,
        "complexity": 0.0,
        "free_flow_min": 0.013594888284896864,
        "legal": true,
        "risk_index": 0.0,
        "source": "3101785827",
        "target": "9230542315"
      },
      "type": "Feature"
    },
    {
      "geometry": {
        "coordinates": [
          [
            127.0272538,
            37.4982784
          ],
          [
            127.0272513,
            37.4981939
          ]
        ],
        "type": "LineString"
      },
      "id": "3101785828->7838702928",
      "properties": {
        "capacity_vph": 1800.0,
        "complexity": 0.0,
        "free_flow_min": 0.018797144661665797,
        "legal": true,
        "risk_index": 0.0,
        "source": "3101785828",
        "target": "7838702928"
      },
      "type": "Feature"
    },
    {
      "geometry": {
        "coordinates": [
          [
            127.0272447,
            37.4984526
          ],
          [
            127.0274215,
            37.4980948
          ]
        ],
        "type": "LineString"
      },
      "id": "3101791329->11183748445",
      "properties": {
        "capacity_vph": 9000.0,
        "complexity": 0.0,
        "free_flow_min": 0.05128037132975558,
        "legal": true,
        "risk_index": 0.0,
        "source": "3101791329",
        "target": "11183748445"
      },
      "type": "Feature"
    },
    {
      "geometry": {
        "coordinates": [
          [
            127.0272447,
            37.4984526
          ],
          [
            127.0272538,
            37.4982784
          ]
        ],
        "type": "LineString"
      },
      "id": "3101791329->3101785828",
      "properties": {
        "capacity_vph": 1800.0,
        "complexity": 0.0,
        "free_flow_min": 0.038773623190325,
        "legal": true,
        "risk_index": 0.0,
        "source": "3101791329",
        "target": "3101785828"
      },
      "type": "Feature"
    },
    {
      "geometry": {
        "coordinates": [
          [
            127.0278724,
            37.5002985
          ],
          [
            127.0280578,
            37.4998794
          ]
        ],
        "type": "LineString"
      },
      "id": "3103169129->1430674300",
      "properties": {
        "capacity_vph": 1800.0,
        "complexity": 0.0,
        "free_flow_min": 0.14816576391994493,
        "legal": true,
        "risk_index": 0.0,
        "source": "3103169129",
        "target": "1430674300"
      },
      "type": "Feature"
    },
    {
      "geometry": {
        "coordinates": [
          [
            127.0278724,
            37.5002985
          ],
          [
            127.0274709,
            37.5001711
          ]
        ],
        "type": "LineString"
      },
      "id": "3103169129->2477260915",
      "properties": {
        "capacity_vph": 1800.0,
        "complexity": 0.0,
        "free_flow_min": 0.11444081719147943,
        "legal": true,
        "risk_index": 0.0,
        "source": "3103169129",
        "target": "2477260915"
      },
      "type": "Feature"
    },
    {
      "geometry": {
        "coordinates": [
          [
            127.0278724,
            37.5002985
          ],
          [
            127.0279564,
            37.5003231
          ]
        ],
        "type": "LineString"
      },
      "id": "3103169129->3827606154",
      "properties": {
        "capacity_vph": 1800.0,
        "complexity": 0.0,
        "free_flow_min": 0.02369685071647811,
        "legal": true,
        "risk_index": 0.0,
        "source": "3103169129",
        "target": "3827606154"
      },
      "type": "Feature"
    },
    {
      "geometry": {
        "coordinates": [
          [
            127.026158,
            37.5007139
          ],
          [
            127.0263114,
            37.500403
          ]
        ],
        "type": "LineString"
      },
      "id": "3112723452->12741729343",
      "properties": {
        "capacity_vph": 14400.0,
        "complexity": 0.0,
        "free_flow_min": 0.044549721558162114,
        "legal": true,
        "risk_index": 0.0,
        "source": "3112723452",
        "target": "12741729343"
      },
      "type": "Feature"
    },
    {
      "geometry": {
        "coordinates": [
          [
            127.0287197,
            37.498225
          ],
          [
            127.0294169,
            37.4984367
          ]
        ],
        "type": "LineString"
      },
      "id": "3144848932->2280678660",
      "properties": {
        "capacity_vph": 7200.0,
        "complexity": 0.0,
        "free_flow_min": 0.06585705306439682,
        "legal": true,
        "risk_index": 0.0,
        "source": "3144848932",
        "target": "2280678660"
      },
      "type": "Feature"
    },
    {
      "geometry": {
        "coordinates": [
          [
            127.028497,
            37.4963267
          ],
          [
            127.0279938,
            37.4973486
          ]
        ],
        "type": "LineString"
      },
      "id": "3144858729->5930940986",
      "properties": {
        "capacity_vph": 9000.0,
        "complexity": 0.0,
        "free_flow_min": 0.12199402975205725,
        "legal": true,
        "risk_index": 0.0,
        "source": "3144858729",
        "target": "5930940986"
      },
      "type": "Feature"
    },
    {
      "geometry": {
        "coordinates": [
          [
            127.0302159,
            37.4968648
          ],
          [
            127.0306291,
            37.4959657
          ]
        ],
        "type": "LineString"
      },
      "id": "3144858730->3825549698",
      "properties": {
        "capacity_vph": 1800.0,
        "complexity": 0.0,
        "free_flow_min": 0.21282783490211027,
        "legal": true,
        "risk_index": 0.0,
        "source": "3144858730",
        "target": "3825549698"
      },
      "type": "Feature"
    },
    {
      "geometry": {
        "coordinates": [
          [
            127.0302159,
            37.4968648
          ],
          [
            127.0296411,
            37.4979909
          ]
        ],
        "type": "LineString"
      },
      "id": "3144858730->8494348181",
      "properties": {
        "capacity_vph": 1800.0,
        "complexity": 0.0,
        "free_flow_min": 0.2701897970742864,
        "legal": true,
        "risk_index": 0.0,
        "source": "3144858730",
        "target": "8494348181"
      },
      "type": "Feature"
    },
    {
      "geometry": {
        "coordinates": [
          [
            127.0257598,
            37.5015446
          ],
          [
            127.0260403,
            37.5009804
          ]
        ],
        "type": "LineString"
      },
      "id": "3146844230->3054698333",
      "properties": {
        "capacity_vph": 14400.0,
        "complexity": 0.0,
        "free_flow_min": 0.06743979910635452,
        "legal": true,
        "risk_index": 0.0,
        "source": "3146844230",
        "target": "3054698333"
      },
      "type": "Feature"
    },
    {
      "geometry": {
        "coordinates": [
          [
            127.0306291,
            37.4959657
          ],
          [
            127.0302159,
            37.4968648
          ]
        ],
        "type": "LineString"
      },
      "id": "3825549698->3144858730",
      "properties": {
        "capacity_vph": 1800.0,
        "complexity": 0.0,
        "free_flow_min": 0.21282783490211027,
        "legal": true,
        "risk_index": 0.0,
        "source": "3825549698",
        "target": "3144858730"
      },
      "type": "Feature"
    },
    {
      "geometry": {
        "coordinates": [
          [
            127.0306291,
            37.4959657
          ],
          [
            127.0309798,
            37.4952174
          ]
        ],
        "type": "LineString"
      },
      "id": "3825549698->4184048892",
      "properties": {
        "capacity_vph": 1800.0,
        "complexity": 0.0,
        "free_flow_min": 0.17754667401594526,
        "legal": true,
        "risk_index": 0.0,
        "source": "3825549698",
        "target": "4184048892"
      },
      "type": "Feature"
    },
    {
      "geometry": {
        "coordinates": [
          [
            127.0256821,
            37.4960141
          ],
          [
            127.0256533,
            37.4960758
          ]
        ],
        "type": "LineString"
      },
      "id": "3825549702->9621002369",
      "properties": {
        "capacity_vph": 3600.0,
        "complexity": 0.0,
        "free_flow_min": 0.02194829342157304,
        "legal": true,
        "risk_index": 0.0,
        "source": "3825549702",
        "target": "9621002369"
      },
      "type": "Feature"
    },
    {
      "geometry": {
        "coordinates": [
          [
            127.0256821,
            37.4960141
          ],
          [
            127.0258596,
            37.4956341
          ]
        ],
        "type": "LineString"
      },
      "id": "3825549702->9623430996",
      "properties": {
        "capacity_vph": 3600.0,
        "complexity": 0.0,
        "free_flow_min": 0.13518747225602462,
        "legal": true,
        "risk_index": 0.0,
        "source": "3825549702",
        "target": "9623430996"
      },
      "type": "Feature"
    },
    {
      "geometry": {
        "coordinates": [
          [
            127.026492,
            37.4962741
          ],
          [
            127.0266977,
            37.495807
          ]
        ],
        "type": "LineString"
      },
      "id": "3825549715->571447794",
      "properties": {
        "capacity_vph": 7200.0,
        "complexity": 0.0,
        "free_flow_min": 0.11003642173548318,
        "legal": true,
        "risk_index": 0.0,
        "source": "3825549715",
        "target": "571447794"
      },
      "type": "Feature"
    },
    {
      "geometry": {
        "coordinates": [
          [
            127.026492,
            37.4962741
          ],
          [
            127.0264768,
            37.4963072
          ]
        ],
        "type": "LineString"
      },
      "id": "3825549715->9621002492",
      "properties": {
        "capacity_vph": 7200.0,
        "complexity": 0.0,
        "free_flow_min": 0.007834459179316381,
        "legal": true,
        "risk_index": 0.0,
        "source": "3825549715",
        "target": "9621002492"
      },
      "type": "Feature"
    },
    {
      "geometry": {
        "coordinates": [
          [
            127.0302498,
            37.4986872
          ],
          [
            127.0308964,
            37.4988829
          ]
        ],
        "type": "LineString"
      },
      "id": "3825549802->9889607765",
      "properties": {
        "capacity_vph": 1800.0,
        "complexity": 0.0,
        "free_flow_min": 0.061051857284471815,
        "legal": true,
        "risk_index": 0.0,
        "source": "3825549802",
        "target": "9889607765"
      },
      "type": "Feature"
    },
    {
      "geometry": {
        "coordinates": [
          [
            127.0267222,
            37.4980741
          ],
          [
            127.0262974,
            37.4989631
          ]
        ],
        "type": "LineString"
      },
      "id": "3827606145->4946614549",
      "properties": {
        "capacity_vph": 1800.0,
        "complexity": 0.0,
        "free_flow_min": 0.31715267028341537,
        "legal": true,
        "risk_index": 0.0,
        "source": "3827606145",
        "target": "4946614549"
      },
      "type": "Feature"
    },
    {
      "geometry": {
        "coordinates": [
          [
            127.0277664,
            37.4986596
          ],
          [
            127.0281278,
            37.4987722
          ]
        ],
        "type": "LineString"
      },
      "id": "3827606147->2477260916",
      "properties": {
        "capacity_vph": 1800.0,
        "complexity": 0.0,
        "free_flow_min": 0.06850510055064457,
        "legal": true,
        "risk_index": 0.0,
        "source": "3827606147",
        "target": "2477260916"
      },
      "type": "Feature"
    },
    {
      "geometry": {
        "coordinates": [
          [
            127.0279564,
            37.5003231
          ],
          [
            127.0289525,
            37.5006385
          ]
        ],
        "type": "LineString"
      },
      "id": "3827606154->2477260917",
      "properties": {
        "capacity_vph": 1800.0,
        "complexity": 0.0,
        "free_flow_min": 0.28383748991740493,
        "legal": true,
        "risk_index": 0.0,
        "source": "3827606154",
        "target": "2477260917"
      },
      "type": "Feature"
    },
    {
      "geometry": {
        "coordinates": [
          [
            127.0279564,
            37.5003231
          ],
          [
            127.0278724,
            37.5002985
          ]
        ],
        "type": "LineString"
      },
      "id": "3827606154->3103169129",
      "properties": {
        "capacity_vph": 1800.0,
        "complexity": 0.0,
        "free_flow_min": 0.02369685071647811,
        "legal": true,
        "risk_index": 0.0,
        "source": "3827606154",
        "target": "3103169129"
      },
      "type": "Feature"
    },
    {
      "geometry": {
        "coordinates": [
          [
            127.0279564,
            37.5003231
          ],
          [
            127.0277568,
            37.500757
          ]
        ],
        "type": "LineString"
      },
      "id": "3827606154->3827606156",
      "properties": {
        "capacity_vph": 1800.0,
        "complexity": 0.0,
        "free_flow_min": 0.15408049977166727,
        "legal": true,
        "risk_index": 0.0,
        "source": "3827606154",
        "target": "3827606156"
      },
      "type": "Feature"
    },
    {
      "geometry": {
        "coordinates": [
          [
            127.0265817,
            37.5004088
          ],
          [
            127.0262967,
            37.501057
          ]
        ],
        "type": "LineString"
      },
      "id": "3827606155->3054698233",
      "properties": {
        "capacity_vph": 14400.0,
        "complexity": 0.0,
        "free_flow_min": 0.09160287395393064,
        "legal": true,
        "risk_index": 0.0,
        "source": "3827606155",
        "target": "3054698233"
      },
      "type": "Feature"
    },
    {
      "geometry": {
        "coordinates": [
          [
            127.0277568,
            37.500757
          ],
          [
            127.0272634,
            37.5006152
          ]
        ],
        "type": "LineString"
      },
      "id": "3827606156->1430674331",
      "properties": {
        "capacity_vph": 1800.0,
        "complexity": 0.0,
        "free_flow_min": 0.05555252918733845,
        "legal": true,
        "risk_index": 0.0,
        "source": "3827606156",
        "target": "1430674331"
      },
      "type": "Feature"
    },
    {
      "geometry": {
        "coordinates": [
          [
            127.0277568,
            37.500757
          ],
          [
            127.0279564,
            37.5003231
          ]
        ],
        "type": "LineString"
      },
      "id": "3827606156->3827606154",
      "properties": {
        "capacity_vph": 1800.0,
        "complexity": 0.0,
        "free_flow_min": 0.15408049977166727,
        "legal": true,
        "risk_index": 0.0,
        "source": "3827606156",
        "target": "3827606154"
      },
      "type": "Feature"
    },
    {
      "geometry": {
        "coordinates": [
          [
            127.0270942,
            37.5009652
          ],
          [
            127.0267333,
            37.5017209
          ]
        ],
        "type": "LineString"
      },
      "id": "3827608157->1430656087",
      "properties": {
        "capacity_vph": 1800.0,
        "complexity": 0.0,
        "free_flow_min": 0.17971813568972703,
        "legal": true,
        "risk_index": 0.0,
        "source": "3827608157",
        "target": "1430656087"
      },
      "type": "Feature"
    },
    {
      "geometry": {
        "coordinates": [
          [
            127.0270942,
            37.5009652
          ],
          [
            127.0272634,
            37.5006152
          ]
        ],
        "type": "LineString"
      },
      "id": "3827608157->1430674331",
      "properties": {
        "capacity_vph": 1800.0,
        "complexity": 0.0,
        "free_flow_min": 0.08336480110101681,
        "legal": true,
        "risk_index": 0.0,
        "source": "3827608157",
        "target": "1430674331"
      },
      "type": "Feature"
    },
    {
      "geometry": {
        "coordinates": [
          [
            127.0270942,
            37.5009652
          ],
          [
            127.0274996,
            37.5010712
          ]
        ],
        "type": "LineString"
      },
      "id": "3827608157->3827608160",
      "properties": {
        "capacity_vph": 1800.0,
        "complexity": 0.0,
        "free_flow_min": 0.07530989383844534,
        "legal": true,
        "risk_index": 0.0,
        "source": "3827608157",
        "target": "3827608160"
      },
      "type": "Feature"
    },
    {
      "geometry": {
        "coordinates": [
          [
            127.028726,
            37.5009845
          ],
          [
            127.0285963,
            37.500992
          ]
        ],
        "type": "LineString"
      },
      "id": "3827608158->1430674316",
      "properties": {
        "capacity_vph": 1800.0,
        "complexity": 0.0,
        "free_flow_min": 0.013766333937507877,
        "legal": true,
        "risk_index": 0.0,
        "source": "3827608158",
        "target": "1430674316"
      },
      "type": "Feature"
    },
    {
      "geometry": {
        "coordinates": [
          [
            127.0274996,
            37.5010712
          ],
          [
            127.0270942,
            37.5009652
          ]
        ],
        "type": "LineString"
      },
      "id": "3827608160->3827608157",
      "properties": {
        "capacity_vph": 1800.0,
        "complexity": 0.0,
        "free_flow_min": 0.07530989383844534,
        "legal": true,
        "risk_index": 0.0,
        "source": "3827608160",
        "target": "3827608157"
      },
      "type": "Feature"
    },
    {
      "geometry": {
        "coordinates": [
          [
            127.0274996,
            37.5010712
          ],
          [
            127.0272386,
            37.50166
          ]
        ],
        "type": "LineString"
      },
      "id": "3827608160->3827608164",
      "properties": {
        "capacity_vph": 1800.0,
        "complexity": 0.0,
        "free_flow_min": 0.208206334168908,
        "legal": true,
        "risk_index": 0.0,
        "source": "3827608160",
        "target": "3827608164"
      },
      "type": "Feature"
    },
    {
      "geometry": {
        "coordinates": [
          [
            127.0274996,
            37.5010712
          ],
          [
            127.0277433,
            37.5011302
          ]
        ],
        "type": "LineString"
      },
      "id": "3827608160->5376449360",
      "properties": {
        "capacity_vph": 1800.0,
        "complexity": 0.0,
        "free_flow_min": 0.044953812140280665,
        "legal": true,
        "risk_index": 0.0,
        "source": "3827608160",
        "target": "5376449360"
      },
      "type": "Feature"
    },
    {
      "geometry": {
        "coordinates": [
          [
            127.0272386,
            37.50166
          ],
          [
            127.0274996,
            37.5010712
          ]
        ],
        "type": "LineString"
      },
      "id": "3827608164->3827608160",
      "properties": {
        "capacity_vph": 1800.0,
        "complexity": 0.0,
        "free_flow_min": 0.208206334168908,
        "legal": true,
        "risk_index": 0.0,
        "source": "3827608164",
        "target": "3827608160"
      },
      "type": "Feature"
    },
    {
      "geometry": {
        "coordinates": [
          [
            127.0272386,
            37.50166
          ],
          [
            127.0272461,
            37.5017183
          ]
        ],
        "type": "LineString"
      },
      "id": "3827608164->3827608165",
      "properties": {
        "capacity_vph": 1800.0,
        "complexity": 0.0,
        "free_flow_min": 0.01954904199674751,
        "legal": true,
        "risk_index": 0.0,
        "source": "3827608164",
        "target": "3827608165"
      },
      "type": "Feature"
    },
    {
      "geometry": {
        "coordinates": [
          [
            127.0272461,
            37.5017183
          ],
          [
            127.0272386,
            37.50166
          ]
        ],
        "type": "LineString"
      },
      "id": "3827608165->3827608164",
      "properties": {
        "capacity_vph": 1800.0,
        "complexity": 0.0,
        "free_flow_min": 0.01954904199674751,
        "legal": true,
        "risk_index": 0.0,
        "source": "3827608165",
        "target": "3827608164"
      },
      "type": "Feature"
    },
    {
      "geometry": {
        "coordinates": [
          [
            127.0255616,
            37.5019597
          ],
          [
            127.0257598,
            37.5015446
          ]
        ],
        "type": "LineString"
      },
      "id": "3827608168->3146844230",
      "properties": {
        "capacity_vph": 14400.0,
        "complexity": 0.0,
        "free_flow_min": 0.04935760295054738,
        "legal": true,
        "risk_index": 0.0,
        "source": "3827608168",
        "target": "3146844230"
      },
      "type": "Feature"
    },
    {
      "geometry": {
        "coordinates": [
          [
            127.0269904,
            37.5020422
          ],
          [
            127.027138,
            37.5022177
          ]
        ],
        "type": "LineString"
      },
      "id": "3827608169->1326174815",
      "properties": {
        "capacity_vph": 1800.0,
        "complexity": 0.0,
        "free_flow_min": 0.04691938701664614,
        "legal": true,
        "risk_index": 0.0,
        "source": "3827608169",
        "target": "1326174815"
      },
      "type": "Feature"
    },
    {
      "geometry": {
        "coordinates": [
          [
            127.0269904,
            37.5020422
          ],
          [
            127.0267333,
            37.5017209
          ]
        ],
        "type": "LineString"
      },
      "id": "3827608169->1430656087",
      "properties": {
        "capacity_vph": 1800.0,
        "complexity": 0.0,
        "free_flow_min": 0.08463569416961722,
        "legal": true,
        "risk_index": 0.0,
        "source": "3827608169",
        "target": "1430656087"
      },
      "type": "Feature"
    },
    {
      "geometry": {
        "coordinates": [
          [
            127.0286256,
            37.503966
          ],
          [
            127.0282061,
            37.503442
          ]
        ],
        "type": "LineString"
      },
      "id": "4182408144->2477261473",
      "properties": {
        "capacity_vph": 1800.0,
        "complexity": 0.0,
        "free_flow_min": 0.1380483505952215,
        "legal": true,
        "risk_index": 0.0,
        "source": "4182408144",
        "target": "2477261473"
      },
      "type": "Feature"
    },
    {
      "geometry": {
        "coordinates": [
          [
            127.0292689,
            37.5025809
          ],
          [
            127.029425,
            37.5022566
          ]
        ],
        "type": "LineString"
      },
      "id": "4182408150->2477260899",
      "properties": {
        "capacity_vph": 1800.0,
        "complexity": 0.0,
        "free_flow_min": 0.07720060704150616,
        "legal": true,
        "risk_index": 0.0,
        "source": "4182408150",
        "target": "2477260899"
      },
      "type": "Feature"
    },
    {
      "geometry": {
        "coordinates": [
          [
            127.0307206,
            37.5054801
          ],
          [
            127.0304434,
            37.5051169
          ]
        ],
        "type": "LineString"
      },
      "id": "4182408161->1326174914",
      "properties": {
        "capacity_vph": 1800.0,
        "complexity": 0.0,
        "free_flow_min": 0.0944231808152596,
        "legal": true,
        "risk_index": 0.0,
        "source": "4182408161",
        "target": "1326174914"
      },
      "type": "Feature"
    },
    {
      "geometry": {
        "coordinates": [
          [
            127.028792,
            37.5016814
          ],
          [
            127.0295244,
            37.5019193
          ]
        ],
        "type": "LineString"
      },
      "id": "4182408168->1326174912",
      "properties": {
        "capacity_vph": 1800.0,
        "complexity": 0.0,
        "free_flow_min": 0.139628710268042,
        "legal": true,
        "risk_index": 0.0,
        "source": "4182408168",
        "target": "1326174912"
      },
      "type": "Feature"
    },
    {
      "geometry": {
        "coordinates": [
          [
            127.028792,
            37.5016814
          ],
          [
            127.0289071,
            37.5014235
          ]
        ],
        "type": "LineString"
      },
      "id": "4182408168->1326174919",
      "properties": {
        "capacity_vph": 1800.0,
        "complexity": 0.0,
        "free_flow_min": 0.09126497563707715,
        "legal": true,
        "risk_index": 0.0,
        "source": "4182408168",
        "target": "1326174919"
      },
      "type": "Feature"
    },
    {
      "geometry": {
        "coordinates": [
          [
            127.028792,
            37.5016814
          ],
          [
            127.0276545,
            37.5013373
          ]
        ],
        "type": "LineString"
      },
      "id": "4182408168->2477260919",
      "properties": {
        "capacity_vph": 1800.0,
        "complexity": 0.0,
        "free_flow_min": 0.21478432034838763,
        "legal": true,
        "risk_index": 0.0,
        "source": "4182408168",
        "target": "2477260919"
      },
      "type": "Feature"
    },
    {
      "geometry": {
        "coordinates": [
          [
            127.0309798,
            37.4952174
          ],
          [
            127.0306291,
            37.4959657
          ]
        ],
        "type": "LineString"
      },
      "id": "4184048892->3825549698",
      "properties": {
        "capacity_vph": 1800.0,
        "complexity": 0.0,
        "free_flow_min": 0.17754667401594526,
        "legal": true,
        "risk_index": 0.0,
        "source": "4184048892",
        "target": "3825549698"
      },
      "type": "Feature"
    },
    {
      "geometry": {
        "coordinates": [
          [
            127.0354358,
            37.5004578
          ],
          [
            127.0346502,
            37.5002125
          ]
        ],
        "type": "LineString"
      },
      "id": "4332497685->2477255860",
      "properties": {
        "capacity_vph": 9000.0,
        "complexity": 0.0,
        "free_flow_min": 0.07447743348946986,
        "legal": true,
        "risk_index": 0.0,
        "source": "4332497685",
        "target": "2477255860"
      },
      "type": "Feature"
    },
    {
      "geometry": {
        "coordinates": [
          [
            127.0355318,
            37.5002757
          ],
          [
            127.0356986,
            37.5003255
          ]
        ],
        "type": "LineString"
      },
      "id": "4332497687->2280678711",
      "properties": {
        "capacity_vph": 1800.0,
        "complexity": 0.0,
        "free_flow_min": 0.015722009903244863,
        "legal": true,
        "risk_index": 0.0,
        "source": "4332497687",
        "target": "2280678711"
      },
      "type": "Feature"
    },
    {
      "geometry": {
        "coordinates": [
          [
            127.028743,
            37.4958431
          ],
          [
            127.028497,
            37.4963267
          ]
        ],
        "type": "LineString"
      },
      "id": "4865883250->3144858729",
      "properties": {
        "capacity_vph": 9000.0,
        "complexity": 0.0,
        "free_flow_min": 0.05798823976085503,
        "legal": true,
        "risk_index": 0.0,
        "source": "4865883250",
        "target": "3144858729"
      },
      "type": "Feature"
    },
    {
      "geometry": {
        "coordinates": [
          [
            127.0268379,
            37.4998762
          ],
          [
            127.0265817,
            37.5004088
          ]
        ],
        "type": "LineString"
      },
      "id": "4867295778->3827606155",
      "properties": {
        "capacity_vph": 14400.0,
        "complexity": 0.0,
        "free_flow_min": 0.07606633716320285,
        "legal": true,
        "risk_index": 0.0,
        "source": "4867295778",
        "target": "3827606155"
      },
      "type": "Feature"
    },
    {
      "geometry": {
        "coordinates": [
          [
            127.0252056,
            37.4989723
          ],
          [
            127.0251813,
            37.4990227
          ]
        ],
        "type": "LineString"
      },
      "id": "4944067989->12061673697",
      "properties": {
        "capacity_vph": 1800.0,
        "complexity": 0.0,
        "free_flow_min": 0.012000478880188271,
        "legal": true,
        "risk_index": 0.0,
        "source": "4944067989",
        "target": "12061673697"
      },
      "type": "Feature"
    },
    {
      "geometry": {
        "coordinates": [
          [
            127.0252056,
            37.4989723
          ],
          [
            127.025242,
            37.4988965
          ]
        ],
        "type": "LineString"
      },
      "id": "4944067989->12061673699",
      "properties": {
        "capacity_vph": 1800.0,
        "complexity": 0.0,
        "free_flow_min": 0.018039127168975082,
        "legal": true,
        "risk_index": 0.0,
        "source": "4944067989",
        "target": "12061673699"
      },
      "type": "Feature"
    },
    {
      "geometry": {
        "coordinates": [
          [
            127.0252056,
            37.4989723
          ],
          [
            127.0243657,
            37.498725
          ]
        ],
        "type": "LineString"
      },
      "id": "4944067989->1906756262",
      "properties": {
        "capacity_vph": 5400.0,
        "complexity": 0.0,
        "free_flow_min": 0.15806553443902058,
        "legal": true,
        "risk_index": 0.0,
        "source": "4944067989",
        "target": "1906756262"
      },
      "type": "Feature"
    },
    {
      "geometry": {
        "coordinates": [
          [
            127.0252056,
            37.4989723
          ],
          [
            127.0257067,
            37.4991293
          ]
        ],
        "type": "LineString"
      },
      "id": "4944067989->3089780842",
      "properties": {
        "capacity_vph": 5400.0,
        "complexity": 0.0,
        "free_flow_min": 0.0950567741428708,
        "legal": true,
        "risk_index": 0.0,
        "source": "4944067989",
        "target": "3089780842"
      },
      "type": "Feature"
    },
    {
      "geometry": {
        "coordinates": [
          [
            127.0262974,
            37.4989631
          ],
          [
            127.0267222,
            37.4980741
          ]
        ],
        "type": "LineString"
      },
      "id": "4946614549->3827606145",
      "properties": {
        "capacity_vph": 1800.0,
        "complexity": 0.0,
        "free_flow_min": 0.31715267028341537,
        "legal": true,
        "risk_index": 0.0,
        "source": "4946614549",
        "target": "3827606145"
      },
      "type": "Feature"
    },
    {
      "geometry": {
        "coordinates": [
          [
            127.0262974,
            37.4989631
          ],
          [
            127.0262794,
            37.4989991
          ]
        ],
        "type": "LineString"
      },
      "id": "4946614549->4946614562",
      "properties": {
        "capacity_vph": 1800.0,
        "complexity": 0.0,
        "free_flow_min": 0.0129194176635868,
        "legal": true,
        "risk_index": 0.0,
        "source": "4946614549",
        "target": "4946614562"
      },
      "type": "Feature"
    },
    {
      "geometry": {
        "coordinates": [
          [
            127.0260422,
            37.4995232
          ],
          [
            127.0260667,
            37.4994776
          ]
        ],
        "type": "LineString"
      },
      "id": "4946614550->11183748451",
      "properties": {
        "capacity_vph": 1800.0,
        "complexity": 0.0,
        "free_flow_min": 0.016535763926130435,
        "legal": true,
        "risk_index": 0.0,
        "source": "4946614550",
        "target": "11183748451"
      },
      "type": "Feature"
    },
    {
      "geometry": {
        "coordinates": [
          [
            127.0260736,
            37.4994544
          ],
          [
            127.0260634,
            37.4994074
          ]
        ],
        "type": "LineString"
      },
      "id": "4946614551->4946614552",
      "properties": {
        "capacity_vph": 1800.0,
        "complexity": 0.0,
        "free_flow_min": 0.015909200064988843,
        "legal": true,
        "risk_index": 0.0,
        "source": "4946614551",
        "target": "4946614552"
      },
      "type": "Feature"
    },
    {
      "geometry": {
        "coordinates": [
          [
            127.0260634,
            37.4994074
          ],
          [
            127.0260554,
            37.4993787
          ]
        ],
        "type": "LineString"
      },
      "id": "4946614552->4946614553",
      "properties": {
        "capacity_vph": 1800.0,
        "complexity": 0.0,
        "free_flow_min": 0.009805209525741244,
        "legal": true,
        "risk_index": 0.0,
        "source": "4946614552",
        "target": "4946614553"
      },
      "type": "Feature"
    },
    {
      "geometry": {
        "coordinates": [
          [
            127.0260554,
            37.4993787
          ],
          [
            127.0260454,
            37.4993547
          ]
        ],
        "type": "LineString"
      },
      "id": "4946614553->11183748452",
      "properties": {
        "capacity_vph": 1800.0,
        "complexity": 0.0,
        "free_flow_min": 0.00843213502795022,
        "legal": true,
        "risk_index": 0.0,
        "source": "4946614553",
        "target": "11183748452"
      },
      "type": "Feature"
    },
    {
      "geometry": {
        "coordinates": [
          [
            127.0260407,
            37.4993371
          ],
          [
            127.026048,
            37.4993057
          ]
        ],
        "type": "LineString"
      },
      "id": "4946614554->4946614555",
      "properties": {
        "capacity_vph": 1800.0,
        "complexity": 0.0,
        "free_flow_min": 0.010651256293521878,
        "legal": true,
        "risk_index": 0.0,
        "source": "4946614554",
        "target": "4946614555"
      },
      "type": "Feature"
    },
    {
      "geometry": {
        "coordinates": [
          [
            127.026048,
            37.4993057
          ],
          [
            127.0260778,
            37.4992455
          ]
        ],
        "type": "LineString"
      },
      "id": "4946614555->4946614556",
      "properties": {
        "capacity_vph": 1800.0,
        "complexity": 0.0,
        "free_flow_min": 0.02157497630867149,
        "legal": true,
        "risk_index": 0.0,
        "source": "4946614555",
        "target": "4946614556"
      },
      "type": "Feature"
    },
    {
      "geometry": {
        "coordinates": [
          [
            127.0260778,
            37.4992455
          ],
          [
            127.0266291,
            37.4994235
          ]
        ],
        "type": "LineString"
      },
      "id": "4946614556->11183748447",
      "properties": {
        "capacity_vph": 5400.0,
        "complexity": 0.0,
        "free_flow_min": 0.10501547596592203,
        "legal": true,
        "risk_index": 0.0,
        "source": "4946614556",
        "target": "11183748447"
      },
      "type": "Feature"
    },
    {
      "geometry": {
        "coordinates": [
          [
            127.0260778,
            37.4992455
          ],
          [
            127.0261129,
            37.4991776
          ]
        ],
        "type": "LineString"
      },
      "id": "4946614556->11183748453",
      "properties": {
        "capacity_vph": 1800.0,
        "complexity": 0.0,
        "free_flow_min": 0.02448130514093978,
        "legal": true,
        "risk_index": 0.0,
        "source": "4946614556",
        "target": "11183748453"
      },
      "type": "Feature"
    },
    {
      "geometry": {
        "coordinates": [
          [
            127.0260778,
            37.4992455
          ],
          [
            127.0257067,
            37.4991293
          ]
        ],
        "type": "LineString"
      },
      "id": "4946614556->3089780842",
      "properties": {
        "capacity_vph": 5400.0,
        "complexity": 0.0,
        "free_flow_min": 0.07039047013467765,
        "legal": true,
        "risk_index": 0.0,
        "source": "4946614556",
        "target": "3089780842"
      },
      "type": "Feature"
    },
    {
      "geometry": {
        "coordinates": [
          [
            127.0262009,
            37.4991038
          ],
          [
            127.0262298,
            37.4990676
          ]
        ],
        "type": "LineString"
      },
      "id": "4946614559->4946614560",
      "properties": {
        "capacity_vph": 1800.0,
        "complexity": 0.0,
        "free_flow_min": 0.014294203470940741,
        "legal": true,
        "risk_index": 0.0,
        "source": "4946614559",
        "target": "4946614560"
      },
      "type": "Feature"
    },
    {
      "geometry": {
        "coordinates": [
          [
            127.0262009,
            37.4991038
          ],
          [
            127.0261724,
            37.499139
          ]
        ],
        "type": "LineString"
      },
      "id": "4946614559->4946614561",
      "properties": {
        "capacity_vph": 1800.0,
        "complexity": 0.0,
        "free_flow_min": 0.013956027693314091,
        "legal": true,
        "risk_index": 0.0,
        "source": "4946614559",
        "target": "4946614561"
      },
      "type": "Feature"
    },
    {
      "geometry": {
        "coordinates": [
          [
            127.0262298,
            37.4990676
          ],
          [
            127.0262009,
            37.4991038
          ]
        ],
        "type": "LineString"
      },
      "id": "4946614560->4946614559",
      "properties": {
        "capacity_vph": 1800.0,
        "complexity": 0.0,
        "free_flow_min": 0.014294203470940741,
        "legal": true,
        "risk_index": 0.0,
        "source": "4946614560",
        "target": "4946614559"
      },
      "type": "Feature"
    },
    {
      "geometry": {
        "coordinates": [
          [
            127.0262298,
            37.4990676
          ],
          [
            127.0262565,
            37.4990321
          ]
        ],
        "type": "LineString"
      },
      "id": "4946614560->4946614563",
      "properties": {
        "capacity_vph": 1800.0,
        "complexity": 0.0,
        "free_flow_min": 0.013790274951422446,
        "legal": true,
        "risk_index": 0.0,
        "source": "4946614560",
        "target": "4946614563"
      },
      "type": "Feature"
    },
    {
      "geometry": {
        "coordinates": [
          [
            127.0261724,
            37.499139
          ],
          [
            127.0261455,
            37.4991579
          ]
        ],
        "type": "LineString"
      },
      "id": "4946614561->11183748454",
      "properties": {
        "capacity_vph": 1800.0,
        "complexity": 0.0,
        "free_flow_min": 0.009509621902290384,
        "legal": true,
        "risk_index": 0.0,
        "source": "4946614561",
        "target": "11183748454"
      },
      "type": "Feature"
    },
    {
      "geometry": {
        "coordinates": [
          [
            127.0261724,
            37.499139
          ],
          [
            127.0262009,
            37.4991038
          ]
        ],
        "type": "LineString"
      },
      "id": "4946614561->4946614559",
      "properties": {
        "capacity_vph": 1800.0,
        "complexity": 0.0,
        "free_flow_min": 0.013956027693314091,
        "legal": true,
        "risk_index": 0.0,
        "source": "4946614561",
        "target": "4946614559"
      },
      "type": "Feature"
    },
    {
      "geometry": {
        "coordinates": [
          [
            127.0262794,
            37.4989991
          ],
          [
            127.0262974,
            37.4989631
          ]
        ],
        "type": "LineString"
      },
      "id": "4946614562->4946614549",
      "properties": {
        "capacity_vph": 1800.0,
        "complexity": 0.0,
        "free_flow_min": 0.0129194176635868,
        "legal": true,
        "risk_index": 0.0,
        "source": "4946614562",
        "target": "4946614549"
      },
      "type": "Feature"
    },
    {
      "geometry": {
        "coordinates": [
          [
            127.0262794,
            37.4989991
          ],
          [
            127.0262565,
            37.4990321
          ]
        ],
        "type": "LineString"
      },
      "id": "4946614562->4946614563",
      "properties": {
        "capacity_vph": 1800.0,
        "complexity": 0.0,
        "free_flow_min": 0.0125663705413109,
        "legal": true,
        "risk_index": 0.0,
        "source": "4946614562",
        "target": "4946614563"
      },
      "type": "Feature"
    },
    {
      "geometry": {
        "coordinates": [
          [
            127.0262565,
            37.4990321
          ],
          [
            127.0262298,
            37.4990676
          ]
        ],
        "type": "LineString"
      },
      "id": "4946614563->4946614560",
      "properties": {
        "capacity_vph": 1800.0,
        "complexity": 0.0,
        "free_flow_min": 0.013790274951422446,
        "legal": true,
        "risk_index": 0.0,
        "source": "4946614563",
        "target": "4946614560"
      },
      "type": "Feature"
    },
    {
      "geometry": {
        "coordinates": [
          [
            127.0262565,
            37.4990321
          ],
          [
            127.0262794,
            37.4989991
          ]
        ],
        "type": "LineString"
      },
      "id": "4946614563->4946614562",
      "properties": {
        "capacity_vph": 1800.0,
        "complexity": 0.0,
        "free_flow_min": 0.0125663705413109,
        "legal": true,
        "risk_index": 0.0,
        "source": "4946614563",
        "target": "4946614562"
      },
      "type": "Feature"
    },
    {
      "geometry": {
        "coordinates": [
          [
            127.0248409,
            37.4977623
          ],
          [
            127.024403,
            37.4986494
          ]
        ],
        "type": "LineString"
      },
      "id": "4959609718->12061673690",
      "properties": {
        "capacity_vph": 1800.0,
        "complexity": 0.0,
        "free_flow_min": 0.31780809974161034,
        "legal": true,
        "risk_index": 0.0,
        "source": "4959609718",
        "target": "12061673690"
      },
      "type": "Feature"
    },
    {
      "geometry": {
        "coordinates": [
          [
            127.0248409,
            37.4977623
          ],
          [
            127.025046,
            37.4973392
          ]
        ],
        "type": "LineString"
      },
      "id": "4959609718->12061682124",
      "properties": {
        "capacity_vph": 1800.0,
        "complexity": 0.0,
        "free_flow_min": 0.15121831216096543,
        "legal": true,
        "risk_index": 0.0,
        "source": "4959609718",
        "target": "12061682124"
      },
      "type": "Feature"
    },
    {
      "geometry": {
        "coordinates": [
          [
            127.0277227,
            37.4974536
          ],
          [
            127.0279146,
            37.4970649
          ]
        ],
        "type": "LineString"
      },
      "id": "4984342399->11179628429",
      "properties": {
        "capacity_vph": 7200.0,
        "complexity": 0.0,
        "free_flow_min": 0.046418822899924,
        "legal": true,
        "risk_index": 0.0,
        "source": "4984342399",
        "target": "11179628429"
      },
      "type": "Feature"
    },
    {
      "geometry": {
        "coordinates": [
          [
            127.0318261,
            37.5004714
          ],
          [
            127.0322757,
            37.5006072
          ]
        ],
        "type": "LineString"
      },
      "id": "5376448169->2477260931",
      "properties": {
        "capacity_vph": 1800.0,
        "complexity": 0.0,
        "free_flow_min": 0.08487870710856897,
        "legal": true,
        "risk_index": 0.0,
        "source": "5376448169",
        "target": "2477260931"
      },
      "type": "Feature"
    },
    {
      "geometry": {
        "coordinates": [
          [
            127.028916,
            37.4999784
          ],
          [
            127.0288774,
            37.5000996
          ]
        ],
        "type": "LineString"
      },
      "id": "5376448877->1326174782",
      "properties": {
        "capacity_vph": 1800.0,
        "complexity": 0.0,
        "free_flow_min": 0.027800757294623182,
        "legal": true,
        "risk_index": 0.0,
        "source": "5376448877",
        "target": "1326174782"
      },
      "type": "Feature"
    },
    {
      "geometry": {
        "coordinates": [
          [
            127.0291024,
            37.5011272
          ],
          [
            127.0290685,
            37.5010742
          ]
        ],
        "type": "LineString"
      },
      "id": "5376448906->1326174741",
      "properties": {
        "capacity_vph": 1800.0,
        "complexity": 0.0,
        "free_flow_min": 0.013217353514231664,
        "legal": true,
        "risk_index": 0.0,
        "source": "5376448906",
        "target": "1326174741"
      },
      "type": "Feature"
    },
    {
      "geometry": {
        "coordinates": [
          [
            127.0291024,
            37.5011272
          ],
          [
            127.0296546,
            37.4999781
          ]
        ],
        "type": "LineString"
      },
      "id": "5376448906->2477260912",
      "properties": {
        "capacity_vph": 1800.0,
        "complexity": 0.0,
        "free_flow_min": 0.27349022274386,
        "legal": true,
        "risk_index": 0.0,
        "source": "5376448906",
        "target": "2477260912"
      },
      "type": "Feature"
    },
    {
      "geometry": {
        "coordinates": [
          [
            127.0291024,
            37.5011272
          ],
          [
            127.0293318,
            37.5014924
          ]
        ],
        "type": "LineString"
      },
      "id": "5376448906->7535662204",
      "properties": {
        "capacity_vph": 1800.0,
        "complexity": 0.0,
        "free_flow_min": 0.09074285740905047,
        "legal": true,
        "risk_index": 0.0,
        "source": "5376448906",
        "target": "7535662204"
      },
      "type": "Feature"
    },
    {
      "geometry": {
        "coordinates": [
          [
            127.0297266,
            37.499829
          ],
          [
            127.0305525,
            37.500074
          ]
        ],
        "type": "LineString"
      },
      "id": "5376448907->1430656080",
      "properties": {
        "capacity_vph": 1800.0,
        "complexity": 0.0,
        "free_flow_min": 0.15557023828686226,
        "legal": true,
        "risk_index": 0.0,
        "source": "5376448907",
        "target": "1430656080"
      },
      "type": "Feature"
    },
    {
      "geometry": {
        "coordinates": [
          [
            127.0297266,
            37.499829
          ],
          [
            127.0296546,
            37.4999781
          ]
        ],
        "type": "LineString"
      },
      "id": "5376448907->2477260912",
      "properties": {
        "capacity_vph": 1800.0,
        "complexity": 0.0,
        "free_flow_min": 0.03550845785239607,
        "legal": true,
        "risk_index": 0.0,
        "source": "5376448907",
        "target": "2477260912"
      },
      "type": "Feature"
    },
    {
      "geometry": {
        "coordinates": [
          [
            127.028967,
            37.5005082
          ],
          [
            127.0289525,
            37.5006385
          ]
        ],
        "type": "LineString"
      },
      "id": "5376449359->2477260917",
      "properties": {
        "capacity_vph": 1800.0,
        "complexity": 0.0,
        "free_flow_min": 0.029090147276543014,
        "legal": true,
        "risk_index": 0.0,
        "source": "5376449359",
        "target": "2477260917"
      },
      "type": "Feature"
    },
    {
      "geometry": {
        "coordinates": [
          [
            127.0277433,
            37.5011302
          ],
          [
            127.0277737,
            37.5010867
          ]
        ],
        "type": "LineString"
      },
      "id": "5376449360->1326174750",
      "properties": {
        "capacity_vph": 1800.0,
        "complexity": 0.0,
        "free_flow_min": 0.01106132941465179,
        "legal": true,
        "risk_index": 0.0,
        "source": "5376449360",
        "target": "1326174750"
      },
      "type": "Feature"
    },
    {
      "geometry": {
        "coordinates": [
          [
            127.0277433,
            37.5011302
          ],
          [
            127.0276545,
            37.5013373
          ]
        ],
        "type": "LineString"
      },
      "id": "5376449360->2477260919",
      "properties": {
        "capacity_vph": 1800.0,
        "complexity": 0.0,
        "free_flow_min": 0.048648790281688024,
        "legal": true,
        "risk_index": 0.0,
        "source": "5376449360",
        "target": "2477260919"
      },
      "type": "Feature"
    },
    {
      "geometry": {
        "coordinates": [
          [
            127.0277433,
            37.5011302
          ],
          [
            127.0274996,
            37.5010712
          ]
        ],
        "type": "LineString"
      },
      "id": "5376449360->3827608160",
      "properties": {
        "capacity_vph": 1800.0,
        "complexity": 0.0,
        "free_flow_min": 0.044953812140280665,
        "legal": true,
        "risk_index": 0.0,
        "source": "5376449360",
        "target": "3827608160"
      },
      "type": "Feature"
    },
    {
      "geometry": {
        "coordinates": [
          [
            127.0317448,
            37.5004457
          ],
          [
            127.0318261,
            37.5004714
          ]
        ],
        "type": "LineString"
      },
      "id": "5416056536->5376448169",
      "properties": {
        "capacity_vph": 1800.0,
        "complexity": 0.0,
        "free_flow_min": 0.01544073434946125,
        "legal": true,
        "risk_index": 0.0,
        "source": "5416056536",
        "target": "5376448169"
      },
      "type": "Feature"
    },
    {
      "geometry": {
        "coordinates": [
          [
            127.033365,
            37.5006703
          ],
          [
            127.0335238,
            37.5006413
          ]
        ],
        "type": "LineString"
      },
      "id": "5416057365->7506138981",
      "properties": {
        "capacity_vph": 1800.0,
        "complexity": 0.0,
        "free_flow_min": 0.02875016960182453,
        "legal": true,
        "risk_index": 0.0,
        "source": "5416057365",
        "target": "7506138981"
      },
      "type": "Feature"
    },
    {
      "geometry": {
        "coordinates": [
          [
            127.0285329,
            37.5000118
          ],
          [
            127.0288774,
            37.5000996
          ]
        ],
        "type": "LineString"
      },
      "id": "5540428236->1326174782",
      "properties": {
        "capacity_vph": 1800.0,
        "complexity": 0.0,
        "free_flow_min": 0.06384077763176643,
        "legal": true,
        "risk_index": 0.0,
        "source": "5540428236",
        "target": "1326174782"
      },
      "type": "Feature"
    },
    {
      "geometry": {
        "coordinates": [
          [
            127.0285329,
            37.5000118
          ],
          [
            127.0280578,
            37.4998794
          ]
        ],
        "type": "LineString"
      },
      "id": "5540428236->1430674300",
      "properties": {
        "capacity_vph": 1800.0,
        "complexity": 0.0,
        "free_flow_min": 0.08884488044752478,
        "legal": true,
        "risk_index": 0.0,
        "source": "5540428236",
        "target": "1430674300"
      },
      "type": "Feature"
    },
    {
      "geometry": {
        "coordinates": [
          [
            127.0266977,
            37.495807
          ],
          [
            127.026492,
            37.4962741
          ]
        ],
        "type": "LineString"
      },
      "id": "571447794->3825549715",
      "properties": {
        "capacity_vph": 7200.0,
        "complexity": 0.0,
        "free_flow_min": 0.11003642173548318,
        "legal": true,
        "risk_index": 0.0,
        "source": "571447794",
        "target": "3825549715"
      },
      "type": "Feature"
    },
    {
      "geometry": {
        "coordinates": [
          [
            127.027701,
            37.4961026
          ],
          [
            127.0276682,
            37.4961675
          ]
        ],
        "type": "LineString"
      },
      "id": "571448492->9711448979",
      "properties": {
        "capacity_vph": 3600.0,
        "complexity": 0.0,
        "free_flow_min": 0.023325276276470724,
        "legal": true,
        "risk_index": 0.0,
        "source": "571448492",
        "target": "9711448979"
      },
      "type": "Feature"
    },
    {
      "geometry": {
        "coordinates": [
          [
            127.0234914,
            37.4984882
          ],
          [
            127.0235226,
            37.4984905
          ]
        ],
        "type": "LineString"
      },
      "id": "571449373->12061673670",
      "properties": {
        "capacity_vph": 5400.0,
        "complexity": 0.0,
        "free_flow_min": 0.005528563912696725,
        "legal": true,
        "risk_index": 0.0,
        "source": "571449373",
        "target": "12061673670"
      },
      "type": "Feature"
    },
    {
      "geometry": {
        "coordinates": [
          [
            127.0279938,
            37.4973486
          ],
          [
            127.0283937,
            37.4980611
          ]
        ],
        "type": "LineString"
      },
      "id": "5930940986->13925231597",
      "properties": {
        "capacity_vph": 1800.0,
        "complexity": 0.0,
        "free_flow_min": 0.1734525801220249,
        "legal": true,
        "risk_index": 0.0,
        "source": "5930940986",
        "target": "13925231597"
      },
      "type": "Feature"
    },
    {
      "geometry": {
        "coordinates": [
          [
            127.0279938,
            37.4973486
          ],
          [
            127.0279245,
            37.4974989
          ]
        ],
        "type": "LineString"
      },
      "id": "5930940986->8494274559",
      "properties": {
        "capacity_vph": 9000.0,
        "complexity": 0.0,
        "free_flow_min": 0.01779574051207664,
        "legal": true,
        "risk_index": 0.0,
        "source": "5930940986",
        "target": "8494274559"
      },
      "type": "Feature"
    },
    {
      "geometry": {
        "coordinates": [
          [
            127.0275307,
            37.4978655
          ],
          [
            127.0276206,
            37.497891
          ]
        ],
        "type": "LineString"
      },
      "id": "7168335697->11179628420",
      "properties": {
        "capacity_vph": 1800.0,
        "complexity": 0.0,
        "free_flow_min": 0.008422565392128408,
        "legal": true,
        "risk_index": 0.0,
        "source": "7168335697",
        "target": "11179628420"
      },
      "type": "Feature"
    },
    {
      "geometry": {
        "coordinates": [
          [
            127.0275307,
            37.4978655
          ],
          [
            127.0276374,
            37.4976342
          ]
        ],
        "type": "LineString"
      },
      "id": "7168335697->11183748444",
      "properties": {
        "capacity_vph": 5400.0,
        "complexity": 0.0,
        "free_flow_min": 0.027387842620153653,
        "legal": true,
        "risk_index": 0.0,
        "source": "7168335697",
        "target": "11183748444"
      },
      "type": "Feature"
    },
    {
      "geometry": {
        "coordinates": [
          [
            127.0298045,
            37.5043819
          ],
          [
            127.0291964,
            37.5036461
          ]
        ],
        "type": "LineString"
      },
      "id": "7489599427->1326174709",
      "properties": {
        "capacity_vph": 1800.0,
        "complexity": 0.0,
        "free_flow_min": 0.19566836220578082,
        "legal": true,
        "risk_index": 0.0,
        "source": "7489599427",
        "target": "1326174709"
      },
      "type": "Feature"
    },
    {
      "geometry": {
        "coordinates": [
          [
            127.0298045,
            37.5043819
          ],
          [
            127.0301957,
            37.504832
          ]
        ],
        "type": "LineString"
      },
      "id": "7489599427->7516324362",
      "properties": {
        "capacity_vph": 1800.0,
        "complexity": 0.0,
        "free_flow_min": 0.12158486124527379,
        "legal": true,
        "risk_index": 0.0,
        "source": "7489599427",
        "target": "7516324362"
      },
      "type": "Feature"
    },
    {
      "geometry": {
        "coordinates": [
          [
            127.0287642,
            37.5031468
          ],
          [
            127.0287388,
            37.5031165
          ]
        ],
        "type": "LineString"
      },
      "id": "7502771407->2477261466",
      "properties": {
        "capacity_vph": 1800.0,
        "complexity": 0.0,
        "free_flow_min": 0.008092453075836774,
        "legal": true,
        "risk_index": 0.0,
        "source": "7502771407",
        "target": "2477261466"
      },
      "type": "Feature"
    },
    {
      "geometry": {
        "coordinates": [
          [
            127.0287642,
            37.5031468
          ],
          [
            127.0290595,
            37.5034817
          ]
        ],
        "type": "LineString"
      },
      "id": "7502771407->7516324360",
      "properties": {
        "capacity_vph": 1800.0,
        "complexity": 0.0,
        "free_flow_min": 0.09089174919016697,
        "legal": true,
        "risk_index": 0.0,
        "source": "7502771407",
        "target": "7516324360"
      },
      "type": "Feature"
    },
    {
      "geometry": {
        "coordinates": [
          [
            127.0335238,
            37.5006413
          ],
          [
            127.0336239,
            37.5006318
          ]
        ],
        "type": "LineString"
      },
      "id": "7506138981->2477255859",
      "properties": {
        "capacity_vph": 1800.0,
        "complexity": 0.0,
        "free_flow_min": 0.017786809217277256,
        "legal": true,
        "risk_index": 0.0,
        "source": "7506138981",
        "target": "2477255859"
      },
      "type": "Feature"
    },
    {
      "geometry": {
        "coordinates": [
          [
            127.032825,
            37.5007881
          ],
          [
            127.0330742,
            37.5007301
          ]
        ],
        "type": "LineString"
      },
      "id": "7506138982->2477260934",
      "properties": {
        "capacity_vph": 1800.0,
        "complexity": 0.0,
        "free_flow_min": 0.04581989669797773,
        "legal": true,
        "risk_index": 0.0,
        "source": "7506138982",
        "target": "2477260934"
      },
      "type": "Feature"
    },
    {
      "geometry": {
        "coordinates": [
          [
            127.0283861,
            37.5009476
          ],
          [
            127.0279062,
            37.5007993
          ]
        ],
        "type": "LineString"
      },
      "id": "7506139124->2477260918",
      "properties": {
        "capacity_vph": 1800.0,
        "complexity": 0.0,
        "free_flow_min": 0.054519714545297394,
        "legal": true,
        "risk_index": 0.0,
        "source": "7506139124",
        "target": "2477260918"
      },
      "type": "Feature"
    },
    {
      "geometry": {
        "coordinates": [
          [
            127.0287806,
            37.5009562
          ],
          [
            127.028726,
            37.5009845
          ]
        ],
        "type": "LineString"
      },
      "id": "7506139125->3827608158",
      "properties": {
        "capacity_vph": 1800.0,
        "complexity": 0.0,
        "free_flow_min": 0.006904117559342183,
        "legal": true,
        "risk_index": 0.0,
        "source": "7506139125",
        "target": "3827608158"
      },
      "type": "Feature"
    },
    {
      "geometry": {
        "coordinates": [
          [
            127.0293251,
            37.4998241
          ],
          [
            127.0292627,
            37.4998485
          ]
        ],
        "type": "LineString"
      },
      "id": "7506139126->1430656062",
      "properties": {
        "capacity_vph": 1800.0,
        "complexity": 0.0,
        "free_flow_min": 0.012274124500216187,
        "legal": true,
        "risk_index": 0.0,
        "source": "7506139126",
        "target": "1430656062"
      },
      "type": "Feature"
    },
    {
      "geometry": {
        "coordinates": [
          [
            127.0290595,
            37.5034817
          ],
          [
            127.0291964,
            37.5036461
          ]
        ],
        "type": "LineString"
      },
      "id": "7516324360->1326174709",
      "properties": {
        "capacity_vph": 1800.0,
        "complexity": 0.0,
        "free_flow_min": 0.04381841417895966,
        "legal": true,
        "risk_index": 0.0,
        "source": "7516324360",
        "target": "1326174709"
      },
      "type": "Feature"
    },
    {
      "geometry": {
        "coordinates": [
          [
            127.0290595,
            37.5034817
          ],
          [
            127.0287642,
            37.5031468
          ]
        ],
        "type": "LineString"
      },
      "id": "7516324360->7502771407",
      "properties": {
        "capacity_vph": 1800.0,
        "complexity": 0.0,
        "free_flow_min": 0.09089174919016697,
        "legal": true,
        "risk_index": 0.0,
        "source": "7516324360",
        "target": "7502771407"
      },
      "type": "Feature"
    },
    {
      "geometry": {
        "coordinates": [
          [
            127.0301957,
            37.504832
          ],
          [
            127.0304434,
            37.5051169
          ]
        ],
        "type": "LineString"
      },
      "id": "7516324362->1326174914",
      "properties": {
        "capacity_vph": 1800.0,
        "complexity": 0.0,
        "free_flow_min": 0.07696771109931107,
        "legal": true,
        "risk_index": 0.0,
        "source": "7516324362",
        "target": "1326174914"
      },
      "type": "Feature"
    },
    {
      "geometry": {
        "coordinates": [
          [
            127.0301957,
            37.504832
          ],
          [
            127.0298045,
            37.5043819
          ]
        ],
        "type": "LineString"
      },
      "id": "7516324362->7489599427",
      "properties": {
        "capacity_vph": 1800.0,
        "complexity": 0.0,
        "free_flow_min": 0.12158486124527379,
        "legal": true,
        "risk_index": 0.0,
        "source": "7516324362",
        "target": "7489599427"
      },
      "type": "Feature"
    },
    {
      "geometry": {
        "coordinates": [
          [
            127.0293318,
            37.5014924
          ],
          [
            127.0291024,
            37.5011272
          ]
        ],
        "type": "LineString"
      },
      "id": "7535662204->5376448906",
      "properties": {
        "capacity_vph": 1800.0,
        "complexity": 0.0,
        "free_flow_min": 0.09074285740905047,
        "legal": true,
        "risk_index": 0.0,
        "source": "7535662204",
        "target": "5376448906"
      },
      "type": "Feature"
    },
    {
      "geometry": {
        "coordinates": [
          [
            127.0293318,
            37.5014924
          ],
          [
            127.0294726,
            37.5017541
          ]
        ],
        "type": "LineString"
      },
      "id": "7535662204->7535662205",
      "properties": {
        "capacity_vph": 1800.0,
        "complexity": 0.0,
        "free_flow_min": 0.06327934686900925,
        "legal": true,
        "risk_index": 0.0,
        "source": "7535662204",
        "target": "7535662205"
      },
      "type": "Feature"
    },
    {
      "geometry": {
        "coordinates": [
          [
            127.0294726,
            37.5017541
          ],
          [
            127.0295244,
            37.5019193
          ]
        ],
        "type": "LineString"
      },
      "id": "7535662205->1326174912",
      "properties": {
        "capacity_vph": 1800.0,
        "complexity": 0.0,
        "free_flow_min": 0.037858496539554434,
        "legal": true,
        "risk_index": 0.0,
        "source": "7535662205",
        "target": "1326174912"
      },
      "type": "Feature"
    },
    {
      "geometry": {
        "coordinates": [
          [
            127.0294726,
            37.5017541
          ],
          [
            127.0293318,
            37.5014924
          ]
        ],
        "type": "LineString"
      },
      "id": "7535662205->7535662204",
      "properties": {
        "capacity_vph": 1800.0,
        "complexity": 0.0,
        "free_flow_min": 0.06327934686900925,
        "legal": true,
        "risk_index": 0.0,
        "source": "7535662205",
        "target": "7535662204"
      },
      "type": "Feature"
    },
    {
      "geometry": {
        "coordinates": [
          [
            127.033126,
            37.4995568
          ],
          [
            127.0339983,
            37.4998173
          ]
        ],
        "type": "LineString"
      },
      "id": "7561738192->2280678699",
      "properties": {
        "capacity_vph": 1800.0,
        "complexity": 0.0,
        "free_flow_min": 0.0822232213293826,
        "legal": true,
        "risk_index": 0.0,
        "source": "7561738192",
        "target": "2280678699"
      },
      "type": "Feature"
    },
    {
      "geometry": {
        "coordinates": [
          [
            127.0330459,
            37.49972
          ],
          [
            127.0327485,
            37.4996292
          ]
        ],
        "type": "LineString"
      },
      "id": "7561738193->2477260930",
      "properties": {
        "capacity_vph": 9000.0,
        "complexity": 0.0,
        "free_flow_min": 0.02811154977018773,
        "legal": true,
        "risk_index": 0.0,
        "source": "7561738193",
        "target": "2477260930"
      },
      "type": "Feature"
    },
    {
      "geometry": {
        "coordinates": [
          [
            127.0272513,
            37.4981939
          ],
          [
            127.0272472,
            37.498139
          ]
        ],
        "type": "LineString"
      },
      "id": "7838702928->9230557522",
      "properties": {
        "capacity_vph": 1800.0,
        "complexity": 0.0,
        "free_flow_min": 0.012230631694936604,
        "legal": true,
        "risk_index": 0.0,
        "source": "7838702928",
        "target": "9230557522"
      },
      "type": "Feature"
    },
    {
      "geometry": {
        "coordinates": [
          [
            127.0275881,
            37.4975833
          ],
          [
            127.0277227,
            37.4974536
          ]
        ],
        "type": "LineString"
      },
      "id": "8489896379->4984342399",
      "properties": {
        "capacity_vph": 1800.0,
        "complexity": 0.0,
        "free_flow_min": 0.03736284484345502,
        "legal": true,
        "risk_index": 0.0,
        "source": "8489896379",
        "target": "4984342399"
      },
      "type": "Feature"
    },
    {
      "geometry": {
        "coordinates": [
          [
            127.027348,
            37.4977036
          ],
          [
            127.0274312,
            37.4976763
          ]
        ],
        "type": "LineString"
      },
      "id": "8489896380->9230542312",
      "properties": {
        "capacity_vph": 1800.0,
        "complexity": 0.0,
        "free_flow_min": 0.015885700353882943,
        "legal": true,
        "risk_index": 0.0,
        "source": "8489896380",
        "target": "9230542312"
      },
      "type": "Feature"
    },
    {
      "geometry": {
        "coordinates": [
          [
            127.0269036,
            37.497806
          ],
          [
            127.0264051,
            37.4976567
          ]
        ],
        "type": "LineString"
      },
      "id": "8489896381->3089780840",
      "properties": {
        "capacity_vph": 7200.0,
        "complexity": 0.0,
        "free_flow_min": 0.047006683061771894,
        "legal": true,
        "risk_index": 0.0,
        "source": "8489896381",
        "target": "3089780840"
      },
      "type": "Feature"
    },
    {
      "geometry": {
        "coordinates": [
          [
            127.0283071,
            37.4981
          ],
          [
            127.0284387,
            37.4981414
          ]
        ],
        "type": "LineString"
      },
      "id": "8494274555->3089780836",
      "properties": {
        "capacity_vph": 7200.0,
        "complexity": 0.0,
        "free_flow_min": 0.01248903188128256,
        "legal": true,
        "risk_index": 0.0,
        "source": "8494274555",
        "target": "3089780836"
      },
      "type": "Feature"
    },
    {
      "geometry": {
        "coordinates": [
          [
            127.0281765,
            37.4979741
          ],
          [
            127.0283071,
            37.4981
          ]
        ],
        "type": "LineString"
      },
      "id": "8494274556->8494274555",
      "properties": {
        "capacity_vph": 1800.0,
        "complexity": 0.0,
        "free_flow_min": 0.036261743606114956,
        "legal": true,
        "risk_index": 0.0,
        "source": "8494274556",
        "target": "8494274555"
      },
      "type": "Feature"
    },
    {
      "geometry": {
        "coordinates": [
          [
            127.0280278,
            37.4977798
          ],
          [
            127.0280842,
            37.4978713
          ]
        ],
        "type": "LineString"
      },
      "id": "8494274557->9230542311",
      "properties": {
        "capacity_vph": 1800.0,
        "complexity": 0.0,
        "free_flow_min": 0.022651606665665933,
        "legal": true,
        "risk_index": 0.0,
        "source": "8494274557",
        "target": "9230542311"
      },
      "type": "Feature"
    },
    {
      "geometry": {
        "coordinates": [
          [
            127.0279709,
            37.4976549
          ],
          [
            127.0280278,
            37.4977798
          ]
        ],
        "type": "LineString"
      },
      "id": "8494274558->8494274557",
      "properties": {
        "capacity_vph": 1800.0,
        "complexity": 0.0,
        "free_flow_min": 0.029535152486386385,
        "legal": true,
        "risk_index": 0.0,
        "source": "8494274558",
        "target": "8494274557"
      },
      "type": "Feature"
    },
    {
      "geometry": {
        "coordinates": [
          [
            127.0279245,
            37.4974989
          ],
          [
            127.0277302,
            37.4979234
          ]
        ],
        "type": "LineString"
      },
      "id": "8494274559->3089780830",
      "properties": {
        "capacity_vph": 9000.0,
        "complexity": 0.0,
        "free_flow_min": 0.05021827410161649,
        "legal": true,
        "risk_index": 0.0,
        "source": "8494274559",
        "target": "3089780830"
      },
      "type": "Feature"
    },
    {
      "geometry": {
        "coordinates": [
          [
            127.0279245,
            37.4974989
          ],
          [
            127.0279619,
            37.4976276
          ]
        ],
        "type": "LineString"
      },
      "id": "8494274559->9621002504",
      "properties": {
        "capacity_vph": 1800.0,
        "complexity": 0.0,
        "free_flow_min": 0.02937246222831778,
        "legal": true,
        "risk_index": 0.0,
        "source": "8494274559",
        "target": "9621002504"
      },
      "type": "Feature"
    },
    {
      "geometry": {
        "coordinates": [
          [
            127.0304695,
            37.4982365
          ],
          [
            127.0296411,
            37.4979909
          ]
        ],
        "type": "LineString"
      },
      "id": "8494348180->8494348181",
      "properties": {
        "capacity_vph": 1800.0,
        "complexity": 0.0,
        "free_flow_min": 0.23405023774580191,
        "legal": true,
        "risk_index": 0.0,
        "source": "8494348180",
        "target": "8494348181"
      },
      "type": "Feature"
    },
    {
      "geometry": {
        "coordinates": [
          [
            127.0296411,
            37.4979909
          ],
          [
            127.0302159,
            37.4968648
          ]
        ],
        "type": "LineString"
      },
      "id": "8494348181->3144858730",
      "properties": {
        "capacity_vph": 1800.0,
        "complexity": 0.0,
        "free_flow_min": 0.2701897970742864,
        "legal": true,
        "risk_index": 0.0,
        "source": "8494348181",
        "target": "3144858730"
      },
      "type": "Feature"
    },
    {
      "geometry": {
        "coordinates": [
          [
            127.0296411,
            37.4979909
          ],
          [
            127.0304695,
            37.4982365
          ]
        ],
        "type": "LineString"
      },
      "id": "8494348181->8494348180",
      "properties": {
        "capacity_vph": 1800.0,
        "complexity": 0.0,
        "free_flow_min": 0.23405023774580191,
        "legal": true,
        "risk_index": 0.0,
        "source": "8494348181",
        "target": "8494348180"
      },
      "type": "Feature"
    },
    {
      "geometry": {
        "coordinates": [
          [
            127.0296411,
            37.4979909
          ],
          [
            127.0294788,
            37.4983108
          ]
        ],
        "type": "LineString"
      },
      "id": "8494348181->9889607760",
      "properties": {
        "capacity_vph": 1800.0,
        "complexity": 0.0,
        "free_flow_min": 0.07668955960058094,
        "legal": true,
        "risk_index": 0.0,
        "source": "8494348181",
        "target": "9889607760"
      },
      "type": "Feature"
    },
    {
      "geometry": {
        "coordinates": [
          [
            127.0363387,
            37.5005166
          ],
          [
            127.0367367,
            37.5006354
          ]
        ],
        "type": "LineString"
      },
      "id": "8552337603->9889607775",
      "properties": {
        "capacity_vph": 1800.0,
        "complexity": 0.0,
        "free_flow_min": 0.03751295655294425,
        "legal": true,
        "risk_index": 0.0,
        "source": "8552337603",
        "target": "9889607775"
      },
      "type": "Feature"
    },
    {
      "geometry": {
        "coordinates": [
          [
            127.0362948,
            37.5007244
          ],
          [
            127.0355884,
            37.5005054
          ]
        ],
        "type": "LineString"
      },
      "id": "8552337604->2280678716",
      "properties": {
        "capacity_vph": 9000.0,
        "complexity": 0.0,
        "free_flow_min": 0.06690505348855384,
        "legal": true,
        "risk_index": 0.0,
        "source": "8552337604",
        "target": "2280678716"
      },
      "type": "Feature"
    },
    {
      "geometry": {
        "coordinates": [
          [
            127.0359367,
            37.5003987
          ],
          [
            127.0363387,
            37.5005166
          ]
        ],
        "type": "LineString"
      },
      "id": "8556713272->8552337603",
      "properties": {
        "capacity_vph": 1800.0,
        "complexity": 0.0,
        "free_flow_min": 0.03780865897571487,
        "legal": true,
        "risk_index": 0.0,
        "source": "8556713272",
        "target": "8552337603"
      },
      "type": "Feature"
    },
    {
      "geometry": {
        "coordinates": [
          [
            127.0280842,
            37.4978713
          ],
          [
            127.0281765,
            37.4979741
          ]
        ],
        "type": "LineString"
      },
      "id": "9230542311->8494274556",
      "properties": {
        "capacity_vph": 1800.0,
        "complexity": 0.0,
        "free_flow_min": 0.02806900438841992,
        "legal": true,
        "risk_index": 0.0,
        "source": "9230542311",
        "target": "8494274556"
      },
      "type": "Feature"
    },
    {
      "geometry": {
        "coordinates": [
          [
            127.0274312,
            37.4976763
          ],
          [
            127.0275234,
            37.4976264
          ]
        ],
        "type": "LineString"
      },
      "id": "9230542312->9230542313",
      "properties": {
        "capacity_vph": 1800.0,
        "complexity": 0.0,
        "free_flow_min": 0.01969233946115725,
        "legal": true,
        "risk_index": 0.0,
        "source": "9230542312",
        "target": "9230542313"
      },
      "type": "Feature"
    },
    {
      "geometry": {
        "coordinates": [
          [
            127.0275234,
            37.4976264
          ],
          [
            127.0275881,
            37.4975833
          ]
        ],
        "type": "LineString"
      },
      "id": "9230542313->8489896379",
      "properties": {
        "capacity_vph": 1800.0,
        "complexity": 0.0,
        "free_flow_min": 0.014906021206931812,
        "legal": true,
        "risk_index": 0.0,
        "source": "9230542313",
        "target": "8489896379"
      },
      "type": "Feature"
    },
    {
      "geometry": {
        "coordinates": [
          [
            127.0272295,
            37.4977254
          ],
          [
            127.027348,
            37.4977036
          ]
        ],
        "type": "LineString"
      },
      "id": "9230542314->8489896380",
      "properties": {
        "capacity_vph": 1800.0,
        "complexity": 0.0,
        "free_flow_min": 0.021462790064251974,
        "legal": true,
        "risk_index": 0.0,
        "source": "9230542314",
        "target": "8489896380"
      },
      "type": "Feature"
    },
    {
      "geometry": {
        "coordinates": [
          [
            127.0272022,
            37.4980265
          ],
          [
            127.0271574,
            37.4979697
          ]
        ],
        "type": "LineString"
      },
      "id": "9230542315->3101785826",
      "properties": {
        "capacity_vph": 1800.0,
        "complexity": 0.0,
        "free_flow_min": 0.01490106650617613,
        "legal": true,
        "risk_index": 0.0,
        "source": "9230542315",
        "target": "3101785826"
      },
      "type": "Feature"
    },
    {
      "geometry": {
        "coordinates": [
          [
            127.0278672,
            37.4982693
          ],
          [
            127.0277758,
            37.4982962
          ]
        ],
        "type": "LineString"
      },
      "id": "9230542316->9230557520",
      "properties": {
        "capacity_vph": 1800.0,
        "complexity": 0.0,
        "free_flow_min": 0.017200285051349677,
        "legal": true,
        "risk_index": 0.0,
        "source": "9230542316",
        "target": "9230557520"
      },
      "type": "Feature"
    },
    {
      "geometry": {
        "coordinates": [
          [
            127.0280813,
            37.4982554
          ],
          [
            127.0279697,
            37.4982561
          ]
        ],
        "type": "LineString"
      },
      "id": "9230557517->3089780838",
      "properties": {
        "capacity_vph": 1800.0,
        "complexity": 0.0,
        "free_flow_min": 0.01969110710340034,
        "legal": true,
        "risk_index": 0.0,
        "source": "9230557517",
        "target": "3089780838"
      },
      "type": "Feature"
    },
    {
      "geometry": {
        "coordinates": [
          [
            127.0282155,
            37.4982636
          ],
          [
            127.0280813,
            37.4982554
          ]
        ],
        "type": "LineString"
      },
      "id": "9230557518->9230557517",
      "properties": {
        "capacity_vph": 1800.0,
        "complexity": 0.0,
        "free_flow_min": 0.02374811148523535,
        "legal": true,
        "risk_index": 0.0,
        "source": "9230557518",
        "target": "9230557517"
      },
      "type": "Feature"
    },
    {
      "geometry": {
        "coordinates": [
          [
            127.0276926,
            37.4983324
          ],
          [
            127.0275934,
            37.4983913
          ]
        ],
        "type": "LineString"
      },
      "id": "9230557519->2477260922",
      "properties": {
        "capacity_vph": 1800.0,
        "complexity": 0.0,
        "free_flow_min": 0.021861387471662833,
        "legal": true,
        "risk_index": 0.0,
        "source": "9230557519",
        "target": "2477260922"
      },
      "type": "Feature"
    },
    {
      "geometry": {
        "coordinates": [
          [
            127.0277758,
            37.4982962
          ],
          [
            127.0276926,
            37.4983324
          ]
        ],
        "type": "LineString"
      },
      "id": "9230557520->9230557519",
      "properties": {
        "capacity_vph": 1800.0,
        "complexity": 0.0,
        "free_flow_min": 0.01674224335533358,
        "legal": true,
        "risk_index": 0.0,
        "source": "9230557520",
        "target": "9230557519"
      },
      "type": "Feature"
    },
    {
      "geometry": {
        "coordinates": [
          [
            127.0270856,
            37.4979193
          ],
          [
            127.0269036,
            37.497806
          ]
        ],
        "type": "LineString"
      },
      "id": "9230557521->8489896381",
      "properties": {
        "capacity_vph": 1800.0,
        "complexity": 0.0,
        "free_flow_min": 0.040817316153965166,
        "legal": true,
        "risk_index": 0.0,
        "source": "9230557521",
        "target": "8489896381"
      },
      "type": "Feature"
    },
    {
      "geometry": {
        "coordinates": [
          [
            127.0272472,
            37.498139
          ],
          [
            127.027231,
            37.4980832
          ]
        ],
        "type": "LineString"
      },
      "id": "9230557522->3101785827",
      "properties": {
        "capacity_vph": 1800.0,
        "complexity": 0.0,
        "free_flow_min": 0.01273429942834173,
        "legal": true,
        "risk_index": 0.0,
        "source": "9230557522",
        "target": "3101785827"
      },
      "type": "Feature"
    },
    {
      "geometry": {
        "coordinates": [
          [
            127.0270739,
            37.4988252
          ],
          [
            127.0271815,
            37.4985857
          ]
        ],
        "type": "LineString"
      },
      "id": "9230557523->9632500767",
      "properties": {
        "capacity_vph": 9000.0,
        "complexity": 0.0,
        "free_flow_min": 0.0339268240812261,
        "legal": true,
        "risk_index": 0.0,
        "source": "9230557523",
        "target": "9632500767"
      },
      "type": "Feature"
    },
    {
      "geometry": {
        "coordinates": [
          [
            127.0250541,
            37.4973224
          ],
          [
            127.025046,
            37.4973392
          ]
        ],
        "type": "LineString"
      },
      "id": "9608955342->12061682124",
      "properties": {
        "capacity_vph": 1800.0,
        "complexity": 0.0,
        "free_flow_min": 0.006000256533242113,
        "legal": true,
        "risk_index": 0.0,
        "source": "9608955342",
        "target": "12061682124"
      },
      "type": "Feature"
    },
    {
      "geometry": {
        "coordinates": [
          [
            127.0250541,
            37.4973224
          ],
          [
            127.0250866,
            37.4972561
          ]
        ],
        "type": "LineString"
      },
      "id": "9608955342->3089780844",
      "properties": {
        "capacity_vph": 1800.0,
        "complexity": 0.0,
        "free_flow_min": 0.023730439218189726,
        "legal": true,
        "risk_index": 0.0,
        "source": "9608955342",
        "target": "3089780844"
      },
      "type": "Feature"
    },
    {
      "geometry": {
        "coordinates": [
          [
            127.0257082,
            37.4979247
          ],
          [
            127.025242,
            37.4988965
          ]
        ],
        "type": "LineString"
      },
      "id": "9608955343->12061673699",
      "properties": {
        "capacity_vph": 1800.0,
        "complexity": 0.0,
        "free_flow_min": 0.23124283144774602,
        "legal": true,
        "risk_index": 0.0,
        "source": "9608955343",
        "target": "12061673699"
      },
      "type": "Feature"
    },
    {
      "geometry": {
        "coordinates": [
          [
            127.0257082,
            37.4979247
          ],
          [
            127.0258517,
            37.4976251
          ]
        ],
        "type": "LineString"
      },
      "id": "9608955343->9889607759",
      "properties": {
        "capacity_vph": 1800.0,
        "complexity": 0.0,
        "free_flow_min": 0.07127661565198806,
        "legal": true,
        "risk_index": 0.0,
        "source": "9608955343",
        "target": "9889607759"
      },
      "type": "Feature"
    },
    {
      "geometry": {
        "coordinates": [
          [
            127.0256533,
            37.4960758
          ],
          [
            127.0255187,
            37.4963641
          ]
        ],
        "type": "LineString"
      },
      "id": "9621002369->2690624934",
      "properties": {
        "capacity_vph": 3600.0,
        "complexity": 0.0,
        "free_flow_min": 0.10255842507237226,
        "legal": true,
        "risk_index": 0.0,
        "source": "9621002369",
        "target": "2690624934"
      },
      "type": "Feature"
    },
    {
      "geometry": {
        "coordinates": [
          [
            127.0256533,
            37.4960758
          ],
          [
            127.0256821,
            37.4960141
          ]
        ],
        "type": "LineString"
      },
      "id": "9621002369->3825549702",
      "properties": {
        "capacity_vph": 3600.0,
        "complexity": 0.0,
        "free_flow_min": 0.02194829342157304,
        "legal": true,
        "risk_index": 0.0,
        "source": "9621002369",
        "target": "3825549702"
      },
      "type": "Feature"
    },
    {
      "geometry": {
        "coordinates": [
          [
            127.0252093,
            37.4970268
          ],
          [
            127.0251523,
            37.4971395
          ]
        ],
        "type": "LineString"
      },
      "id": "9621002490->10220955577",
      "properties": {
        "capacity_vph": 3600.0,
        "complexity": 0.0,
        "free_flow_min": 0.04050884414761984,
        "legal": true,
        "risk_index": 0.0,
        "source": "9621002490",
        "target": "10220955577"
      },
      "type": "Feature"
    },
    {
      "geometry": {
        "coordinates": [
          [
            127.0252093,
            37.4970268
          ],
          [
            127.0255187,
            37.4963641
          ]
        ],
        "type": "LineString"
      },
      "id": "9621002490->2690624934",
      "properties": {
        "capacity_vph": 3600.0,
        "complexity": 0.0,
        "free_flow_min": 0.23574565120568514,
        "legal": true,
        "risk_index": 0.0,
        "source": "9621002490",
        "target": "2690624934"
      },
      "type": "Feature"
    },
    {
      "geometry": {
        "coordinates": [
          [
            127.0264768,
            37.4963072
          ],
          [
            127.0263396,
            37.4965785
          ]
        ],
        "type": "LineString"
      },
      "id": "9621002492->2690624936",
      "properties": {
        "capacity_vph": 7200.0,
        "complexity": 0.0,
        "free_flow_min": 0.06500975379458107,
        "legal": true,
        "risk_index": 0.0,
        "source": "9621002492",
        "target": "2690624936"
      },
      "type": "Feature"
    },
    {
      "geometry": {
        "coordinates": [
          [
            127.0264768,
            37.4963072
          ],
          [
            127.026492,
            37.4962741
          ]
        ],
        "type": "LineString"
      },
      "id": "9621002492->3825549715",
      "properties": {
        "capacity_vph": 7200.0,
        "complexity": 0.0,
        "free_flow_min": 0.007834459179316381,
        "legal": true,
        "risk_index": 0.0,
        "source": "9621002492",
        "target": "3825549715"
      },
      "type": "Feature"
    },
    {
      "geometry": {
        "coordinates": [
          [
            127.0262448,
            37.4967772
          ],
          [
            127.0263396,
            37.4965785
          ]
        ],
        "type": "LineString"
      },
      "id": "9621002493->2690624936",
      "properties": {
        "capacity_vph": 7200.0,
        "complexity": 0.0,
        "free_flow_min": 0.04724873625362013,
        "legal": true,
        "risk_index": 0.0,
        "source": "9621002493",
        "target": "2690624936"
      },
      "type": "Feature"
    },
    {
      "geometry": {
        "coordinates": [
          [
            127.0262448,
            37.4967772
          ],
          [
            127.0259977,
            37.4972697
          ]
        ],
        "type": "LineString"
      },
      "id": "9621002493->9621002495",
      "properties": {
        "capacity_vph": 7200.0,
        "complexity": 0.0,
        "free_flow_min": 0.11788567800754961,
        "legal": true,
        "risk_index": 0.0,
        "source": "9621002493",
        "target": "9621002495"
      },
      "type": "Feature"
    },
    {
      "geometry": {
        "coordinates": [
          [
            127.0259977,
            37.4972697
          ],
          [
            127.0259418,
            37.497384
          ]
        ],
        "type": "LineString"
      },
      "id": "9621002495->10220955578",
      "properties": {
        "capacity_vph": 7200.0,
        "complexity": 0.0,
        "free_flow_min": 0.027265628632113643,
        "legal": true,
        "risk_index": 0.0,
        "source": "9621002495",
        "target": "10220955578"
      },
      "type": "Feature"
    },
    {
      "geometry": {
        "coordinates": [
          [
            127.0259977,
            37.4972697
          ],
          [
            127.0262448,
            37.4967772
          ]
        ],
        "type": "LineString"
      },
      "id": "9621002495->9621002493",
      "properties": {
        "capacity_vph": 7200.0,
        "complexity": 0.0,
        "free_flow_min": 0.11788567800754961,
        "legal": true,
        "risk_index": 0.0,
        "source": "9621002495",
        "target": "9621002493"
      },
      "type": "Feature"
    },
    {
      "geometry": {
        "coordinates": [
          [
            127.0269768,
            37.4975349
          ],
          [
            127.0271562,
            37.4971801
          ]
        ],
        "type": "LineString"
      },
      "id": "9621002503->9711448980",
      "properties": {
        "capacity_vph": 1800.0,
        "complexity": 0.0,
        "free_flow_min": 0.1275245443805569,
        "legal": true,
        "risk_index": 0.0,
        "source": "9621002503",
        "target": "9711448980"
      },
      "type": "Feature"
    },
    {
      "geometry": {
        "coordinates": [
          [
            127.0279619,
            37.4976276
          ],
          [
            127.0279709,
            37.4976549
          ]
        ],
        "type": "LineString"
      },
      "id": "9621002504->8494274558",
      "properties": {
        "capacity_vph": 1800.0,
        "complexity": 0.0,
        "free_flow_min": 0.006275483840076533,
        "legal": true,
        "risk_index": 0.0,
        "source": "9621002504",
        "target": "8494274558"
      },
      "type": "Feature"
    },
    {
      "geometry": {
        "coordinates": [
          [
            127.0258596,
            37.4956341
          ],
          [
            127.0258925,
            37.4955636
          ]
        ],
        "type": "LineString"
      },
      "id": "9623430996->2690624940",
      "properties": {
        "capacity_vph": 3600.0,
        "complexity": 0.0,
        "free_flow_min": 0.02507800007646132,
        "legal": true,
        "risk_index": 0.0,
        "source": "9623430996",
        "target": "2690624940"
      },
      "type": "Feature"
    },
    {
      "geometry": {
        "coordinates": [
          [
            127.0258596,
            37.4956341
          ],
          [
            127.0256821,
            37.4960141
          ]
        ],
        "type": "LineString"
      },
      "id": "9623430996->3825549702",
      "properties": {
        "capacity_vph": 3600.0,
        "complexity": 0.0,
        "free_flow_min": 0.13518747225602462,
        "legal": true,
        "risk_index": 0.0,
        "source": "9623430996",
        "target": "3825549702"
      },
      "type": "Feature"
    },
    {
      "geometry": {
        "coordinates": [
          [
            127.0248025,
            37.4998096
          ],
          [
            127.0251813,
            37.4990227
          ]
        ],
        "type": "LineString"
      },
      "id": "9625998726->12061673697",
      "properties": {
        "capacity_vph": 1800.0,
        "complexity": 0.0,
        "free_flow_min": 0.1873268032883913,
        "legal": true,
        "risk_index": 0.0,
        "source": "9625998726",
        "target": "12061673697"
      },
      "type": "Feature"
    },
    {
      "geometry": {
        "coordinates": [
          [
            127.0248025,
            37.4998096
          ],
          [
            127.0246791,
            37.5000574
          ]
        ],
        "type": "LineString"
      },
      "id": "9625998726->9625998727",
      "properties": {
        "capacity_vph": 1800.0,
        "complexity": 0.0,
        "free_flow_min": 0.05925319812933907,
        "legal": true,
        "risk_index": 0.0,
        "source": "9625998726",
        "target": "9625998727"
      },
      "type": "Feature"
    },
    {
      "geometry": {
        "coordinates": [
          [
            127.0246791,
            37.5000574
          ],
          [
            127.0245976,
            37.5002326
          ]
        ],
        "type": "LineString"
      },
      "id": "9625998727->1430655021",
      "properties": {
        "capacity_vph": 1800.0,
        "complexity": 0.0,
        "free_flow_min": 0.0415314557475141,
        "legal": true,
        "risk_index": 0.0,
        "source": "9625998727",
        "target": "1430655021"
      },
      "type": "Feature"
    },
    {
      "geometry": {
        "coordinates": [
          [
            127.0246791,
            37.5000574
          ],
          [
            127.0248025,
            37.4998096
          ]
        ],
        "type": "LineString"
      },
      "id": "9625998727->9625998726",
      "properties": {
        "capacity_vph": 1800.0,
        "complexity": 0.0,
        "free_flow_min": 0.05925319812933907,
        "legal": true,
        "risk_index": 0.0,
        "source": "9625998727",
        "target": "9625998726"
      },
      "type": "Feature"
    },
    {
      "geometry": {
        "coordinates": [
          [
            127.0282953,
            37.4984336
          ],
          [
            127.0281278,
            37.4987722
          ]
        ],
        "type": "LineString"
      },
      "id": "9632500724->2477260916",
      "properties": {
        "capacity_vph": 1800.0,
        "complexity": 0.0,
        "free_flow_min": 0.0808930236129956,
        "legal": true,
        "risk_index": 0.0,
        "source": "9632500724",
        "target": "2477260916"
      },
      "type": "Feature"
    },
    {
      "geometry": {
        "coordinates": [
          [
            127.0271093,
            37.4995861
          ],
          [
            127.02767,
            37.4997601
          ]
        ],
        "type": "LineString"
      },
      "id": "9632500737->1430674339",
      "properties": {
        "capacity_vph": 1800.0,
        "complexity": 0.0,
        "free_flow_min": 0.10622577799301208,
        "legal": true,
        "risk_index": 0.0,
        "source": "9632500737",
        "target": "1430674339"
      },
      "type": "Feature"
    },
    {
      "geometry": {
        "coordinates": [
          [
            127.0271093,
            37.4995861
          ],
          [
            127.0269934,
            37.499549
          ]
        ],
        "type": "LineString"
      },
      "id": "9632500737->2280678694",
      "properties": {
        "capacity_vph": 1800.0,
        "complexity": 0.0,
        "free_flow_min": 0.022050572016033384,
        "legal": true,
        "risk_index": 0.0,
        "source": "9632500737",
        "target": "2280678694"
      },
      "type": "Feature"
    },
    {
      "geometry": {
        "coordinates": [
          [
            127.0267069,
            37.5004435
          ],
          [
            127.0265817,
            37.5004088
          ]
        ],
        "type": "LineString"
      },
      "id": "9632500741->3827606155",
      "properties": {
        "capacity_vph": 1800.0,
        "complexity": 0.0,
        "free_flow_min": 0.014039142002480099,
        "legal": true,
        "risk_index": 0.0,
        "source": "9632500741",
        "target": "3827606155"
      },
      "type": "Feature"
    },
    {
      "geometry": {
        "coordinates": [
          [
            127.0263057,
            37.5012818
          ],
          [
            127.0267333,
            37.5017209
          ]
        ],
        "type": "LineString"
      },
      "id": "9632500744->1430656087",
      "properties": {
        "capacity_vph": 1800.0,
        "complexity": 0.0,
        "free_flow_min": 0.12339879266838275,
        "legal": true,
        "risk_index": 0.0,
        "source": "9632500744",
        "target": "1430656087"
      },
      "type": "Feature"
    },
    {
      "geometry": {
        "coordinates": [
          [
            127.0263057,
            37.5012818
          ],
          [
            127.0262358,
            37.5012243
          ]
        ],
        "type": "LineString"
      },
      "id": "9632500744->2280678745",
      "properties": {
        "capacity_vph": 1800.0,
        "complexity": 0.0,
        "free_flow_min": 0.017765407991393874,
        "legal": true,
        "risk_index": 0.0,
        "source": "9632500744",
        "target": "2280678745"
      },
      "type": "Feature"
    },
    {
      "geometry": {
        "coordinates": [
          [
            127.0271815,
            37.4985857
          ],
          [
            127.0272447,
            37.4984526
          ]
        ],
        "type": "LineString"
      },
      "id": "9632500767->3101791329",
      "properties": {
        "capacity_vph": 9000.0,
        "complexity": 0.0,
        "free_flow_min": 0.018978495459392203,
        "legal": true,
        "risk_index": 0.0,
        "source": "9632500767",
        "target": "3101791329"
      },
      "type": "Feature"
    },
    {
      "geometry": {
        "coordinates": [
          [
            127.0243847,
            37.4970337
          ],
          [
            127.0243451,
            37.4970212
          ]
        ],
        "type": "LineString"
      },
      "id": "9711448901->11245176923",
      "properties": {
        "capacity_vph": 1800.0,
        "complexity": 0.0,
        "free_flow_min": 0.0037598794525283206,
        "legal": true,
        "risk_index": 0.0,
        "source": "9711448901",
        "target": "11245176923"
      },
      "type": "Feature"
    },
    {
      "geometry": {
        "coordinates": [
          [
            127.0276682,
            37.4961675
          ],
          [
            127.027701,
            37.4961026
          ]
        ],
        "type": "LineString"
      },
      "id": "9711448979->571448492",
      "properties": {
        "capacity_vph": 3600.0,
        "complexity": 0.0,
        "free_flow_min": 0.023325276276470724,
        "legal": true,
        "risk_index": 0.0,
        "source": "9711448979",
        "target": "571448492"
      },
      "type": "Feature"
    },
    {
      "geometry": {
        "coordinates": [
          [
            127.0276682,
            37.4961675
          ],
          [
            127.0271562,
            37.4971801
          ]
        ],
        "type": "LineString"
      },
      "id": "9711448979->9711448980",
      "properties": {
        "capacity_vph": 3600.0,
        "complexity": 0.0,
        "free_flow_min": 0.3639550103657742,
        "legal": true,
        "risk_index": 0.0,
        "source": "9711448979",
        "target": "9711448980"
      },
      "type": "Feature"
    },
    {
      "geometry": {
        "coordinates": [
          [
            127.0271562,
            37.4971801
          ],
          [
            127.0276682,
            37.4961675
          ]
        ],
        "type": "LineString"
      },
      "id": "9711448980->9711448979",
      "properties": {
        "capacity_vph": 3600.0,
        "complexity": 0.0,
        "free_flow_min": 0.3639550103657742,
        "legal": true,
        "risk_index": 0.0,
        "source": "9711448980",
        "target": "9711448979"
      },
      "type": "Feature"
    },
    {
      "geometry": {
        "coordinates": [
          [
            127.0258517,
            37.4976251
          ],
          [
            127.0258706,
            37.4975876
          ]
        ],
        "type": "LineString"
      },
      "id": "9889607759->12061682123",
      "properties": {
        "capacity_vph": 1800.0,
        "complexity": 0.0,
        "free_flow_min": 0.008981632922548607,
        "legal": true,
        "risk_index": 0.0,
        "source": "9889607759",
        "target": "12061682123"
      },
      "type": "Feature"
    },
    {
      "geometry": {
        "coordinates": [
          [
            127.0258517,
            37.4976251
          ],
          [
            127.0257082,
            37.4979247
          ]
        ],
        "type": "LineString"
      },
      "id": "9889607759->9608955343",
      "properties": {
        "capacity_vph": 1800.0,
        "complexity": 0.0,
        "free_flow_min": 0.07127661565198806,
        "legal": true,
        "risk_index": 0.0,
        "source": "9889607759",
        "target": "9608955343"
      },
      "type": "Feature"
    },
    {
      "geometry": {
        "coordinates": [
          [
            127.0294788,
            37.4983108
          ],
          [
            127.0294489,
            37.4983715
          ]
        ],
        "type": "LineString"
      },
      "id": "9889607760->13925231596",
      "properties": {
        "capacity_vph": 1800.0,
        "complexity": 0.0,
        "free_flow_min": 0.014493310949634682,
        "legal": true,
        "risk_index": 0.0,
        "source": "9889607760",
        "target": "13925231596"
      },
      "type": "Feature"
    },
    {
      "geometry": {
        "coordinates": [
          [
            127.0294788,
            37.4983108
          ],
          [
            127.0296411,
            37.4979909
          ]
        ],
        "type": "LineString"
      },
      "id": "9889607760->8494348181",
      "properties": {
        "capacity_vph": 1800.0,
        "complexity": 0.0,
        "free_flow_min": 0.07668955960058094,
        "legal": true,
        "risk_index": 0.0,
        "source": "9889607760",
        "target": "8494348181"
      },
      "type": "Feature"
    },
    {
      "geometry": {
        "coordinates": [
          [
            127.0297916,
            37.4988163
          ],
          [
            127.0296209,
            37.4992073
          ]
        ],
        "type": "LineString"
      },
      "id": "9889607761->1430656077",
      "properties": {
        "capacity_vph": 1800.0,
        "complexity": 0.0,
        "free_flow_min": 0.09202265370230658,
        "legal": true,
        "risk_index": 0.0,
        "source": "9889607761",
        "target": "1430656077"
      },
      "type": "Feature"
    },
    {
      "geometry": {
        "coordinates": [
          [
            127.0297916,
            37.4988163
          ],
          [
            127.0298353,
            37.4987176
          ]
        ],
        "type": "LineString"
      },
      "id": "9889607761->2280678664",
      "properties": {
        "capacity_vph": 1800.0,
        "complexity": 0.0,
        "free_flow_min": 0.023264717973196927,
        "legal": true,
        "risk_index": 0.0,
        "source": "9889607761",
        "target": "2280678664"
      },
      "type": "Feature"
    },
    {
      "geometry": {
        "coordinates": [
          [
            127.0312231,
            37.4991493
          ],
          [
            127.0310001,
            37.4990814
          ]
        ],
        "type": "LineString"
      },
      "id": "9889607762->2280678672",
      "properties": {
        "capacity_vph": 9000.0,
        "complexity": 0.0,
        "free_flow_min": 0.021071704705087443,
        "legal": true,
        "risk_index": 0.0,
        "source": "9889607762",
        "target": "2280678672"
      },
      "type": "Feature"
    },
    {
      "geometry": {
        "coordinates": [
          [
            127.0312957,
            37.499003
          ],
          [
            127.0320017,
            37.4992091
          ]
        ],
        "type": "LineString"
      },
      "id": "9889607763->2280678677",
      "properties": {
        "capacity_vph": 1800.0,
        "complexity": 0.0,
        "free_flow_min": 0.06636447008705806,
        "legal": true,
        "risk_index": 0.0,
        "source": "9889607763",
        "target": "2280678677"
      },
      "type": "Feature"
    },
    {
      "geometry": {
        "coordinates": [
          [
            127.0308964,
            37.4988829
          ],
          [
            127.0310733,
            37.4989338
          ]
        ],
        "type": "LineString"
      },
      "id": "9889607765->2280678667",
      "properties": {
        "capacity_vph": 1800.0,
        "complexity": 0.0,
        "free_flow_min": 0.016600454277932223,
        "legal": true,
        "risk_index": 0.0,
        "source": "9889607765",
        "target": "2280678667"
      },
      "type": "Feature"
    },
    {
      "geometry": {
        "coordinates": [
          [
            127.0308263,
            37.4990249
          ],
          [
            127.0298353,
            37.4987176
          ]
        ],
        "type": "LineString"
      },
      "id": "9889607766->2280678664",
      "properties": {
        "capacity_vph": 9000.0,
        "complexity": 0.0,
        "free_flow_min": 0.09386492448523431,
        "legal": true,
        "risk_index": 0.0,
        "source": "9889607766",
        "target": "2280678664"
      },
      "type": "Feature"
    },
    {
      "geometry": {
        "coordinates": [
          [
            127.0367367,
            37.5006354
          ],
          [
            127.0369935,
            37.5007121
          ]
        ],
        "type": "LineString"
      },
      "id": "9889607775->2280678728",
      "properties": {
        "capacity_vph": 1800.0,
        "complexity": 0.0,
        "free_flow_min": 0.024206158223578928,
        "legal": true,
        "risk_index": 0.0,
        "source": "9889607775",
        "target": "2280678728"
      },
      "type": "Feature"
    },
    {
      "geometry": {
        "coordinates": [
          [
            127.0366468,
            37.5008276
          ],
          [
            127.0362948,
            37.5007244
          ]
        ],
        "type": "LineString"
      },
      "id": "9889607776->8552337604",
      "properties": {
        "capacity_vph": 9000.0,
        "complexity": 0.0,
        "free_flow_min": 0.03310458436435677,
        "legal": true,
        "risk_index": 0.0,
        "source": "9889607776",
        "target": "8552337604"
      },
      "type": "Feature"
    }
  ],
  "name": "gangnam_intersection_largest_component",
  "type": "FeatureCollection"
}
